Eqn,Compound Number,Name,Formula,CAS,Mol. Wt.,C1,C2,C3,C4,"Tmin, K",Density at Tmin,"Tmax, K",Density at Tmax
105,1,Acetaldehyde,C2H4O,75-36708,44.05256,1.711365,0.26355,466,0.28571,149.078,21.423,466.00,6.4935
105,2,Acetamide,C2H5NO,60-35-5,59.0672,1.016,0.21845,761,0.26116,353.033,16.936,761.00,4.659
105,3,Aceticacid,C2H4O2,64-19-7,60.052,1.4486,0.25892,59195,0.2529,289.081,17.492,591.095,5.5948
105,4,Aceticanhydride,C4H6O3,108-24-7,102.08864,0.79388,0.24119,606,0.29817,200.015,11.626,606.00,3.2915
105,5,Acetone,C3H6O,67-64-1,58.07914,1.2332,0.25886,5082,0.2913,178.045,15.683,508.020,4.7640
105,6,Acetonitrile,C2H3N,75-43959,41.0519,1.0693,0.2656,5455,0.24699,229.032,20.544,545.050,5.1767
105,7,Acetylene,C2H2,74-86-2,26.03728,2.457,0.27448,3083,0.28752,192.040,23.692,308.030,8.9285
105,8,Acrolein,C3H4O,107-43869,56.06326,1.3261,0.26124,506,0.2489,185.045,16.822,506.00,5.0762
105,9,Acrylicacid,C3H4O2,79-44111,72.06266,1.2414,0.25822,615,0.3701,286.015,14.693,615.00,4.875
105,10,Acrylonitrile,C3H3N,107-13-1,53.0626,1.0379,0.22465,540,0.28921,189.063,17.254,540.00,4.621
105,11,Air,Mixture,132259-36800,28.96,2.8963,0.26733,13245,0.27341,59.15,33.279,132.045,10.8340
105,12,Ammonia,H3N,7664-41-7,17.03052,3.5383,0.25443,40565,0.2888,195.041,43.141,405.065,13.970
105,13,Anisole,C7H8O,100-66-3,108.013782,0.77488,0.26114,6456,0.28234,235.065,9.6675,645.060,2.9673
105,14,Argon,Ar,7440-37-1,39.948,3.8469,0.2881,15086,0.29783,83.78,35.491,150.086,13.3530
105,15,Benzamide,C7H7NO,55-21-0,121.013658,0.7371,0.25487,824,0.28571,403.00,8.9381,824.00,2.8921
105,16,Benzene,C6H6,71-43-2,78.11184,1.0259,0.26666,5625,0.28394,278.068,11.422,562.05,3.8472
105,17,Benzenethiol,C6H6S,108-98-5,110.017684,0.83573,0.26326,689,0.3798,258.027,10.074,689.00,3.1745
105,18,Benzoicacid,C7H6O2,65-85-0,122.012134,0.71587,0.24812,751,0.2857,395.045,8.8935,751.00,2.8852
105,19,Benzonitrile,C7H5N,100-47-0,103.01213,0.72184,0.24606,7023,0.28789,260.028,10.08,702.030,2.9336
105,20,Benzophenone,C13H10O,119-61-9,182.02179,0.43743,0.24833,830,0.27555,321.035,5.9496,830.00,1.7615
105,21,Benzylalcohol,C7H8O,100-51-6,108.013782,0.59867,0.22849,72015,0.23567,257.085,9.951,720.015,2.621
105,22,Benzylethylether,C9H12O,539-30-0,136.019098,0.6917,0.26925,662,0.2632,275.065,7.0651,662.00,2.2625
105,23,Benzylmercaptan,C7H8S,100-53-8,124.020342,0.7797,0.25982,718,0.32144,243.095,8.8623,718.00,2.7248
105,24,Biphenyl,C12H10,92-52-4,154.02078,0.52257,0.25833,773,0.2726,342.020,6.4251,773.00,2.0229
105,25,Bromine,Br2,6-95-6,159.0808,2.1872,0.29527,58415,0.3295,265.085,20.19,584.015,7.475
105,26,Bromobenzene,C6H5Br,108-86-1,157.079,0.8226,0.26632,67015,0.2821,242.043,9.987,670.015,3.0888
105,27,Bromoethane,C2H5Br,74-96-4,108.0965,1.3285,0.278,5038,0.312,154.025,15.89,503.080,4.958
105,28,Bromomethane,CH3Br,74-83-9,94.93852,1.796,0.2765,464,0.28947,173.00,20.787,464.00,6.6359
105,29,"1,2-Butadiene",C4H6,590-19-2,54.09044,1.187,0.26114,452,0.365,136.095,15.123,452.00,4.5455
105,30,"1,3-Butadiene",C4H6,106-99-0,54.09044,1.2346,0.27216,425,0.28707,164.025,14.058,425.00,4.5363
105,31,Butane,C4H10,106-97-8,58.1222,1.0677,0.27188,42512,0.28688,134.086,12.62,425.012,3.9271
105,32,"1,2-Butanediol",C4H10O2,584-43892,90.121,0.81696,0.24755,680,0.24535,220.00,11.734,680.00,3.32
105,33,"1,3-Butanediol",C4H10O2,107-88-0,90.121,0.81856,0.24967,676,0.2223,196.015,11.872,676.00,3.2786
105,34,1-Butanol,C4H10O,71-36-3,74.1216,0.98279,0.2683,5631,0.25488,183.085,12.035,563.010,3.6630
105,35,2-Butanol,C4H10O,78-92-2,74.1216,0.97552,0.26339,5359,0.26864,158.045,12.473,535.090,3.737
105,36,1-Butene,C4H8,106-98-9,56.1632,1.0877,0.26454,4195,0.2843,87.80,14.264,419.050,4.1117
105,37,cis-2-Butene,C4H8,590-18-1,56.1632,1.1591,0.2785,4355,0.28116,134.026,13.894,435.050,4.2795
105,38,trans-2-Butene,C4H8,624-64-6,56.1632,1.1448,0.27154,4286,0.28419,167.062,13.08,428.060,4.2160
105,39,Butylacetate,C6H12O2,123-86-4,116.015828,0.67794,0.2637,5754,0.29318,199.065,8.3365,575.040,2.579
105,40,Butylbenzene,C10H14,104-51-8,134.021816,0.5812,0.25238,6605,0.29373,185.030,7.0264,660.050,2.0133
105,41,Butylmercaptan,C4H10S,109-79-5,90.1872,0.89458,0.27463,5701,0.28512,157.046,10.585,570.010,3.2574
105,42,sec-Butylmercaptan,C4H10S,513-53-1,90.1872,0.89137,0.27365,554,0.2953,133.02,10.761,554.00,3.2573
105,43,1-Butyne,C4H6,107-00-6,54.09044,1.349,0.27892,440,0.29661,147.043,14.91,440.00,4.875
105,44,Butyraldehyde,C4H8O,123-72-8,72.1572,1.033873,0.266739,5372,0.28571,176.080,12.62,537.020,3.8760
105,45,Butyricacid,C4H8O2,107-92-6,88.151,0.88443,0.25828,6157,0.248,267.095,11.087,615.070,3.4243
105,46,Butyronitrile,C4H7N,109-74-0,69.151,0.79716,0.23168,5854,0.2871,161.030,13.087,585.040,3.448
105,47,Carbondioxide,CO2,124-38-9,44.095,2.768,0.26212,30421,0.298,216.058,26.828,304.021,10.5600
105,48,Carbondisulfide,CS2,75-15-0,76.1407,1.7968,0.28749,552,0.3226,161.011,19.064,552.00,6.250
105,49,Carbonmonoxide,CO,630-36739,28.0101,2.897,0.27532,13292,0.2813,68.15,30.18,132.092,10.5220
105,50,Carbontetrachloride,CCl4,56-23-5,153.08227,0.99835,0.274,55635,0.287,250.033,10.843,556.035,3.6436
105,51,Carbontetrafluoride,CF4,75-73-0,88.043,1.955,0.27884,22751,0.28571,89.56,21.211,227.051,7.0112
105,52,Chlorine,Cl2,7782-50-5,70.96,2.23,0.27645,41715,0.2926,172.012,24.242,417.015,8.0666
105,53,Chlorobenzene,C6H5Cl,108-90-7,112.05569,0.8711,0.26805,63235,0.2799,227.095,10.385,632.035,3.2498
105,54,Chloroethane,C2H5Cl,75-00-3,64.5141,1.39625,0.26867,46035,0.28571,136.075,17.055,460.035,5.1969
105,55,Chloroform,CHCl3,67-66-3,119.037764,1.0841,0.2581,5364,0.2741,209.063,13.72,536.040,4.23
105,56,Chloromethane,CH3Cl,74-87-3,50.4875,1.8651,0.2627,41625,0.28571,175.043,22.272,416.025,7.0997
105,57,1-Chloropropane,C3H7Cl,540-54-5,78.54068,1.12465,0.2728,50315,0.28571,150.035,13.333,503.015,4.1226
105,58,2-Chloropropane,C3H7Cl,75-29-6,78.54068,1.122,0.27669,489,0.27646,155.097,12.855,489.00,4.0486
105,59,m-Cresol,C7H8O,108-39-4,108.013782,0.961,0.28268,70585,0.277,285.039,9.6115,705.085,3.254
105,60,o-Cresol,C7H8O,95-48-7,108.013782,0.95937,0.2882,69755,0.2857,304.019,9.5725,697.055,3.3288
105,61,p-Cresol,C7H8O,106-44-5,108.013782,1.153,0.31861,70465,0.3104,307.093,9.4494,704.065,3.614
105,62,Cumene,C9H12,98-82-8,120.019158,0.58711,0.25583,631,0.28498,177.014,7.9387,631.00,2.2949
105,63,Cyanogen,C2N2,460-19-5,52.0348,1.785,0.26846,40015,0.2679,245.025,18.517,400.015,6.6323
105,64,Cyclobutane,C4H8,287-23-0,56.1632,1.3931,0.29255,45993,0.24913,182.048,14.074,459.093,4.7619
105,65,Cyclohexane,C6H12,110-82-7,84.15948,0.88998,0.27376,5538,0.28571,279.069,9.384,553.080,3.259
105,66,Cyclohexanol,C6H12O,108-93-0,100.015888,0.8243,0.26545,6501,0.28495,296.060,9.4693,650.010,3.153
105,67,Cyclohexanone,C6H10O,108-94-1,98.143,0.86464,0.26888,653,0.29943,242.00,10.09,653.00,3.2157
105,68,Cyclohexene,C6H10,110-83-8,82.1436,0.92997,0.2756,5604,0.28943,169.067,11.16,560.040,3.4372
105,69,Cyclopentane,C5H10,287-92-3,70.1329,1.0897,0.28356,5117,0.25142,179.028,11.96,511.070,3.8429
105,70,Cyclopentene,C5H8,142-29-0,68.11702,1.135,0.2735,507,0.28699,138.013,13.47,507.00,4.0817
105,71,Cyclopropane,C3H6,75-19-4,42.07974,1.7411,0.28205,398,0.29598,145.059,18.658,398.00,6.1730
105,72,Cyclohexylmercaptan,C6H12S,1569-69-3,116.022448,0.78578,0.27882,664,0.3167,189.064,8.948,664.00,2.8182
105,73,Decanal,C10H20O,112-31-2,156.02652,0.478542,0.275162,674,0.28571,285.00,5.2396,674.00,1.7391
105,74,Decane,C10H22,124-18-5,142.028168,0.4184,0.25175,6177,0.28571,243.051,5.3927,617.070,1.6319
105,75,Decanoicacid,C10H20O2,334-48-5,172.0265,0.39348,0.2492,7221,0.28571,304.055,5.189,722.010,1.5790
105,76,1-Decanol,C10H22O,112-30-1,158.02818,0.38208,0.24645,688,0.26125,280.05,5.269,688.00,1.553
105,77,1-Decene,C10H20,872-43960,140.02658,0.43981,0.25661,6166,0.29148,206.089,5.7328,616.060,1.7139
105,78,Decylmercaptan,C10H22S,143-44106,174.034668,0.44289,0.27636,696,0.27668,247.056,5.048,696.00,1.626
105,79,1-Decyne,C10H18,764-93-2,138.024992,0.46877,0.25875,61985,0.29479,229.015,5.8954,619.085,1.8117
105,80,Deuterium,D2,7782-39-0,4.0316,5.2115,0.315,38.35,0.28571,18.73,42.945,38.35,16.5440
105,81,"1,1-Dibromoethane",C2H4Br2,557-91-5,187.086116,0.95523,0.26364,628,0.29825,210.015,11.799,628.00,3.6232
105,82,"1,2-Dibromoethane",C2H4Br2,106-93-4,187.086116,1.0132,0.26634,65015,0.28571,282.085,11.74,650.015,3.842
105,83,Dibromomethane,CH2Br2,74-95-3,173.083458,1.1136,0.24834,611,0.27583,220.060,15.358,611.00,4.4842
105,84,Dibutylether,C8H18O,142-96-1,130.022792,0.55941,0.27243,5841,0.29932,175.030,6.671,584.010,2.0534
105,85,m-Dichlorobenzene,C6H4Cl2,541-73-1,147.0196,0.74495,0.26147,68395,0.31526,248.039,9.127,683.095,2.8491
105,86,o-Dichlorobenzene,C6H4Cl2,95-50-1,147.0196,0.74404,0.26112,705,0.3815,256.015,9.1658,705.00,2.8494
105,87,p-Dichlorobenzene,C6H4Cl2,106-46-7,147.0196,0.74858,0.26276,68475,0.3788,326.014,8.5175,684.075,2.8489
105,88,"1,1-Dichloroethane",C2H4Cl2,75-34-3,98.95916,1.155,0.26533,523,0.287,176.019,13.549,523.00,4.1665
105,89,"1,2-Dichloroethane",C2H4Cl2,107-43984,98.95916,1.2591,0.27698,5616,0.3492,237.049,13.462,561.060,4.5458
105,90,Dichloromethane,CH2Cl2,75-44076,84.93258,1.3897,0.25678,510,0.292,178.01,17.974,510.00,5.4120
105,91,"1,1-Dichloropropane",C3H6Cl2,78-99-9,112.098574,0.9551,0.27794,560,0.24132,192.050,10.925,560.00,3.4364
105,92,"1,2-Dichloropropane",C3H6Cl2,78-87-5,112.098574,0.89833,0.26142,572,0.2868,172.071,11.526,572.00,3.4363
105,93,Diethanolamine,C4H11NO2,111-42-2,105.013564,0.68184,0.23796,7366,0.262,301.015,10.39,736.060,2.8654
105,94,Diethylamine,C4H11N,109-89-7,73.13684,0.85379,0.25675,4966,0.2727,223.035,10.575,496.060,3.3254
105,95,Diethylether,C4H10O,60-29-7,74.1216,0.9554,0.26847,4667,0.2814,156.085,11.487,466.070,3.5587
105,96,Diethylsulfide,C4H10S,352-93-2,90.1872,0.82227,0.26314,55715,0.27369,169.020,10.47,557.015,3.1248
105,97,"1,1-Difluoroethane",C2H4F2,75-37-6,66.04997,1.4345,0.25774,38644,0.28178,154.056,18.06,386.044,5.5657
105,98,"1,2-Difluoroethane",C2H4F2,624-72-6,66.04997,1.173,0.22856,445,0.28571,179.060,18.336,445.00,5.1321
105,99,Difluoromethane,CH2F2,75-44109,52.02339,1.9973,0.24653,35126,0.28153,136.095,27.399,351.026,8.117
105,100,Di–sopropylamine,C6H15N,108-18-9,101.019,0.6181,0.25786,5231,0.271,176.085,8.0541,523.010,2.3970
105,101,Di–sopropylether,C6H14O,108-20-3,102.017476,0.69213,0.26974,5005,0.28571,187.065,8.0673,500.05,2.5659
105,102,Di–sopropylketone,C7H14O,565-80-0,114.018546,0.64619,0.26881,576,0.2836,204.081,7.6796,576.00,2.439
105,103,"1,1-Dimethoxyethane",C4H10O2,534-15-6,90.121,0.89368,0.26599,5078,0.28571,159.095,11.029,507.080,3.3598
105,104,"1,2-Dimethoxypropane",C5H12O2,7778-85-0,104.014758,0.76327,0.26742,543,0.28571,226.010,8.8431,543.00,2.8542
105,105,Dimethylacetylene,C4H6,503-17-3,54.09044,1.1717,0.25895,4732,0.27289,240.091,13.767,473.020,4.5248
105,106,Dimethylamine,C2H7N,124-40-3,45.08368,1.5436,0.27784,4372,0.2572,180.096,16.964,437.020,5.5557
105,107,"2,3-Dimethylbutane",C6H14,79-29-8,86.17536,0.7565,0.27305,500,0.27408,145.019,9.031,500.00,2.776
105,108,"1,1-Dimethylcyclohexane",C8H16,590-66-9,112.021264,0.55873,0.25143,59115,0.27758,239.066,7.3417,591.015,2.2222
105,109,"cis-1,2-Dimethylcyclohexane",C8H16,2207-43834,112.021264,0.52953,0.24358,60615,0.26809,223.016,7.5783,606.015,2.1739
105,110,"trans-1,2-Dimethylcyclohexane",C8H16,6876-23-9,112.021264,0.54405,0.2526,59615,0.2658,184.099,7.6258,596.015,2.1739
105,111,Dimethyldisulfide,C2H6S2,624-92-0,94.19904,1.158,0.27866,615,0.3182,188.044,12.413,615.00,3.9683
105,112,Dimethylether,C2H6O,115-44110,46.06844,1.5693,0.2679,4001,0.2882,131.065,18.95,400.010,5.8578
105,113,"N,N-Dimethylformamide",C3H7NO,68-44167,73.09378,0.89615,0.23478,6496,0.2891,212.072,13.954,649.060,3.8170
105,114,"2,3-Dimethylpentane",C7H16,565-59-3,100.020194,0.72352,0.28629,5373,0.27121,141.023,7.9932,537.030,2.5272
105,115,Dimethylphthalate,C10H10O4,131-44138,194.0184,0.47977,0.25428,766,0.3722,274.018,6.2334,766.00,1.8868
105,116,Dimethylsilane,C2H8Si,1111-74-6,60.17042,1.0214,0.26351,402,0.28421,122.093,12.898,402.00,3.8761
105,117,Dimethylsulfide,C2H6S,75-18-3,62.134,1.429,0.27991,5034,0.2741,174.088,15.556,503.04,5.0120
105,118,Dimethylsulfoxide,C2H6OS,67-68-5,78.13344,1.196,0.25189,729,0.3311,291.067,14.111,729.00,4.451
105,119,Dimethylterephthalate,C10H10O4,120-61-6,194.0184,0.48611,0.25715,7774,0.28571,413.079,5.6397,777.040,1.894
105,120,"1,4-Dioxane",C4H8O2,123-91-1,88.1512,1.1819,0.2813,587,0.347,284.095,11.838,587.00,4.216
105,121,Diphenylether,C12H10O,101-84-8,170.02072,0.52133,0.26218,7668,0.3133,300.03,6.2648,766.080,1.9884
105,122,Dipropylamine,C6H15N,142-84-7,101.019,0.659,0.26428,550,0.2766,210.015,7.9929,550.00,2.4936
105,123,Dodecane,C12H26,112-40-3,170.033484,0.33267,0.24664,658,0.28571,263.057,4.525,658.00,1.3488
105,124,Eicosane,C20H42,112-95-8,282.054748,0.18166,0.23351,768,0.28571,309.058,2.7293,768.00,0.7780
105,125,Ethane,C2H6,74-84-0,30.069,1.9122,0.27937,30532,0.29187,90.35,21.64,305.032,6.8447
105,126,Ethanol,C2H6O,64-17-5,46.06844,1.6288,0.27469,514,0.23178,159.05,19.41,514.00,5.9296
105,127,Ethylacetate,C4H8O2,141-78-6,88.1512,0.8996,0.25856,5233,0.278,189.060,11.478,523.030,3.4793
105,128,Ethylamine,C2H7N,75-43928,45.08368,1.0936,0.22636,45615,0.25522,192.015,17.588,456.015,4.8312
105,129,Ethylbenzene,C8H10,100-41-4,106.0165,0.741,0.26162,61715,0.28454,178.020,9.047,617.015,2.6772
105,130,Ethylbenzoate,C9H10O2,93-89-0,150.01745,0.48864,0.23894,698,0.28421,238.045,7.298,698.00,2.0450
105,131,2-Ethylbutanoicacid,C6H12O2,88-44079,116.015828,0.6685,0.25707,655,0.31103,258.015,8.2198,655.00,2.577
105,132,Ethylbutyrate,C6H12O2,105-54-4,116.015828,0.63566,0.25613,571,0.27829,175.015,8.4912,571.00,2.4818
105,133,Ethylcyclohexane,C8H16,1678-91-7,112.021264,0.61587,0.26477,60915,0.2854,161.084,7.8679,609.015,2.3261
105,134,Ethylcyclopentane,C7H14,1640-89-7,98.18606,0.71751,0.26903,5695,0.27733,134.071,9.0179,569.050,2.6670
105,135,Ethylene,C2H4,74-85-1,28.05316,2.0961,0.27657,28234,0.29147,104.00,23.326,282.034,7.5789
105,136,Ethylenediamine,C2H8N2,107-15-3,60.09832,0.7842,0.2702,593,0.2254,284.029,15.055,593.00,3.7880
105,137,Ethyleneglycol,C2H6O2,107-21-1,62.06784,1.315,0.25125,720,0.21868,260.015,18.31,720.00,5.2338
105,138,Ethyleneimine,C2H5N,151-56-4,43.0678,1.3462,0.23289,537,0.23357,195.020,21.45,537.00,5.784
105,139,Ethyleneoxide,C2H4O,75-21-8,44.05256,1.836,0.2624,46915,0.2696,160.065,23.477,469.015,7.0550
105,140,Ethylformate,C3H6O2,109-94-4,74.07854,1.1343,0.26168,5084,0.2791,193.055,14.06,508.040,4.3347
105,141,2-Ethylhexanoicacid,C8H16O2,149-57-5,144.0211,0.47428,0.2528,6746,0.25442,155.015,6.926,674.060,1.8950
105,142,Ethylhexylether,C8H18O,5756-43-4,130.022792,0.55729,0.2714,583,0.29538,180.00,6.612,583.00,2.0534
105,143,Ethylisopropylether,C5H12O,625-54-7,88.14818,0.8185,0.26929,489,0.3621,140.00,9.9236,489.00,3.0395
105,144,Ethylisopropylketone,C6H12O,565-69-5,100.015888,0.68162,0.25152,567,0.3182,204.015,8.9749,567.00,2.710
105,145,Ethylmercaptan,C2H6S,75-44044,62.13404,1.347,0.2694,49915,0.27866,125.026,16.242,499.015,4.8430
105,146,Ethylpropionate,C5H10O2,105-37-3,102.01317,0.745,0.25563,546,0.2795,199.025,9.6317,546.00,2.8968
105,147,Ethylpropylether,C5H12O,628-32-0,88.14818,0.798,0.266,50023,0.292,145.065,9.8474,500.023,2.9729
105,148,Ethyltrichlorosilane,C2H5Cl3Si,115-21-9,163.0506,0.61243,0.24681,55995,0.3858,167.055,8.6934,559.095,2.4814
105,149,Fluorine,F2,7782-41-4,37.996864,4.2895,0.28587,14412,0.28776,53.48,44.888,144.012,15.050
105,150,Fluorobenzene,C6H5F,462-43988,96.12332,1.0146,0.27277,5609,0.28291,230.094,11.374,560.09,3.7196
105,151,Fluoroethane,C2H5F,353-36-6,48.0595,1.693858,0.269323,37531,0.28571,129.095,20.099,375.031,6.2893
105,152,Fluoromethane,CH3F,593-53-3,34.03292,2.2261,0.2572,31742,0.27343,131.035,29.345,317.042,8.8788
105,153,Formaldehyde,CH2O,50-00-0,30.02598,3.897011,0.331636,420,0.28571,155.015,30.92,420.00,11.7510
105,154,Formamide,CH3NO,75-44172,45.04062,1.2486,0.2352,771,0.25178,275.060,25.488,771.00,6.1350
105,155,Formicacid,CH2O2,64-18-6,46.0257,1.938,0.24225,588,0.24435,281.045,26.86,588.00,8.00
105,156,Furan,C4H4O,110-00-9,68.07396,1.1339,0.24741,49015,0.2612,187.055,15.72,490.015,4.5831
105,157,Helium-4,He,7440-59-7,4.026,7.2475,0.41865,5.2,0.2496,2.2,37.115,5.2,17.3120
105,158,Heptadecane,C17H36,629-78-7,240.046774,0.21897,0.23642,736,0.28571,295.013,3.2189,736.00,0.9262
105,159,Heptanal,C7H14O,111-71-7,114.018546,0.577362,0.25575,620,0.28571,229.080,7.7462,620.00,2.341
105,160,Heptane,C7H16,142-82-5,100.020194,0.61259,0.26211,5402,0.28141,182.057,7.6998,540.020,2.3371
105,161,Heptanoicacid,C7H14O2,111-14-8,130.0185,0.5366,0.24729,6773,0.28289,265.083,7.2212,677.030,2.1459
105,162,1-Heptanol,C7H16O,111-70-6,116.020134,0.55687,0.24725,6323,0.31471,239.015,7.522,632.030,2.2523
105,163,2-Heptanol,C7H16O,543-49-7,116.020134,0.59339,0.262,6083,0.26968,220.00,7.5173,608.030,2.285
105,164,3-Heptanone,C7H14O,106-35-4,114.018546,0.59268,0.25663,6066,0.27766,234.015,7.5751,606.060,2.395
105,165,2-Heptanone,C7H14O,110-43-0,114.018546,0.58247,0.25279,6114,0.29818,238.015,7.5514,611.040,2.342
105,166,1-Heptene,C7H14,592-76-7,98.18606,0.6616,0.26657,5374,0.28571,154.012,8.2257,537.040,2.4765
105,167,Heptylmercaptan,C7H16S,1639-44078,132.026694,0.58622,0.2726,645,0.29644,229.092,6.7277,645.00,2.155
105,168,1-Heptyne,C7H12,628-71-7,96.17018,0.67304,0.2645,547,0.28388,192.022,8.4922,547.00,2.5841
105,169,Hexadecane,C16H34,544-76-3,226.044116,0.23289,0.23659,723,0.28571,291.031,3.415,723.00,0.9844
105,170,Hexanal,C6H12O,66-25-1,100.015888,0.668504,0.252695,594,0.28571,214.093,8.878,594.00,2.6455
105,171,Hexane,C6H14,110-54-3,86.17536,0.7824,0.26411,5076,0.27537,177.083,8.747,507.060,2.6816
105,172,Hexanoicacid,C6H12O2,142-62-1,116.0158,0.62833,0.25598,6602,0.25304,269.025,8.0964,660.020,2.4546
105,173,1-Hexanol,C6H14O,111-27-3,102.017476,0.793,0.26776,6113,0.24919,228.055,8.456,611.030,2.6178
105,174,2-Hexanol,C6H14O,626-93-7,102.0175,0.67393,0.25948,5853,0.26552,223.00,8.5181,585.030,2.5972
105,175,2-Hexanone,C6H12O,591-78-6,100.015888,0.67816,0.25634,58761,0.28365,217.035,8.7319,587.061,2.6455
105,176,3-Hexanone,C6H12O,589-38-8,100.015888,0.67666,0.25578,58282,0.27746,217.050,8.7631,582.082,2.6455
105,177,1-Hexene,C6H12,592-41-6,84.15948,0.76925,0.26809,504,0.28571,133.039,9.5815,504.00,2.8694
105,178,3-Hexyne,C6H10,928-49-4,82.1436,0.7845,0.2665,544,0.28571,170.05,10.021,544.00,2.9942
105,179,Hexylmercaptan,C6H14S,111-31-9,118.024036,0.66372,0.27345,623,0.29185,192.062,7.7733,623.00,2.4272
105,180,1-Hexyne,C6H10,693-43868,82.1436,0.84427,0.27185,5162,0.2771,141.025,10.23,516.020,3.156
105,181,2-Hexyne,C6H10,764-35-2,82.1436,0.76277,0.25248,549,0.31611,183.065,10.133,549.00,3.0211
105,182,Hydrazine,H4N2,302-43832,32.04516,1.0516,0.16613,65315,0.1898,274.069,31.934,653.015,6.330
105,183,Hydrogen,H2,1333-74-0,2.01588,5.414,0.34893,33.19,0.276,13.95,38.487,33.19,15.5160
105,184,Hydrogenbromide,BrH,10035-44110,80.91194,2.832,0.2832,36315,0.28571,185.015,27.985,363.015,10.00
105,185,Hydrogenchloride,ClH,7647-36526,36.46094,3.342,0.2729,32465,0.3217,158.097,34.854,324.065,12.2460
105,186,Hydrogencyanide,CHN,74-90-8,27.02534,1.3413,0.18589,45665,0.28206,259.083,27.22,456.065,7.2156
105,187,Hydrogenfluoride,FH,7664-39-3,20.063432,2.861,0.19362,46115,0.29847,189.079,58.861,461.015,14.4930
105,188,Hydrogensulfide,H2S,7783-43986,34.08088,2.7672,0.27369,37353,0.2915,187.068,29.13,373.053,10.1110
105,189,Isobutyricacid,C4H8O2,79-31-2,88.1512,0.88575,0.25736,605,0.26265,227.015,11.42,605.00,3.4417
105,190,Isopropylamine,C3H9N,75-31-0,59.11026,1.281,0.2828,47185,0.2972,177.095,13.561,471.085,4.5265
105,191,Malonicacid,C3H4O4,141-82-2,104.06146,0.87969,0.24543,834,0.28571,409.015,11.417,834.00,3.5843
105,192,Methacrylicacid,C4H6O2,79-41-4,86.08924,0.8725,0.24383,662,0.28571,288.015,11.834,662.00,3.5691
105,193,Methane,CH4,74-82-8,16.0425,2.9214,0.28976,19056,0.28881,90.69,28.18,190.056,10.0820
105,194,Methanol,CH4O,67-56-1,32.04186,2.3267,0.2773,5125,0.24713,175.047,27.915,512.050,8.5942
105,195,N-Methylacetamide,C3H7NO,79-16-3,73.09378,0.88268,0.23568,718,0.27379,301.015,13.012,718.00,3.7452
105,196,Methylacetate,C3H6O2,79-20-9,74.07854,1.13,0.2593,50655,0.2764,175.015,14.475,506.055,4.3579
105,197,Methylacetylene,C3H4,74-99-7,40.06386,1.685,0.26436,4024,0.27987,170.045,19.031,402.040,6.0845
105,198,Methylacrylate,C4H6O2,96-33-3,86.08924,0.97286,0.26267,536,0.258,196.032,12.23,536.00,3.737
105,199,Methylamine,CH5N,74-89-5,31.0571,1.39,0.21405,4305,0.2275,179.069,25.378,430.05,6.4938
105,200,Methylbenzoate,C8H8O2,93-58-3,136.014792,0.53382,0.23274,693,0.28147,260.075,8.222,693.00,2.2936
105,201,"3-Methyl-1,2-butadiene",C5H8,598-25-4,68.11702,0.84623,0.24625,490,0.2941,159.053,11.994,490.00,3.4365
105,202,2-Methylbutane,C5H12,78-78-4,72.14878,0.91991,0.27815,4604,0.28667,113.025,10.764,460.040,3.372
105,203,2-Methylbutanoicacid,C5H10O2,116-53-0,102.01317,0.72762,0.25244,643,0.28571,193.00,9.9915,643.00,2.8823
105,204,3-Methyl-1-butanol,C5H12O,123-51-3,88.1482,0.8189,0.26974,5772,0.23573,155.095,10.248,577.020,3.0359
105,205,2-Methyl-1-butene,C5H10,563-46-2,70.1329,0.91619,0.26752,465,0.28164,135.058,11.332,465.00,3.4248
105,206,2-Methyl-2-butene,C5H10,513-35-9,70.1329,0.93391,0.27275,470,0.2578,139.039,11.216,470.00,3.4241
105,207,2-Methyl-1-butene-3-yne,C5H6,78-80-8,66.1114,1.1157,0.27671,492,0.3821,160.015,12.581,492.00,4.0320
105,208,Methylbutylether,C5H12O,628-28-4,88.14818,0.8363,0.27514,51274,0.27553,157.048,9.7581,512.074,3.0395
105,209,Methylbutylsulfide,C5H12S,628-29-5,104.0214,0.75509,0.27183,593,0.29127,175.030,9.056,593.00,2.7778
105,210,3-Methyl-1-butyne,C5H8,598-23-2,68.11702,0.94575,0.268,4632,0.3807,183.045,11.519,463.020,3.6364
105,211,Methylbutyrate,C5H10O2,623-42-7,102.01317,0.76983,0.26173,5545,0.26879,187.035,9.7638,554.050,2.9413
105,212,Methylchlorosilane,CH5ClSi,993-00-0,80.5889,1.0674,0.26257,442,0.26569,139.05,13.626,442.00,4.0652
105,213,Methylcyclohexane,C7H14,108-87-2,98.18606,0.73109,0.26971,5721,0.29185,146.058,9.0173,572.010,2.717
105,214,1-Methylcyclohexanol,C7H14O,590-67-0,114.018546,0.713,0.266,686,0.28571,285.015,8.291,686.00,2.6365
105,215,cis-2-Methylcyclohexanol,C7H14O,7443-70-1,114.018546,0.7973,0.26544,614,0.2616,280.015,8.2931,614.00,2.6738
105,216,trans-2-Methylcyclohexanol,C7H14O,7443-52-9,114.018546,0.72836,0.27241,617,0.2478,269.015,8.2628,617.00,2.6738
105,217,Methylcyclopentane,C6H12,96-37-7,84.15948,0.84758,0.2737,5327,0.28258,130.073,10.491,532.070,3.1349
105,218,1-Methylcyclopentene,C6H10,693-89-0,82.1436,0.88824,0.26914,542,0.27874,146.062,10.98,542.00,3.33
105,219,3-Methylcyclopentene,C6H10,1120-62-3,82.1436,0.919,0.276,526,0.26756,168.054,10.538,526.00,3.34
105,220,Methyldichlorosilane,CH4Cl2Si,75-54-7,115.03396,0.97608,0.28209,483,0.22529,182.055,10.789,483.00,3.462
105,221,Methylethylether,C3H8O,540-67-0,60.09502,1.2635,0.27878,4378,0.2744,160.00,13.995,437.080,4.5322
105,222,Methylethylketone,C4H8O,78-93-3,72.1572,0.93767,0.2535,5355,0.29964,186.048,12.663,535.050,3.7454
105,223,Methylethylsulfide,C3H8S,624-89-5,76.1606,1.067,0.27102,533,0.29364,167.023,12.671,533.00,3.9370
105,224,Methylformate,C2H4O2,107-31-3,60.05196,1.525,0.2634,4872,0.286,174.015,18.811,487.020,5.7897
105,225,Methylisobutylether,C5H12O,625-44-5,88.14818,0.845,0.27638,497,0.27645,188.00,9.3871,497.00,3.0395
105,226,Methylisobutylketone,C6H12O,108-44105,100.015888,0.71687,0.26453,5746,0.28918,189.015,8.8617,574.060,2.710
105,227,MethylIsocyanate,C2H3NO,624-83-9,57.05132,1.0228,0.2692,488,0.28571,256.015,17.666,488.00,4.9430
105,228,Methylisopropylether,C4H10O,598-53-8,74.1216,0.97887,0.2717,46448,0.28998,127.093,11.933,464.048,3.6232
105,229,Methylisopropylketone,C5H10O,563-80-4,86.1323,0.86567,0.26836,5534,0.28364,180.015,10.46,553.040,3.2258
105,230,Methylisopropylsulfide,C4H10S,1551-21-9,90.1872,0.78912,0.25915,5531,0.26512,171.064,10.352,553.010,3.0450
105,231,Methylmercaptan,CH4S,74-93-1,48.1746,1.9323,0.2818,46995,0.28523,150.018,21.564,469.095,6.8966
105,232,Methylmethacrylate,C5H8O2,80-62-6,100.011582,0.7761,0.2568,566,0.29773,224.095,10.176,566.00,3.0960
105,233,2-Methyloctanoicacid,C9H18O2,3004-93-1,158.02382,0.4416,0.2521,694,0.28532,240.00,5.938,694.00,1.7517
105,234,2-Methylpentane,C6H14,107-83-5,86.17536,0.72701,0.26754,4977,0.28268,119.055,9.241,497.070,2.7174
105,235,Methylpentylether,C6H14O,628-80-8,102.017476,0.714,0.26981,54649,0.29974,176.00,8.445,546.049,2.6316
105,236,2-Methylpropane,C4H10,75-28-5,58.1222,1.0631,0.27506,4078,0.2758,113.054,12.574,407.080,3.8650
105,237,2-Methyl-2-propanol,C4H10O,75-65-0,74.1216,0.92128,0.25442,5062,0.27586,298.097,10.556,506.020,3.6211
105,238,2-Methylpropene,C4H8,115-44142,56.1632,1.1446,0.2724,4179,0.28172,132.081,13.57,417.090,4.219
105,239,Methylpropionate,C4H8O2,554-44166,88.1512,0.9147,0.2594,5306,0.2774,185.065,11.678,530.060,3.5262
105,240,Methylpropylether,C4H10O,557-17-5,74.1216,0.96145,0.26536,47625,0.388,133.097,12.043,476.025,3.6232
105,241,Methylpropylsulfide,C4H10S,3877-15-4,90.1872,0.87496,0.26862,565,0.3259,160.017,10.689,565.00,3.2572
105,242,Methylsilane,CH6Si,992-94-9,46.14384,1.352,0.26757,3525,0.28799,116.034,15.791,352.050,4.8780
105,243,alpha-Methylstyrene,C9H10,98-83-9,118.01757,0.64856,0.25877,654,0.31444,249.095,8.099,654.00,2.563
105,244,Methyltert-butylether,C5H12O,1634-43925,88.1482,0.817948,0.269105,4971,0.28571,164.055,9.7955,497.010,3.0395
105,245,Methylvinylether,C3H6O,107-25-5,58.07914,1.2587,0.26433,437,0.25819,151.015,15.691,437.00,4.7619
105,246,Naphthalene,C10H8,91-20-3,128.017052,0.6348,0.25838,7484,0.27727,333.015,7.7545,748.040,2.4568
105,247,Neon,Ne,7440-43839,20.1797,7.3718,0.367,44.4,0.2786,24.56,61.796,44.40,24.0360
105,248,Nitroethane,C2H5NO2,79-24-3,75.0666,124,0.23655,593,0.278,183.063,15.556,593.00,4.2376
105,249,Nitrogen,N2,7727-37-9,28.0134,3.291,0.2861,1262,0.2966,63.15,31.063,126.020,11.2170
105,250,Nitrogentrifluoride,F3N,7783-54-2,71.0191,2.3736,0.2817,234,0.29529,66.46,26.555,234.00,8.4260
105,251,Nitromethane,CH3NO2,75-52-5,61.04002,1.3728,0.23793,58815,0.29601,244.060,19.632,588.015,5.7698
105,252,Nitrousoxide,N2O,10024-97-2,44.0128,2.781,0.27244,30957,0.2882,182.030,27.928,309.057,10.280
105,253,Nitricoxide,NO,10102-43-9,30.061,5.246,0.344,18015,0.242,109.050,44.487,180.015,17.2340
105,254,Nonadecane,C19H40,629-92-5,268.05209,0.19199,0.23337,758,0.28571,305.04,2.8889,758.00,0.8227
105,255,Nonanal,C9H18O,124-19-6,142.023862,0.473233,0.256918,6585,0.28571,267.030,5.9415,658.050,1.8420
105,256,Nonane,C9H20,111-84-2,128.02551,0.46321,0.25444,5946,0.28571,219.066,6.0427,594.060,1.825
105,257,Nonanoicacid,C9H18O2,112-36647,158.0238,0.41582,0.24284,7107,0.336,285.055,5.7592,710.070,1.7123
105,258,1-Nonanol,C9H20O,143-44051,144.02545,0.43682,0.25161,6709,0.2498,268.015,5.8496,670.090,1.7361
105,259,2-Nonanol,C9H20O,628-99-9,144.0255,0.419258,0.241912,6495,0.28571,238.015,6.0223,649.050,1.7331
105,260,1-Nonene,C9H18,124-44143,126.023922,0.48661,0.25722,5931,0.28571,191.091,6.3717,593.010,1.8918
105,261,Nonylmercaptan,C9H20S,1455-21-6,160.03201,0.47377,0.2752,681,0.3284,253.05,5.4532,681.00,1.7513
105,262,1-Nonyne,C9H16,3452-44077,124.022334,0.52152,0.25918,5985,0.29177,223.015,6.5369,598.05,2.0122
105,263,Octadecane,C18H38,593-45-3,254.049432,0.2448,0.23474,747,0.28571,301.031,3.0418,747.00,0.8711
105,264,Octanal,C8H16O,124-13-0,128.0212,0.525901,0.25664,6389,0.28571,251.065,6.668,638.090,2.0492
105,265,Octane,C8H18,111-65-9,114.022852,0.5266,0.25693,5687,0.28571,216.038,6.749,568.070,2.0496
105,266,Octanoicacid,C8H16O2,124-44014,144.0211,0.48251,0.25196,69426,0.26842,289.065,6.317,694.026,1.9150
105,267,1-Octanol,C8H18O,111-87-5,130.022792,0.48979,0.24931,6523,0.27824,257.065,6.5738,652.030,1.9646
105,268,2-Octanol,C8H18O,123-96-6,130.0228,0.52497,0.26186,6298,0.25257,241.055,6.5625,629.080,2.048
105,269,2-Octanone,C8H16O,111-13-7,128.02124,0.56,0.24851,6327,0.29942,252.085,6.6477,632.070,2.0122
105,270,3-Octanone,C8H16O,106-68-3,128.02124,0.518,0.25386,6277,0.26735,255.055,6.6283,627.070,2.0121
105,271,1-Octene,C8H16,111-66-0,112.021264,0.55449,0.25952,5669,0.28571,171.045,7.2155,566.090,2.1366
105,272,Octylmercaptan,C8H18S,111-88-6,146.029352,0.52577,0.27234,6673,0.363,223.095,6.0987,667.030,1.936
105,273,1-Octyne,C8H14,629-36647,110.019676,0.58945,0.2652,574,0.28532,193.055,7.4832,574.00,2.2626
105,274,Oxalicacid,C2H2O4,144-62-7,90.03488,1.1911,0.2738,828,0.28571,462.065,12.45,828.00,4.453
105,275,Oxygen,O2,7782-44-7,31.9988,3.9143,0.28772,15458,0.2924,54.35,40.77,154.058,13.650
105,276,Ozone,O3,10028-15-6,47.9982,3.3592,0.29884,261,0.28523,80.15,33.361,261.00,11.2410
105,277,Pentadecane,C15H32,629-62-9,212.041458,0.25142,0.23837,708,0.28571,283.07,3.6423,708.00,1.0547
105,278,Pentanal,C5H10O,110-62-3,86.1323,0.85658,0.26811,5661,0.27354,191.059,10.353,566.010,3.1949
105,279,Pentane,C5H12,109-66-0,72.14878,0.84947,0.26726,4697,0.27789,143.042,10.474,469.070,3.1784
105,280,Pentanoicacid,C5H10O2,109-52-4,102.0132,0.73455,0.25636,63916,0.25522,239.015,9.5869,639.016,2.8653
105,281,1-Pentanol,C5H12O,71-41-0,88.1482,0.81754,0.26732,5881,0.25348,195.056,10.061,588.010,3.0583
105,282,2-Pentanol,C5H12O,6032-29-7,88.1482,0.81577,0.26594,561,0.25551,200.00,10.017,561.00,3.0675
105,283,2-Pentanone,C5H10O,107-87-9,86.1323,0.9411,0.27207,5618,0.3669,196.029,10.398,561.08,3.3231
105,284,3-Pentanone,C5H10O,96-22-0,86.1323,0.71811,0.24129,56095,0.27996,234.018,10.12,560.095,2.9761
105,285,1-Pentene,C5H10,109-67-1,70.1329,0.89816,0.26608,4648,0.28571,108.02,11.521,464.080,3.3755
105,286,2-Pentylmercaptan,C5H12S,2084-19-7,104.021378,0.65858,0.25367,5843,0.28571,160.075,9.073,584.030,2.5962
105,287,Pentylmercaptan,C5H12S,110-66-7,104.021378,0.75345,0.2747,598,0.3583,197.045,8.8575,598.00,2.7857
105,288,1-Pentyne,C5H8,627-19-0,68.11702,0.8491,0.2352,4812,0.353,167.045,12.532,481.020,3.611
105,289,2-Pentyne,C5H8,627-21-4,68.11702,0.9299,0.25419,519,0.3177,163.083,12.24,519.00,3.6232
105,290,Phenanthrene,C14H10,85-43838,178.02292,0.45554,0.2523,869,0.24841,372.038,5.9853,869.00,1.855
105,291,Phenol,C6H6O,108-95-2,94.11124,1.3798,0.31598,69425,0.32768,314.06,11.244,694.025,4.3667
105,292,Phenylisocyanate,C7H5NO,103-71-9,119.01207,0.63163,0.23373,653,0.28571,243.015,9.6466,653.00,2.724
105,293,Phthalicanhydride,C8H4O3,85-44-9,148.011556,0.5393,0.22704,791,0.248,404.015,8.2218,791.00,2.3754
105,294,Propadiene,C3H4,463-49-0,40.06386,1.687,0.26543,394,0.29895,136.087,19.479,394.00,6.067
105,295,Propane,C3H8,74-98-6,44.09562,1.3757,0.27453,36983,0.29359,85.47,16.583,369.083,5.0111
105,296,1-Propanol,C3H8O,71-23-8,60.09502,1.2457,0.27281,5368,0.23994,146.095,15.26,536.080,4.5662
105,297,2-Propanol,C3H8O,67-63-0,60.095,1.1799,0.2644,5083,0.24653,185.026,14.663,508.030,4.4626
105,298,Propenylcyclohexene,C9H14,13511-13-2,122.020746,0.61255,0.26769,636,0.28571,199.00,7.4763,636.00,2.2883
105,299,Propionaldehyde,C3H6O,123-38-6,58.07914,1.2861,0.26236,5036,0.34,165.00,16.075,503.060,4.920
105,300,Propionicacid,C3H6O2,79-44078,74.0785,1.0969,0.25568,60081,0.26857,252.045,13.935,600.081,4.291
105,301,Propionitrile,C3H5N,107-36861,55.0785,0.91281,0.22125,5613,0.26811,180.037,16.067,561.030,4.1257
105,302,Propylacetate,C5H10O2,109-60-4,102.01317,0.7341,0.25456,54973,0.27666,178.015,9.7941,549.073,2.8693
105,303,Propylamine,C3H9N,107-44112,59.11026,0.9195,0.23878,49695,0.2461,188.036,13.764,496.095,3.858
105,304,Propylbenzene,C9H12,103-65-1,120.019158,0.57233,0.25171,63835,0.29616,173.055,7.9821,638.035,2.2738
105,305,Propylene,C3H6,115-44013,42.07974,1.443,0.26852,36485,0.28775,87.89,18.07,364.085,5.3638
105,306,Propylformate,C4H8O2,110-74-7,88.1512,0.915,0.26134,538,0.28,180.025,11.59,538.00,3.512
105,307,2-Propylmercaptan,C3H8S,75-33-2,76.16062,1.093,0.27762,517,0.29781,142.061,12.61,517.00,3.9370
105,308,Propylmercaptan,C3H8S,107-43899,76.16062,1.0714,0.27214,5366,0.29481,159.095,12.716,536.060,3.9369
105,309,"1,2-Propyleneglycol",C3H8O2,57-55-6,76.09442,1.0923,0.26106,626,0.2459,213.015,14.363,626.00,4.1841
105,310,Quinone,C6H4O2,106-51-4,108.09476,0.83228,0.25385,683,0.23658,388.085,10.082,683.00,3.2786
105,311,Silicontetrafluoride,F4Si,7783-61-1,104.07911,1.1945,0.24128,259,0.16693,186.035,15.635,259.00,4.957
105,312,Styrene,C8H8,100-42-5,104.014912,0.7397,0.26 6363,,0.39,242.054,9.188,636.00,2.8417
105,313,Succinicacid,C4H6O4,110-15-6,118.0884,0.65882,0.21 838741,,0.28571,460.085,10.21,838.00,3.033
105,314,Sulfurdioxide,O2S,7446-44079,64.0638,2.16,0.25 430.842 75,,0.2895,197.067,25.298,430.075,8.1495
105,315,Sulfurhexafluoride,F6S,2551-62-4,146.0554192,1.3587,0.27 3181 69,,0.2921,223.015,12.631,318.069,5.034
105,316,Sulfurtrioxide,O3S,7446-44144,80.0632,1.4969,0.19 49013 85,,0.4359,289.095,24.241,490.085,7.8730
105,317,Terephthalicacid,C8H6O4,100-21-0,166.013084,0.41922,0.17 883.775 6,,0.28571,700.015,7.12,883.060,2.3585
105,318,o-Terphenyl,C18H14,84-15-1,230.030376,0.3448,0.25 857116,,0.29268,329.035,4.5526,857.00,1.3728
100,318,o-Terphenyl,C18H14,84-15-1,230.030376,5.7136,?0.003474,,,288.015,4.7126,313.019,4.6256
105,319,Tetradecane,C14H30,629-59-4,198.0388,0.27248,0.24 6937,,0.28571,279.01,3.889,693.00,1.1350
105,320,Tetrahydrofuran,C4H8O,109-99-9,72.1572,1.2543,0.28 54084 15,,0.2912,164.065,13.998,540.015,4.4662
105,321,"1,2,3,4-Tetrahydronaphthalene",C10H12,119-64-2,132.020228,0.67717,0.27 720772,,0.2878,237.038,7.638,720.00,2.4383
105,322,Tetrahydrothiophene,C4H8S,110-36526,88.17132,1.1628,0.28954,63195,0.28674,176.099,12.48,631.095,4.0160
105,323,"2,2,3,3-Tetramethylbutane",C8H18,594-82-1,114.022852,0.58988,0.27201,568,0.27341,373.096,5.7242,568.00,2.1686
105,324,Thiophene,C4H4S,110-43862,84.13956,1.2874,0.28194,57935,0.3781,234.094,13.43,579.035,4.5662
105,325,Toluene,C7H8,108-88-3,92.13842,0.8792,0.27136,59175,0.29241,178.018,10.487,591.075,3.240
105,326,"1,1,2-Trichloroethane",C2H3Cl3,79-00-5,133.040422,0.962,0.25475,602,0.31,236.050,11.478,602.00,3.5572
105,327,Tridecane,C13H28,629-50-5,184.036142,0.29934,0.2433,675,0.28571,267.076,4.1817,675.00,1.233
105,328,Triethylamine,C6H15N,121-44-8,101.019,0.735,0.27386,53515,0.2872,158.045,8.2843,535.015,2.5688
105,329,Trimethylamine,C3H9N,75-50-3,59.11026,1.0116,0.25683,43325,0.2696,156.08,13.144,433.025,3.9388
105,330,"1,2,3-Trimethylbenzene",C9H12,526-73-8,120.019158,0.6531,0.272,6645,0.26268,243.015,7.7278,664.050,2.4187
105,331,"1,2,4-Trimethylbenzene",C9H12,95-63-6,120.019158,0.6394,0.25956,6491,0.27713,229.033,7.689,649.010,2.3268
105,332,"2,2,4-Trimethylpentane",C8H18,540-84-1,114.022852,0.5959,0.27424,5438,0.2847,165.078,6.9146,543.080,2.1536
105,333,"2,3,3-Trimethylpentane",C8H18,560-21-4,114.022852,0.628,0.27446,5735,0.2741,172.022,7.0934,573.050,2.1963
105,334,"1,3,5-Trinitrobenzene",C6H3N3O6,99-35-4,213.010452,0.48195,0.2393,846,0.28571,398.040,7.0825,846.00,2.0870
105,335,"2,4,6-Trinitrotoluene",C7H5N3O6,118-96-7,227.01311,0.37378,0.21379,828,0.29905,354.00,6.4521,828.00,1.7484
105,336,Undecane,C11H24,1120-21-4,156.030826,0.36703,0.24876,639,0.28571,247.057,4.9453,639.00,1.4754
105,337,1-Undecanol,C11H24O,112-42-5,172.030766,0.33113,0.23676,7039,0.2762,288.045,4.8594,703.090,1.3986
105,338,Vinylacetate,C4H6O2,108-43955,86.08924,0.9591,0.2593,51913,0.27448,180.035,12.287,519.013,3.6988
105,339,Vinylacetylene,C4H4,689-97-4,52.07456,1.273,0.2641,454,0.297,173.015,15.664,454.00,4.8781
105,340,Vinylchloride,C2H3Cl,75-43834,62.49822,1.5115,0.277,432,0.2716,119.036,18.481,432.00,5.5837
105,341,Vinyltrichlorosilane,C2H3Cl3Si,75-94-5,161.048972,0.59595,0.24314,54315 856,0.24856,178.035,8.8236,543.015,2.4511
100,342,Water,H2O,7732-18-5,18.01528,-13.851,0.6438,−0.0019124,0.018211,273.016,55.497,353.015,54.010
119,342,Water,H2O,7732-18-5,18.01528,17.874,35.618,19.655,-9.1306,16.0,55.487,647.096,17.8740
105,343,m-Xylene,C8H10,108-38-3,106.0165,0.68902,0.2686,617,0.27479,225.030,8.648,617.00,2.6413
105,344,o-Xylene,C8H10,95-47-6,106.0165,0.69962,0.26143,6303,0.27365,247.098,8.6229,630.030,2.6761
