{"algorithm": "gdb", "dataset": "Lipophilicity-ID.csv", "task_type": "regression", "target_name": "exp", "feat_meth": [0, 1], "random_seed": 34, "opt_iter": 25, "cv_folds": 5, "tuned": true, "run_name": "GL011_20210514-183047", "date": "05/14/2021 18:30:47", "mysql_params": {"user": "user", "password": "dolphin", "host": "localhost", "database": "featurized_datasets"}, "neo4j_params": null, "selected_feat_string": "rdkit2d-rdkitfpbits", "feat_method_name": ["rdkit2d", "rdkitfpbits"], "feat_time": 1.310445785522461, "test_percent": 0.2, "val_percent": 0, "scaler_method": "standard", "feature_list": ["BalabanJ", "BertzCT", "Chi0", "Chi0n", "Chi0v", "Chi1", "Chi1n", "Chi1v", "Chi2n", "Chi2v", "Chi3n", "Chi3v", "Chi4n", "Chi4v", "EState_VSA1", "EState_VSA10", "EState_VSA11", "EState_VSA2", "EState_VSA3", "EState_VSA4", "EState_VSA5", "EState_VSA6", "EState_VSA7", "EState_VSA8", "EState_VSA9", "ExactMolWt", "FpDensityMorgan1", "FpDensityMorgan2", "FpDensityMorgan3", "FractionCSP3", "HallKierAlpha", "HeavyAtomCount", "HeavyAtomMolWt", "Ipc", "Kappa1", "Kappa2", "Kappa3", "LabuteASA", "MaxAbsEStateIndex", "MaxAbsPartialCharge", "MaxEStateIndex", "MaxPartialCharge", "MinAbsEStateIndex", "MinAbsPartialCharge", "MinEStateIndex", "MinPartialCharge", "MolMR", "MolWt", "NHOHCount", "NOCount", "NumAliphaticCarbocycles", "NumAliphaticHeterocycles", "NumAliphaticRings", "NumAromaticCarbocycles", "NumAromaticHeterocycles", "NumAromaticRings", "NumHAcceptors", "NumHDonors", "NumHeteroatoms", "NumRadicalElectrons", "NumRotatableBonds", "NumSaturatedCarbocycles", "NumSaturatedHeterocycles", "NumSaturatedRings", "NumValenceElectrons", "PEOE_VSA1", "PEOE_VSA10", "PEOE_VSA11", "PEOE_VSA12", "PEOE_VSA13", "PEOE_VSA14", "PEOE_VSA2", "PEOE_VSA3", "PEOE_VSA4", "PEOE_VSA5", "PEOE_VSA6", "PEOE_VSA7", "PEOE_VSA8", "PEOE_VSA9", "RingCount", "SMR_VSA1", "SMR_VSA10", "SMR_VSA2", "SMR_VSA3", "SMR_VSA4", "SMR_VSA5", "SMR_VSA6", "SMR_VSA7", "SMR_VSA8", "SMR_VSA9", "TPSA", "VSA_EState1", "VSA_EState10", "VSA_EState2", "VSA_EState3", "VSA_EState4", "VSA_EState5", "VSA_EState6", "VSA_EState7", "VSA_EState8", "VSA_EState9", "fr_Al_COO", "fr_Al_OH", "fr_Al_OH_noTert", "fr_ArN", "fr_Ar_COO", "fr_Ar_N", "fr_Ar_NH", "fr_Ar_OH", "fr_COO", "fr_COO2", "fr_C_O", "fr_C_O_noCOO", "fr_C_S", "fr_HOCCN", "fr_Imine", "fr_NH0", "fr_NH1", "fr_NH2", "fr_N_O", "fr_Ndealkylation1", "fr_Ndealkylation2", "fr_Nhpyrrole", "fr_SH", "fr_aldehyde", "fr_alkyl_carbamate", "fr_alkyl_halide", "fr_allylic_oxid", "fr_amide", "fr_amidine", "fr_aniline", "fr_aryl_methyl", "fr_azide", "fr_azo", "fr_barbitur", "fr_benzene", "fr_benzodiazepine", "fr_bicyclic", "fr_diazo", "fr_dihydropyridine", "fr_epoxide", "fr_ester", "fr_ether", "fr_furan", "fr_guanido", "fr_halogen", "fr_hdrzine", "fr_hdrzone", "fr_imidazole", "fr_imide", "fr_isocyan", "fr_isothiocyan", "fr_ketone", "fr_ketone_Topliss", "fr_lactam", "fr_lactone", "fr_methoxy", "fr_morpholine", "fr_nitrile", "fr_nitro", "fr_nitro_arom", "fr_nitro_arom_nonortho", "fr_nitroso", "fr_oxazole", "fr_oxime", "fr_para_hydroxylation", "fr_phenol", "fr_phenol_noOrthoHbond", "fr_phos_acid", "fr_phos_ester", "fr_piperdine", "fr_piperzine", "fr_priamide", "fr_prisulfonamd", "fr_pyridine", "fr_quatN", "fr_sulfide", "fr_sulfonamd", "fr_sulfone", "fr_term_acetylene", "fr_tetrazole", "fr_thiazole", "fr_thiocyan", "fr_thiophene", "fr_unbrch_alkane", "fr_urea", "qed", "RDKFP-0", "RDKFP-1", "RDKFP-2", "RDKFP-3", "RDKFP-4", "RDKFP-5", "RDKFP-6", "RDKFP-7", "RDKFP-8", "RDKFP-9", "RDKFP-10", "RDKFP-11", "RDKFP-12", "RDKFP-13", "RDKFP-14", "RDKFP-15", "RDKFP-16", "RDKFP-17", "RDKFP-18", "RDKFP-19", "RDKFP-20", "RDKFP-21", "RDKFP-22", "RDKFP-23", "RDKFP-24", "RDKFP-25", "RDKFP-26", "RDKFP-27", "RDKFP-28", "RDKFP-29", "RDKFP-30", "RDKFP-31", "RDKFP-32", "RDKFP-33", "RDKFP-34", "RDKFP-35", "RDKFP-36", "RDKFP-37", "RDKFP-38", "RDKFP-39", "RDKFP-40", "RDKFP-41", "RDKFP-42", "RDKFP-43", "RDKFP-44", "RDKFP-45", "RDKFP-46", "RDKFP-47", "RDKFP-48", "RDKFP-49", "RDKFP-50", "RDKFP-51", "RDKFP-52", "RDKFP-53", "RDKFP-54", "RDKFP-55", "RDKFP-56", "RDKFP-57", "RDKFP-58", "RDKFP-59", "RDKFP-60", "RDKFP-61", "RDKFP-62", "RDKFP-63", "RDKFP-64", "RDKFP-65", "RDKFP-66", "RDKFP-67", "RDKFP-68", "RDKFP-69", "RDKFP-70", "RDKFP-71", "RDKFP-72", "RDKFP-73", "RDKFP-74", "RDKFP-75", "RDKFP-76", "RDKFP-77", "RDKFP-78", "RDKFP-79", "RDKFP-80", "RDKFP-81", "RDKFP-82", "RDKFP-83", "RDKFP-84", "RDKFP-85", "RDKFP-86", "RDKFP-87", "RDKFP-88", "RDKFP-89", "RDKFP-90", "RDKFP-91", "RDKFP-92", "RDKFP-93", "RDKFP-94", "RDKFP-95", "RDKFP-96", "RDKFP-97", "RDKFP-98", "RDKFP-99", "RDKFP-100", "RDKFP-101", "RDKFP-102", "RDKFP-103", "RDKFP-104", "RDKFP-105", "RDKFP-106", "RDKFP-107", "RDKFP-108", "RDKFP-109", "RDKFP-110", "RDKFP-111", "RDKFP-112", "RDKFP-113", "RDKFP-114", "RDKFP-115", "RDKFP-116", "RDKFP-117", "RDKFP-118", "RDKFP-119", "RDKFP-120", "RDKFP-121", "RDKFP-122", "RDKFP-123", "RDKFP-124", "RDKFP-125", "RDKFP-126", "RDKFP-127", "RDKFP-128", "RDKFP-129", "RDKFP-130", "RDKFP-131", "RDKFP-132", "RDKFP-133", "RDKFP-134", "RDKFP-135", "RDKFP-136", "RDKFP-137", "RDKFP-138", "RDKFP-139", "RDKFP-140", "RDKFP-141", "RDKFP-142", "RDKFP-143", "RDKFP-144", "RDKFP-145", "RDKFP-146", "RDKFP-147", "RDKFP-148", "RDKFP-149", "RDKFP-150", "RDKFP-151", "RDKFP-152", "RDKFP-153", "RDKFP-154", "RDKFP-155", "RDKFP-156", "RDKFP-157", "RDKFP-158", "RDKFP-159", "RDKFP-160", "RDKFP-161", "RDKFP-162", "RDKFP-163", "RDKFP-164", "RDKFP-165", "RDKFP-166", "RDKFP-167", "RDKFP-168", "RDKFP-169", "RDKFP-170", "RDKFP-171", "RDKFP-172", "RDKFP-173", "RDKFP-174", "RDKFP-175", "RDKFP-176", "RDKFP-177", "RDKFP-178", "RDKFP-179", "RDKFP-180", "RDKFP-181", "RDKFP-182", "RDKFP-183", "RDKFP-184", "RDKFP-185", "RDKFP-186", "RDKFP-187", "RDKFP-188", "RDKFP-189", "RDKFP-190", "RDKFP-191", "RDKFP-192", "RDKFP-193", "RDKFP-194", "RDKFP-195", "RDKFP-196", "RDKFP-197", "RDKFP-198", "RDKFP-199", "RDKFP-200", "RDKFP-201", "RDKFP-202", "RDKFP-203", "RDKFP-204", "RDKFP-205", "RDKFP-206", "RDKFP-207", "RDKFP-208", "RDKFP-209", "RDKFP-210", "RDKFP-211", "RDKFP-212", "RDKFP-213", "RDKFP-214", "RDKFP-215", "RDKFP-216", "RDKFP-217", "RDKFP-218", "RDKFP-219", "RDKFP-220", "RDKFP-221", "RDKFP-222", "RDKFP-223", "RDKFP-224", "RDKFP-225", "RDKFP-226", "RDKFP-227", "RDKFP-228", "RDKFP-229", "RDKFP-230", "RDKFP-231", "RDKFP-232", "RDKFP-233", "RDKFP-234", "RDKFP-235", "RDKFP-236", "RDKFP-237", "RDKFP-238", "RDKFP-239", "RDKFP-240", "RDKFP-241", "RDKFP-242", "RDKFP-243", "RDKFP-244", "RDKFP-245", "RDKFP-246", "RDKFP-247", "RDKFP-248", "RDKFP-249", "RDKFP-250", "RDKFP-251", "RDKFP-252", "RDKFP-253", "RDKFP-254", "RDKFP-255", "RDKFP-256", "RDKFP-257", "RDKFP-258", "RDKFP-259", "RDKFP-260", "RDKFP-261", "RDKFP-262", "RDKFP-263", "RDKFP-264", "RDKFP-265", "RDKFP-266", "RDKFP-267", "RDKFP-268", "RDKFP-269", "RDKFP-270", "RDKFP-271", "RDKFP-272", "RDKFP-273", "RDKFP-274", "RDKFP-275", "RDKFP-276", "RDKFP-277", "RDKFP-278", "RDKFP-279", "RDKFP-280", "RDKFP-281", "RDKFP-282", "RDKFP-283", "RDKFP-284", "RDKFP-285", "RDKFP-286", "RDKFP-287", "RDKFP-288", "RDKFP-289", "RDKFP-290", "RDKFP-291", "RDKFP-292", "RDKFP-293", "RDKFP-294", "RDKFP-295", "RDKFP-296", "RDKFP-297", "RDKFP-298", "RDKFP-299", "RDKFP-300", "RDKFP-301", "RDKFP-302", "RDKFP-303", "RDKFP-304", "RDKFP-305", "RDKFP-306", "RDKFP-307", "RDKFP-308", "RDKFP-309", "RDKFP-310", "RDKFP-311", "RDKFP-312", "RDKFP-313", "RDKFP-314", "RDKFP-315", "RDKFP-316", "RDKFP-317", "RDKFP-318", "RDKFP-319", "RDKFP-320", "RDKFP-321", "RDKFP-322", "RDKFP-323", "RDKFP-324", "RDKFP-325", "RDKFP-326", "RDKFP-327", "RDKFP-328", "RDKFP-329", "RDKFP-330", "RDKFP-331", "RDKFP-332", "RDKFP-333", "RDKFP-334", "RDKFP-335", "RDKFP-336", "RDKFP-337", "RDKFP-338", "RDKFP-339", "RDKFP-340", "RDKFP-341", "RDKFP-342", "RDKFP-343", "RDKFP-344", "RDKFP-345", "RDKFP-346", "RDKFP-347", "RDKFP-348", "RDKFP-349", "RDKFP-350", "RDKFP-351", "RDKFP-352", "RDKFP-353", "RDKFP-354", "RDKFP-355", "RDKFP-356", "RDKFP-357", "RDKFP-358", "RDKFP-359", "RDKFP-360", "RDKFP-361", "RDKFP-362", "RDKFP-363", "RDKFP-364", "RDKFP-365", "RDKFP-366", "RDKFP-367", "RDKFP-368", "RDKFP-369", "RDKFP-370", "RDKFP-371", "RDKFP-372", "RDKFP-373", "RDKFP-374", "RDKFP-375", "RDKFP-376", "RDKFP-377", "RDKFP-378", "RDKFP-379", "RDKFP-380", "RDKFP-381", "RDKFP-382", "RDKFP-383", "RDKFP-384", "RDKFP-385", "RDKFP-386", "RDKFP-387", "RDKFP-388", "RDKFP-389", "RDKFP-390", "RDKFP-391", "RDKFP-392", "RDKFP-393", "RDKFP-394", "RDKFP-395", "RDKFP-396", "RDKFP-397", "RDKFP-398", "RDKFP-399", "RDKFP-400", "RDKFP-401", "RDKFP-402", "RDKFP-403", "RDKFP-404", "RDKFP-405", "RDKFP-406", "RDKFP-407", "RDKFP-408", "RDKFP-409", "RDKFP-410", "RDKFP-411", "RDKFP-412", "RDKFP-413", "RDKFP-414", "RDKFP-415", "RDKFP-416", "RDKFP-417", "RDKFP-418", "RDKFP-419", "RDKFP-420", "RDKFP-421", "RDKFP-422", "RDKFP-423", "RDKFP-424", "RDKFP-425", "RDKFP-426", "RDKFP-427", "RDKFP-428", "RDKFP-429", "RDKFP-430", "RDKFP-431", "RDKFP-432", "RDKFP-433", "RDKFP-434", "RDKFP-435", "RDKFP-436", "RDKFP-437", "RDKFP-438", "RDKFP-439", "RDKFP-440", "RDKFP-441", "RDKFP-442", "RDKFP-443", "RDKFP-444", "RDKFP-445", "RDKFP-446", "RDKFP-447", "RDKFP-448", "RDKFP-449", "RDKFP-450", "RDKFP-451", "RDKFP-452", "RDKFP-453", "RDKFP-454", "RDKFP-455", "RDKFP-456", "RDKFP-457", "RDKFP-458", "RDKFP-459", "RDKFP-460", "RDKFP-461", "RDKFP-462", "RDKFP-463", "RDKFP-464", "RDKFP-465", "RDKFP-466", "RDKFP-467", "RDKFP-468", "RDKFP-469", "RDKFP-470", "RDKFP-471", "RDKFP-472", "RDKFP-473", "RDKFP-474", "RDKFP-475", "RDKFP-476", "RDKFP-477", "RDKFP-478", "RDKFP-479", "RDKFP-480", "RDKFP-481", "RDKFP-482", "RDKFP-483", "RDKFP-484", "RDKFP-485", "RDKFP-486", "RDKFP-487", "RDKFP-488", "RDKFP-489", "RDKFP-490", "RDKFP-491", "RDKFP-492", "RDKFP-493", "RDKFP-494", "RDKFP-495", "RDKFP-496", "RDKFP-497", "RDKFP-498", "RDKFP-499", "RDKFP-500", "RDKFP-501", "RDKFP-502", "RDKFP-503", "RDKFP-504", "RDKFP-505", "RDKFP-506", "RDKFP-507", "RDKFP-508", "RDKFP-509", "RDKFP-510", "RDKFP-511", "RDKFP-512", "RDKFP-513", "RDKFP-514", "RDKFP-515", "RDKFP-516", "RDKFP-517", "RDKFP-518", "RDKFP-519", "RDKFP-520", "RDKFP-521", "RDKFP-522", "RDKFP-523", "RDKFP-524", "RDKFP-525", "RDKFP-526", "RDKFP-527", "RDKFP-528", "RDKFP-529", "RDKFP-530", "RDKFP-531", "RDKFP-532", "RDKFP-533", "RDKFP-534", "RDKFP-535", "RDKFP-536", "RDKFP-537", "RDKFP-538", "RDKFP-539", "RDKFP-540", "RDKFP-541", "RDKFP-542", "RDKFP-543", "RDKFP-544", "RDKFP-545", "RDKFP-546", "RDKFP-547", "RDKFP-548", "RDKFP-549", "RDKFP-550", "RDKFP-551", "RDKFP-552", "RDKFP-553", "RDKFP-554", "RDKFP-555", "RDKFP-556", "RDKFP-557", "RDKFP-558", "RDKFP-559", "RDKFP-560", "RDKFP-561", "RDKFP-562", "RDKFP-563", "RDKFP-564", "RDKFP-565", "RDKFP-566", "RDKFP-567", "RDKFP-568", "RDKFP-569", "RDKFP-570", "RDKFP-571", "RDKFP-572", "RDKFP-573", "RDKFP-574", "RDKFP-575", "RDKFP-576", "RDKFP-577", "RDKFP-578", "RDKFP-579", "RDKFP-580", "RDKFP-581", "RDKFP-582", "RDKFP-583", "RDKFP-584", "RDKFP-585", "RDKFP-586", "RDKFP-587", "RDKFP-588", "RDKFP-589", "RDKFP-590", "RDKFP-591", "RDKFP-592", "RDKFP-593", "RDKFP-594", "RDKFP-595", "RDKFP-596", "RDKFP-597", "RDKFP-598", "RDKFP-599", "RDKFP-600", "RDKFP-601", "RDKFP-602", "RDKFP-603", "RDKFP-604", "RDKFP-605", "RDKFP-606", "RDKFP-607", "RDKFP-608", "RDKFP-609", "RDKFP-610", "RDKFP-611", "RDKFP-612", "RDKFP-613", "RDKFP-614", "RDKFP-615", "RDKFP-616", "RDKFP-617", "RDKFP-618", "RDKFP-619", "RDKFP-620", "RDKFP-621", "RDKFP-622", "RDKFP-623", "RDKFP-624", "RDKFP-625", "RDKFP-626", "RDKFP-627", "RDKFP-628", "RDKFP-629", "RDKFP-630", "RDKFP-631", "RDKFP-632", "RDKFP-633", "RDKFP-634", "RDKFP-635", "RDKFP-636", "RDKFP-637", "RDKFP-638", "RDKFP-639", "RDKFP-640", "RDKFP-641", "RDKFP-642", "RDKFP-643", "RDKFP-644", "RDKFP-645", "RDKFP-646", "RDKFP-647", "RDKFP-648", "RDKFP-649", "RDKFP-650", "RDKFP-651", "RDKFP-652", "RDKFP-653", "RDKFP-654", "RDKFP-655", "RDKFP-656", "RDKFP-657", "RDKFP-658", "RDKFP-659", "RDKFP-660", "RDKFP-661", "RDKFP-662", "RDKFP-663", "RDKFP-664", "RDKFP-665", "RDKFP-666", "RDKFP-667", "RDKFP-668", "RDKFP-669", "RDKFP-670", "RDKFP-671", "RDKFP-672", "RDKFP-673", "RDKFP-674", "RDKFP-675", "RDKFP-676", "RDKFP-677", "RDKFP-678", "RDKFP-679", "RDKFP-680", "RDKFP-681", "RDKFP-682", "RDKFP-683", "RDKFP-684", "RDKFP-685", "RDKFP-686", "RDKFP-687", "RDKFP-688", "RDKFP-689", "RDKFP-690", "RDKFP-691", "RDKFP-692", "RDKFP-693", "RDKFP-694", "RDKFP-695", "RDKFP-696", "RDKFP-697", "RDKFP-698", "RDKFP-699", "RDKFP-700", "RDKFP-701", "RDKFP-702", "RDKFP-703", "RDKFP-704", "RDKFP-705", "RDKFP-706", "RDKFP-707", "RDKFP-708", "RDKFP-709", "RDKFP-710", "RDKFP-711", "RDKFP-712", "RDKFP-713", "RDKFP-714", "RDKFP-715", "RDKFP-716", "RDKFP-717", "RDKFP-718", "RDKFP-719", "RDKFP-720", "RDKFP-721", "RDKFP-722", "RDKFP-723", "RDKFP-724", "RDKFP-725", "RDKFP-726", "RDKFP-727", "RDKFP-728", "RDKFP-729", "RDKFP-730", "RDKFP-731", "RDKFP-732", "RDKFP-733", "RDKFP-734", "RDKFP-735", "RDKFP-736", "RDKFP-737", "RDKFP-738", "RDKFP-739", "RDKFP-740", "RDKFP-741", "RDKFP-742", "RDKFP-743", "RDKFP-744", "RDKFP-745", "RDKFP-746", "RDKFP-747", "RDKFP-748", "RDKFP-749", "RDKFP-750", "RDKFP-751", "RDKFP-752", "RDKFP-753", "RDKFP-754", "RDKFP-755", "RDKFP-756", "RDKFP-757", "RDKFP-758", "RDKFP-759", "RDKFP-760", "RDKFP-761", "RDKFP-762", "RDKFP-763", "RDKFP-764", "RDKFP-765", "RDKFP-766", "RDKFP-767", "RDKFP-768", "RDKFP-769", "RDKFP-770", "RDKFP-771", "RDKFP-772", "RDKFP-773", "RDKFP-774", "RDKFP-775", "RDKFP-776", "RDKFP-777", "RDKFP-778", "RDKFP-779", "RDKFP-780", "RDKFP-781", "RDKFP-782", "RDKFP-783", "RDKFP-784", "RDKFP-785", "RDKFP-786", "RDKFP-787", "RDKFP-788", "RDKFP-789", "RDKFP-790", "RDKFP-791", "RDKFP-792", "RDKFP-793", "RDKFP-794", "RDKFP-795", "RDKFP-796", "RDKFP-797", "RDKFP-798", "RDKFP-799", "RDKFP-800", "RDKFP-801", "RDKFP-802", "RDKFP-803", "RDKFP-804", "RDKFP-805", "RDKFP-806", "RDKFP-807", "RDKFP-808", "RDKFP-809", "RDKFP-810", "RDKFP-811", "RDKFP-812", "RDKFP-813", "RDKFP-814", "RDKFP-815", "RDKFP-816", "RDKFP-817", "RDKFP-818", "RDKFP-819", "RDKFP-820", "RDKFP-821", "RDKFP-822", "RDKFP-823", "RDKFP-824", "RDKFP-825", "RDKFP-826", "RDKFP-827", "RDKFP-828", "RDKFP-829", "RDKFP-830", "RDKFP-831", "RDKFP-832", "RDKFP-833", "RDKFP-834", "RDKFP-835", "RDKFP-836", "RDKFP-837", "RDKFP-838", "RDKFP-839", "RDKFP-840", "RDKFP-841", "RDKFP-842", "RDKFP-843", "RDKFP-844", "RDKFP-845", "RDKFP-846", "RDKFP-847", "RDKFP-848", "RDKFP-849", "RDKFP-850", "RDKFP-851", "RDKFP-852", "RDKFP-853", "RDKFP-854", "RDKFP-855", "RDKFP-856", "RDKFP-857", "RDKFP-858", "RDKFP-859", "RDKFP-860", "RDKFP-861", "RDKFP-862", "RDKFP-863", "RDKFP-864", "RDKFP-865", "RDKFP-866", "RDKFP-867", "RDKFP-868", "RDKFP-869", "RDKFP-870", "RDKFP-871", "RDKFP-872", "RDKFP-873", "RDKFP-874", "RDKFP-875", "RDKFP-876", "RDKFP-877", "RDKFP-878", "RDKFP-879", "RDKFP-880", "RDKFP-881", "RDKFP-882", "RDKFP-883", "RDKFP-884", "RDKFP-885", "RDKFP-886", "RDKFP-887", "RDKFP-888", "RDKFP-889", "RDKFP-890", "RDKFP-891", "RDKFP-892", "RDKFP-893", "RDKFP-894", "RDKFP-895", "RDKFP-896", "RDKFP-897", "RDKFP-898", "RDKFP-899", "RDKFP-900", "RDKFP-901", "RDKFP-902", "RDKFP-903", "RDKFP-904", "RDKFP-905", "RDKFP-906", "RDKFP-907", "RDKFP-908", "RDKFP-909", "RDKFP-910", "RDKFP-911", "RDKFP-912", "RDKFP-913", "RDKFP-914", "RDKFP-915", "RDKFP-916", "RDKFP-917", "RDKFP-918", "RDKFP-919", "RDKFP-920", "RDKFP-921", "RDKFP-922", "RDKFP-923", "RDKFP-924", "RDKFP-925", "RDKFP-926", "RDKFP-927", "RDKFP-928", "RDKFP-929", "RDKFP-930", "RDKFP-931", "RDKFP-932", "RDKFP-933", "RDKFP-934", "RDKFP-935", "RDKFP-936", "RDKFP-937", "RDKFP-938", "RDKFP-939", "RDKFP-940", "RDKFP-941", "RDKFP-942", "RDKFP-943", "RDKFP-944", "RDKFP-945", "RDKFP-946", "RDKFP-947", "RDKFP-948", "RDKFP-949", "RDKFP-950", "RDKFP-951", "RDKFP-952", "RDKFP-953", "RDKFP-954", "RDKFP-955", "RDKFP-956", "RDKFP-957", "RDKFP-958", "RDKFP-959", "RDKFP-960", "RDKFP-961", "RDKFP-962", "RDKFP-963", "RDKFP-964", "RDKFP-965", "RDKFP-966", "RDKFP-967", "RDKFP-968", "RDKFP-969", "RDKFP-970", "RDKFP-971", "RDKFP-972", "RDKFP-973", "RDKFP-974", "RDKFP-975", "RDKFP-976", "RDKFP-977", "RDKFP-978", "RDKFP-979", "RDKFP-980", "RDKFP-981", "RDKFP-982", "RDKFP-983", "RDKFP-984", "RDKFP-985", "RDKFP-986", "RDKFP-987", "RDKFP-988", "RDKFP-989", "RDKFP-990", "RDKFP-991", "RDKFP-992", "RDKFP-993", "RDKFP-994", "RDKFP-995", "RDKFP-996", "RDKFP-997", "RDKFP-998", "RDKFP-999", "RDKFP-1000", "RDKFP-1001", "RDKFP-1002", "RDKFP-1003", "RDKFP-1004", "RDKFP-1005", "RDKFP-1006", "RDKFP-1007", "RDKFP-1008", "RDKFP-1009", "RDKFP-1010", "RDKFP-1011", "RDKFP-1012", "RDKFP-1013", "RDKFP-1014", "RDKFP-1015", "RDKFP-1016", "RDKFP-1017", "RDKFP-1018", "RDKFP-1019", "RDKFP-1020", "RDKFP-1021", "RDKFP-1022", "RDKFP-1023", "RDKFP-1024", "RDKFP-1025", "RDKFP-1026", "RDKFP-1027", "RDKFP-1028", "RDKFP-1029", "RDKFP-1030", "RDKFP-1031", "RDKFP-1032", "RDKFP-1033", "RDKFP-1034", "RDKFP-1035", "RDKFP-1036", "RDKFP-1037", "RDKFP-1038", "RDKFP-1039", "RDKFP-1040", "RDKFP-1041", "RDKFP-1042", "RDKFP-1043", "RDKFP-1044", "RDKFP-1045", "RDKFP-1046", "RDKFP-1047", "RDKFP-1048", "RDKFP-1049", "RDKFP-1050", "RDKFP-1051", "RDKFP-1052", "RDKFP-1053", "RDKFP-1054", "RDKFP-1055", "RDKFP-1056", "RDKFP-1057", "RDKFP-1058", "RDKFP-1059", "RDKFP-1060", "RDKFP-1061", "RDKFP-1062", "RDKFP-1063", "RDKFP-1064", "RDKFP-1065", "RDKFP-1066", "RDKFP-1067", "RDKFP-1068", "RDKFP-1069", "RDKFP-1070", "RDKFP-1071", "RDKFP-1072", "RDKFP-1073", "RDKFP-1074", "RDKFP-1075", "RDKFP-1076", "RDKFP-1077", "RDKFP-1078", "RDKFP-1079", "RDKFP-1080", "RDKFP-1081", "RDKFP-1082", "RDKFP-1083", "RDKFP-1084", "RDKFP-1085", "RDKFP-1086", "RDKFP-1087", "RDKFP-1088", "RDKFP-1089", "RDKFP-1090", "RDKFP-1091", "RDKFP-1092", "RDKFP-1093", "RDKFP-1094", "RDKFP-1095", "RDKFP-1096", "RDKFP-1097", "RDKFP-1098", "RDKFP-1099", "RDKFP-1100", "RDKFP-1101", "RDKFP-1102", "RDKFP-1103", "RDKFP-1104", "RDKFP-1105", "RDKFP-1106", "RDKFP-1107", "RDKFP-1108", "RDKFP-1109", "RDKFP-1110", "RDKFP-1111", "RDKFP-1112", "RDKFP-1113", "RDKFP-1114", "RDKFP-1115", "RDKFP-1116", "RDKFP-1117", "RDKFP-1118", "RDKFP-1119", "RDKFP-1120", "RDKFP-1121", "RDKFP-1122", "RDKFP-1123", "RDKFP-1124", "RDKFP-1125", "RDKFP-1126", "RDKFP-1127", "RDKFP-1128", "RDKFP-1129", "RDKFP-1130", "RDKFP-1131", "RDKFP-1132", "RDKFP-1133", "RDKFP-1134", "RDKFP-1135", "RDKFP-1136", "RDKFP-1137", "RDKFP-1138", "RDKFP-1139", "RDKFP-1140", "RDKFP-1141", "RDKFP-1142", "RDKFP-1143", "RDKFP-1144", "RDKFP-1145", "RDKFP-1146", "RDKFP-1147", "RDKFP-1148", "RDKFP-1149", "RDKFP-1150", "RDKFP-1151", "RDKFP-1152", "RDKFP-1153", "RDKFP-1154", "RDKFP-1155", "RDKFP-1156", "RDKFP-1157", "RDKFP-1158", "RDKFP-1159", "RDKFP-1160", "RDKFP-1161", "RDKFP-1162", "RDKFP-1163", "RDKFP-1164", "RDKFP-1165", "RDKFP-1166", "RDKFP-1167", "RDKFP-1168", "RDKFP-1169", "RDKFP-1170", "RDKFP-1171", "RDKFP-1172", "RDKFP-1173", "RDKFP-1174", "RDKFP-1175", "RDKFP-1176", "RDKFP-1177", "RDKFP-1178", "RDKFP-1179", "RDKFP-1180", "RDKFP-1181", "RDKFP-1182", "RDKFP-1183", "RDKFP-1184", "RDKFP-1185", "RDKFP-1186", "RDKFP-1187", "RDKFP-1188", "RDKFP-1189", "RDKFP-1190", "RDKFP-1191", "RDKFP-1192", "RDKFP-1193", "RDKFP-1194", "RDKFP-1195", "RDKFP-1196", "RDKFP-1197", "RDKFP-1198", "RDKFP-1199", "RDKFP-1200", "RDKFP-1201", "RDKFP-1202", "RDKFP-1203", "RDKFP-1204", "RDKFP-1205", "RDKFP-1206", "RDKFP-1207", "RDKFP-1208", "RDKFP-1209", "RDKFP-1210", "RDKFP-1211", "RDKFP-1212", "RDKFP-1213", "RDKFP-1214", "RDKFP-1215", "RDKFP-1216", "RDKFP-1217", "RDKFP-1218", "RDKFP-1219", "RDKFP-1220", "RDKFP-1221", "RDKFP-1222", "RDKFP-1223", "RDKFP-1224", "RDKFP-1225", "RDKFP-1226", "RDKFP-1227", "RDKFP-1228", "RDKFP-1229", "RDKFP-1230", "RDKFP-1231", "RDKFP-1232", "RDKFP-1233", "RDKFP-1234", "RDKFP-1235", "RDKFP-1236", "RDKFP-1237", "RDKFP-1238", "RDKFP-1239", "RDKFP-1240", "RDKFP-1241", "RDKFP-1242", "RDKFP-1243", "RDKFP-1244", "RDKFP-1245", "RDKFP-1246", "RDKFP-1247", "RDKFP-1248", "RDKFP-1249", "RDKFP-1250", "RDKFP-1251", "RDKFP-1252", "RDKFP-1253", "RDKFP-1254", "RDKFP-1255", "RDKFP-1256", "RDKFP-1257", "RDKFP-1258", "RDKFP-1259", "RDKFP-1260", "RDKFP-1261", "RDKFP-1262", "RDKFP-1263", "RDKFP-1264", "RDKFP-1265", "RDKFP-1266", "RDKFP-1267", "RDKFP-1268", "RDKFP-1269", "RDKFP-1270", "RDKFP-1271", "RDKFP-1272", "RDKFP-1273", "RDKFP-1274", "RDKFP-1275", "RDKFP-1276", "RDKFP-1277", "RDKFP-1278", "RDKFP-1279", "RDKFP-1280", "RDKFP-1281", "RDKFP-1282", "RDKFP-1283", "RDKFP-1284", "RDKFP-1285", "RDKFP-1286", "RDKFP-1287", "RDKFP-1288", "RDKFP-1289", "RDKFP-1290", "RDKFP-1291", "RDKFP-1292", "RDKFP-1293", "RDKFP-1294", "RDKFP-1295", "RDKFP-1296", "RDKFP-1297", "RDKFP-1298", "RDKFP-1299", "RDKFP-1300", "RDKFP-1301", "RDKFP-1302", "RDKFP-1303", "RDKFP-1304", "RDKFP-1305", "RDKFP-1306", "RDKFP-1307", "RDKFP-1308", "RDKFP-1309", "RDKFP-1310", "RDKFP-1311", "RDKFP-1312", "RDKFP-1313", "RDKFP-1314", "RDKFP-1315", "RDKFP-1316", "RDKFP-1317", "RDKFP-1318", "RDKFP-1319", "RDKFP-1320", "RDKFP-1321", "RDKFP-1322", "RDKFP-1323", "RDKFP-1324", "RDKFP-1325", "RDKFP-1326", "RDKFP-1327", "RDKFP-1328", "RDKFP-1329", "RDKFP-1330", "RDKFP-1331", "RDKFP-1332", "RDKFP-1333", "RDKFP-1334", "RDKFP-1335", "RDKFP-1336", "RDKFP-1337", "RDKFP-1338", "RDKFP-1339", "RDKFP-1340", "RDKFP-1341", "RDKFP-1342", "RDKFP-1343", "RDKFP-1344", "RDKFP-1345", "RDKFP-1346", "RDKFP-1347", "RDKFP-1348", "RDKFP-1349", "RDKFP-1350", "RDKFP-1351", "RDKFP-1352", "RDKFP-1353", "RDKFP-1354", "RDKFP-1355", "RDKFP-1356", "RDKFP-1357", "RDKFP-1358", "RDKFP-1359", "RDKFP-1360", "RDKFP-1361", "RDKFP-1362", "RDKFP-1363", "RDKFP-1364", "RDKFP-1365", "RDKFP-1366", "RDKFP-1367", "RDKFP-1368", "RDKFP-1369", "RDKFP-1370", "RDKFP-1371", "RDKFP-1372", "RDKFP-1373", "RDKFP-1374", "RDKFP-1375", "RDKFP-1376", "RDKFP-1377", "RDKFP-1378", "RDKFP-1379", "RDKFP-1380", "RDKFP-1381", "RDKFP-1382", "RDKFP-1383", "RDKFP-1384", "RDKFP-1385", "RDKFP-1386", "RDKFP-1387", "RDKFP-1388", "RDKFP-1389", "RDKFP-1390", "RDKFP-1391", "RDKFP-1392", "RDKFP-1393", "RDKFP-1394", "RDKFP-1395", "RDKFP-1396", "RDKFP-1397", "RDKFP-1398", "RDKFP-1399", "RDKFP-1400", "RDKFP-1401", "RDKFP-1402", "RDKFP-1403", "RDKFP-1404", "RDKFP-1405", "RDKFP-1406", "RDKFP-1407", "RDKFP-1408", "RDKFP-1409", "RDKFP-1410", "RDKFP-1411", "RDKFP-1412", "RDKFP-1413", "RDKFP-1414", "RDKFP-1415", "RDKFP-1416", "RDKFP-1417", "RDKFP-1418", "RDKFP-1419", "RDKFP-1420", "RDKFP-1421", "RDKFP-1422", "RDKFP-1423", "RDKFP-1424", "RDKFP-1425", "RDKFP-1426", "RDKFP-1427", "RDKFP-1428", "RDKFP-1429", "RDKFP-1430", "RDKFP-1431", "RDKFP-1432", "RDKFP-1433", "RDKFP-1434", "RDKFP-1435", "RDKFP-1436", "RDKFP-1437", "RDKFP-1438", "RDKFP-1439", "RDKFP-1440", "RDKFP-1441", "RDKFP-1442", "RDKFP-1443", "RDKFP-1444", "RDKFP-1445", "RDKFP-1446", "RDKFP-1447", "RDKFP-1448", "RDKFP-1449", "RDKFP-1450", "RDKFP-1451", "RDKFP-1452", "RDKFP-1453", "RDKFP-1454", "RDKFP-1455", "RDKFP-1456", "RDKFP-1457", "RDKFP-1458", "RDKFP-1459", "RDKFP-1460", "RDKFP-1461", "RDKFP-1462", "RDKFP-1463", "RDKFP-1464", "RDKFP-1465", "RDKFP-1466", "RDKFP-1467", "RDKFP-1468", "RDKFP-1469", "RDKFP-1470", "RDKFP-1471", "RDKFP-1472", "RDKFP-1473", "RDKFP-1474", "RDKFP-1475", "RDKFP-1476", "RDKFP-1477", "RDKFP-1478", "RDKFP-1479", "RDKFP-1480", "RDKFP-1481", "RDKFP-1482", "RDKFP-1483", "RDKFP-1484", "RDKFP-1485", "RDKFP-1486", "RDKFP-1487", "RDKFP-1488", "RDKFP-1489", "RDKFP-1490", "RDKFP-1491", "RDKFP-1492", "RDKFP-1493", "RDKFP-1494", "RDKFP-1495", "RDKFP-1496", "RDKFP-1497", "RDKFP-1498", "RDKFP-1499", "RDKFP-1500", "RDKFP-1501", "RDKFP-1502", "RDKFP-1503", "RDKFP-1504", "RDKFP-1505", "RDKFP-1506", "RDKFP-1507", "RDKFP-1508", "RDKFP-1509", "RDKFP-1510", "RDKFP-1511", "RDKFP-1512", "RDKFP-1513", "RDKFP-1514", "RDKFP-1515", "RDKFP-1516", "RDKFP-1517", "RDKFP-1518", "RDKFP-1519", "RDKFP-1520", "RDKFP-1521", "RDKFP-1522", "RDKFP-1523", "RDKFP-1524", "RDKFP-1525", "RDKFP-1526", "RDKFP-1527", "RDKFP-1528", "RDKFP-1529", "RDKFP-1530", "RDKFP-1531", "RDKFP-1532", "RDKFP-1533", "RDKFP-1534", "RDKFP-1535", "RDKFP-1536", "RDKFP-1537", "RDKFP-1538", "RDKFP-1539", "RDKFP-1540", "RDKFP-1541", "RDKFP-1542", "RDKFP-1543", "RDKFP-1544", "RDKFP-1545", "RDKFP-1546", "RDKFP-1547", "RDKFP-1548", "RDKFP-1549", "RDKFP-1550", "RDKFP-1551", "RDKFP-1552", "RDKFP-1553", "RDKFP-1554", "RDKFP-1555", "RDKFP-1556", "RDKFP-1557", "RDKFP-1558", "RDKFP-1559", "RDKFP-1560", "RDKFP-1561", "RDKFP-1562", "RDKFP-1563", "RDKFP-1564", "RDKFP-1565", "RDKFP-1566", "RDKFP-1567", "RDKFP-1568", "RDKFP-1569", "RDKFP-1570", "RDKFP-1571", "RDKFP-1572", "RDKFP-1573", "RDKFP-1574", "RDKFP-1575", "RDKFP-1576", "RDKFP-1577", "RDKFP-1578", "RDKFP-1579", "RDKFP-1580", "RDKFP-1581", "RDKFP-1582", "RDKFP-1583", "RDKFP-1584", "RDKFP-1585", "RDKFP-1586", "RDKFP-1587", "RDKFP-1588", "RDKFP-1589", "RDKFP-1590", "RDKFP-1591", "RDKFP-1592", "RDKFP-1593", "RDKFP-1594", "RDKFP-1595", "RDKFP-1596", "RDKFP-1597", "RDKFP-1598", "RDKFP-1599", "RDKFP-1600", "RDKFP-1601", "RDKFP-1602", "RDKFP-1603", "RDKFP-1604", "RDKFP-1605", "RDKFP-1606", "RDKFP-1607", "RDKFP-1608", "RDKFP-1609", "RDKFP-1610", "RDKFP-1611", "RDKFP-1612", "RDKFP-1613", "RDKFP-1614", "RDKFP-1615", "RDKFP-1616", "RDKFP-1617", "RDKFP-1618", "RDKFP-1619", "RDKFP-1620", "RDKFP-1621", "RDKFP-1622", "RDKFP-1623", "RDKFP-1624", "RDKFP-1625", "RDKFP-1626", "RDKFP-1627", "RDKFP-1628", "RDKFP-1629", "RDKFP-1630", "RDKFP-1631", "RDKFP-1632", "RDKFP-1633", "RDKFP-1634", "RDKFP-1635", "RDKFP-1636", "RDKFP-1637", "RDKFP-1638", "RDKFP-1639", "RDKFP-1640", "RDKFP-1641", "RDKFP-1642", "RDKFP-1643", "RDKFP-1644", "RDKFP-1645", "RDKFP-1646", "RDKFP-1647", "RDKFP-1648", "RDKFP-1649", "RDKFP-1650", "RDKFP-1651", "RDKFP-1652", "RDKFP-1653", "RDKFP-1654", "RDKFP-1655", "RDKFP-1656", "RDKFP-1657", "RDKFP-1658", "RDKFP-1659", "RDKFP-1660", "RDKFP-1661", "RDKFP-1662", "RDKFP-1663", "RDKFP-1664", "RDKFP-1665", "RDKFP-1666", "RDKFP-1667", "RDKFP-1668", "RDKFP-1669", "RDKFP-1670", "RDKFP-1671", "RDKFP-1672", "RDKFP-1673", "RDKFP-1674", "RDKFP-1675", "RDKFP-1676", "RDKFP-1677", "RDKFP-1678", "RDKFP-1679", "RDKFP-1680", "RDKFP-1681", "RDKFP-1682", "RDKFP-1683", "RDKFP-1684", "RDKFP-1685", "RDKFP-1686", "RDKFP-1687", "RDKFP-1688", "RDKFP-1689", "RDKFP-1690", "RDKFP-1691", "RDKFP-1692", "RDKFP-1693", "RDKFP-1694", "RDKFP-1695", "RDKFP-1696", "RDKFP-1697", "RDKFP-1698", "RDKFP-1699", "RDKFP-1700", "RDKFP-1701", "RDKFP-1702", "RDKFP-1703", "RDKFP-1704", "RDKFP-1705", "RDKFP-1706", "RDKFP-1707", "RDKFP-1708", "RDKFP-1709", "RDKFP-1710", "RDKFP-1711", "RDKFP-1712", "RDKFP-1713", "RDKFP-1714", "RDKFP-1715", "RDKFP-1716", "RDKFP-1717", "RDKFP-1718", "RDKFP-1719", "RDKFP-1720", "RDKFP-1721", "RDKFP-1722", "RDKFP-1723", "RDKFP-1724", "RDKFP-1725", "RDKFP-1726", "RDKFP-1727", "RDKFP-1728", "RDKFP-1729", "RDKFP-1730", "RDKFP-1731", "RDKFP-1732", "RDKFP-1733", "RDKFP-1734", "RDKFP-1735", "RDKFP-1736", "RDKFP-1737", "RDKFP-1738", "RDKFP-1739", "RDKFP-1740", "RDKFP-1741", "RDKFP-1742", "RDKFP-1743", "RDKFP-1744", "RDKFP-1745", "RDKFP-1746", "RDKFP-1747", "RDKFP-1748", "RDKFP-1749", "RDKFP-1750", "RDKFP-1751", "RDKFP-1752", "RDKFP-1753", "RDKFP-1754", "RDKFP-1755", "RDKFP-1756", "RDKFP-1757", "RDKFP-1758", "RDKFP-1759", "RDKFP-1760", "RDKFP-1761", "RDKFP-1762", "RDKFP-1763", "RDKFP-1764", "RDKFP-1765", "RDKFP-1766", "RDKFP-1767", "RDKFP-1768", "RDKFP-1769", "RDKFP-1770", "RDKFP-1771", "RDKFP-1772", "RDKFP-1773", "RDKFP-1774", "RDKFP-1775", "RDKFP-1776", "RDKFP-1777", "RDKFP-1778", "RDKFP-1779", "RDKFP-1780", "RDKFP-1781", "RDKFP-1782", "RDKFP-1783", "RDKFP-1784", "RDKFP-1785", "RDKFP-1786", "RDKFP-1787", "RDKFP-1788", "RDKFP-1789", "RDKFP-1790", "RDKFP-1791", "RDKFP-1792", "RDKFP-1793", "RDKFP-1794", "RDKFP-1795", "RDKFP-1796", "RDKFP-1797", "RDKFP-1798", "RDKFP-1799", "RDKFP-1800", "RDKFP-1801", "RDKFP-1802", "RDKFP-1803", "RDKFP-1804", "RDKFP-1805", "RDKFP-1806", "RDKFP-1807", "RDKFP-1808", "RDKFP-1809", "RDKFP-1810", "RDKFP-1811", "RDKFP-1812", "RDKFP-1813", "RDKFP-1814", "RDKFP-1815", "RDKFP-1816", "RDKFP-1817", "RDKFP-1818", "RDKFP-1819", "RDKFP-1820", "RDKFP-1821", "RDKFP-1822", "RDKFP-1823", "RDKFP-1824", "RDKFP-1825", "RDKFP-1826", "RDKFP-1827", "RDKFP-1828", "RDKFP-1829", "RDKFP-1830", "RDKFP-1831", "RDKFP-1832", "RDKFP-1833", "RDKFP-1834", "RDKFP-1835", "RDKFP-1836", "RDKFP-1837", "RDKFP-1838", "RDKFP-1839", "RDKFP-1840", "RDKFP-1841", "RDKFP-1842", "RDKFP-1843", "RDKFP-1844", "RDKFP-1845", "RDKFP-1846", "RDKFP-1847", "RDKFP-1848", "RDKFP-1849", "RDKFP-1850", "RDKFP-1851", "RDKFP-1852", "RDKFP-1853", "RDKFP-1854", "RDKFP-1855", "RDKFP-1856", "RDKFP-1857", "RDKFP-1858", "RDKFP-1859", "RDKFP-1860", "RDKFP-1861", "RDKFP-1862", "RDKFP-1863", "RDKFP-1864", "RDKFP-1865", "RDKFP-1866", "RDKFP-1867", "RDKFP-1868", "RDKFP-1869", "RDKFP-1870", "RDKFP-1871", "RDKFP-1872", "RDKFP-1873", "RDKFP-1874", "RDKFP-1875", "RDKFP-1876", "RDKFP-1877", "RDKFP-1878", "RDKFP-1879", "RDKFP-1880", "RDKFP-1881", "RDKFP-1882", "RDKFP-1883", "RDKFP-1884", "RDKFP-1885", "RDKFP-1886", "RDKFP-1887", "RDKFP-1888", "RDKFP-1889", "RDKFP-1890", "RDKFP-1891", "RDKFP-1892", "RDKFP-1893", "RDKFP-1894", "RDKFP-1895", "RDKFP-1896", "RDKFP-1897", "RDKFP-1898", "RDKFP-1899", "RDKFP-1900", "RDKFP-1901", "RDKFP-1902", "RDKFP-1903", "RDKFP-1904", "RDKFP-1905", "RDKFP-1906", "RDKFP-1907", "RDKFP-1908", "RDKFP-1909", "RDKFP-1910", "RDKFP-1911", "RDKFP-1912", "RDKFP-1913", "RDKFP-1914", "RDKFP-1915", "RDKFP-1916", "RDKFP-1917", "RDKFP-1918", "RDKFP-1919", "RDKFP-1920", "RDKFP-1921", "RDKFP-1922", "RDKFP-1923", "RDKFP-1924", "RDKFP-1925", "RDKFP-1926", "RDKFP-1927", "RDKFP-1928", "RDKFP-1929", "RDKFP-1930", "RDKFP-1931", "RDKFP-1932", "RDKFP-1933", "RDKFP-1934", "RDKFP-1935", "RDKFP-1936", "RDKFP-1937", "RDKFP-1938", "RDKFP-1939", "RDKFP-1940", "RDKFP-1941", "RDKFP-1942", "RDKFP-1943", "RDKFP-1944", "RDKFP-1945", "RDKFP-1946", "RDKFP-1947", "RDKFP-1948", "RDKFP-1949", "RDKFP-1950", "RDKFP-1951", "RDKFP-1952", "RDKFP-1953", "RDKFP-1954", "RDKFP-1955", "RDKFP-1956", "RDKFP-1957", "RDKFP-1958", "RDKFP-1959", "RDKFP-1960", "RDKFP-1961", "RDKFP-1962", "RDKFP-1963", "RDKFP-1964", "RDKFP-1965", "RDKFP-1966", "RDKFP-1967", "RDKFP-1968", "RDKFP-1969", "RDKFP-1970", "RDKFP-1971", "RDKFP-1972", "RDKFP-1973", "RDKFP-1974", "RDKFP-1975", "RDKFP-1976", "RDKFP-1977", "RDKFP-1978", "RDKFP-1979", "RDKFP-1980", "RDKFP-1981", "RDKFP-1982", "RDKFP-1983", "RDKFP-1984", "RDKFP-1985", "RDKFP-1986", "RDKFP-1987", "RDKFP-1988", "RDKFP-1989", "RDKFP-1990", "RDKFP-1991", "RDKFP-1992", "RDKFP-1993", "RDKFP-1994", "RDKFP-1995", "RDKFP-1996", "RDKFP-1997", "RDKFP-1998", "RDKFP-1999", "RDKFP-2000", "RDKFP-2001", "RDKFP-2002", "RDKFP-2003", "RDKFP-2004", "RDKFP-2005", "RDKFP-2006", "RDKFP-2007", "RDKFP-2008", "RDKFP-2009", "RDKFP-2010", "RDKFP-2011", "RDKFP-2012", "RDKFP-2013", "RDKFP-2014", "RDKFP-2015", "RDKFP-2016", "RDKFP-2017", "RDKFP-2018", "RDKFP-2019", "RDKFP-2020", "RDKFP-2021", "RDKFP-2022", "RDKFP-2023", "RDKFP-2024", "RDKFP-2025", "RDKFP-2026", "RDKFP-2027", "RDKFP-2028", "RDKFP-2029", "RDKFP-2030", "RDKFP-2031", "RDKFP-2032", "RDKFP-2033", "RDKFP-2034", "RDKFP-2035", "RDKFP-2036", "RDKFP-2037", "RDKFP-2038", "RDKFP-2039", "RDKFP-2040", "RDKFP-2041", "RDKFP-2042", "RDKFP-2043", "RDKFP-2044", "RDKFP-2045", "RDKFP-2046", "RDKFP-2047"], "feature_length": 2235, "n_tot": 4199, "train_percent": 0.8, "split_method": "RandomSplit", "n_train": 3359, "n_test": 840, "in_shape": 2235, "param_grid": {"n_estimators": {"low": 500, "high": 2000, "prior": "uniform", "base": 10, "log_base": 1.0, "_name": null, "transform_": "identity"}, "max_features": {"categories": ["auto", "sqrt"], "_name": null, "transform_": "onehot", "prior": null, "prior_": [0.5, 0.5]}, "max_depth": {"low": 1, "high": 25, "prior": "uniform", "base": 10, "log_base": 1.0, "_name": null, "transform_": "identity"}, "min_samples_split": {"low": 2, "high": 30, "prior": "uniform", "base": 10, "log_base": 1.0, "_name": null, "transform_": "identity"}, "min_samples_leaf": {"low": 2, "high": 30, "prior": "uniform", "base": 10, "log_base": 1.0, "_name": null, "transform_": "identity"}, "learning_rate": {"low": 0.001, "high": 1, "prior": "log-uniform", "base": 10, "log_base": 1.0, "_name": null, "transform_": "identity"}}, "fit_params": null, "tune_algorithm_name": "BayesSearchCV", "cp_delta": 0.25833333333333336, "cp_n_best": 5, "params": {"learning_rate": 0.2736452822078245, "max_depth": 5, "max_features": "sqrt", "min_samples_leaf": 24, "min_samples_split": 17, "n_estimators": 643}, "cv_results": {"split0_test_score": [-1.2694913696567371, -1.2288527481131921, -1.2779580150990963, -1.2106320432616937, -1.1788762963280566], "split1_test_score": [-1.3978449170113942, -1.3523769724091712, -1.402022603503538, -1.2999725931654045, -1.3463368255214838], "split2_test_score": [-1.3058410865136398, -1.2867327097004617, -1.3153721370145899, -1.2740327647605814, -1.2576461310643792], "split3_test_score": [-1.3403070742336216, -1.3090031973572565, -1.3413704040956218, -1.257237949222515, -1.2866515057428274], "split4_test_score": [-1.2529222364182968, -1.2143694721511655, -1.256387459106288, -1.241396039741973, -1.2382637661004217], "mean_test_score": [-1.3132993061327243, -1.278286042735114, -1.318640651499658, -1.2566588205247142, -1.2615618389016723], "std_test_score": [0.05195406193359251, 0.05105121585149038, 0.05100689395822719, 0.030102128481383408, 0.0551634701616644], "mean_fit_time": [24.831921434402467, 441.00007524490354, 948.1601974487305, 9.135804986953735, 30.952621507644654], "std_fit_time": [0.23303621469471844, 35.05221573239263, 59.64162393690031, 0.04567939504286584, 0.14229202044163244], "mean_score_time": [0.005896234512329101, 0.006113386154174805, 0.0064618587493896484, 0.006464385986328125, 0.0073491096496582035], "std_score_time": [0.0014559219343587978, 0.0021456340250430735, 0.002201008206695126, 0.0015263322335613211, 0.0012974801864247781], "param_learning_rate": [0.016994636371262764, 0.3252108800594495, 0.02160217783087772, 0.2736452822078245, 0.25041499136197737], "param_max_depth": [18, 22, 23, 5, 12], "param_max_features": ["sqrt", "auto", "auto", "sqrt", "sqrt"], "param_min_samples_leaf": [11, 29, 14, 24, 22], "param_min_samples_split": [21, 26, 7, 17, 27], "param_n_estimators": [1121, 593, 1180, 643, 1576], "rank_test_score": [4, 3, 5, 1, 2], "params": "[{'learning_rate': 0.016994636371262764, 'max_depth': 18, 'max_features': 'sqrt', 'min_samples_leaf': 11, 'min_samples_split': 21, 'n_estimators': 1121}, {'learning_rate': 0.3252108800594495, 'max_depth': 22, 'max_features': 'auto', 'min_samples_leaf': 29, 'min_samples_split': 26, 'n_estimators': 593}, {'learning_rate': 0.02160217783087772, 'max_depth': 23, 'max_features': 'auto', 'min_samples_leaf': 14, 'min_samples_split': 7, 'n_estimators': 1180}, {'learning_rate': 0.2736452822078245, 'max_depth': 5, 'max_features': 'sqrt', 'min_samples_leaf': 24, 'min_samples_split': 17, 'n_estimators': 643}, {'learning_rate': 0.25041499136197737, 'max_depth': 12, 'max_features': 'sqrt', 'min_samples_leaf': 22, 'min_samples_split': 27, 'n_estimators': 1576}]"}, "tune_time": 1542.5046133995056, "predictions_stats": {"r2_raw": [0.6359000432247941, 0.6512348996678261, 0.6597376910376452, 0.6422219209670531, 0.6350917915638177], "r2_avg": 0.6448372692922273, "r2_std": 0.009430171105673908, "mse_raw": [0.5335734074667389, 0.5111008104420334, 0.4986403218323787, 0.5243089574558099, 0.5347578668021846], "mse_avg": 0.5204762727998291, "mse_std": 0.013819525205149555, "rmse_raw": [0.73046109237025, 0.7149131488803611, 0.7061446890208682, 0.724091815625484, 0.7312714043378044], "rmse_avg": 0.7213764300469536, "rmse_std": 0.009608276252368802, "time_raw": [4.966557025909424, 5.000192403793335, 4.9940080642700195, 4.996832609176636, 4.991146087646484], "time_avg": 4.98974723815918, "time_std": 0.01197665504891594}, "scaled_predictions_stats": {"r2_raw_scaled": [0.6359000432247941, 0.6512348996678261, 0.6597376910376452, 0.6422219209670532, 0.6350917915638177], "r2_avg_scaled": 0.6448372692922273, "r2_std_scaled": 0.009430171105673901, "mse_raw_scaled": [0.014040425772956928, 0.01344908290234991, 0.013121198185888408, 0.013796641467207346, 0.01407159358069939], "mse_avg_scaled": 0.013695788381820395, "mse_std_scaled": 0.00036364634208743696, "rmse_raw_scaled": [0.11849230258948017, 0.11597018109130429, 0.11454779869507929, 0.11745910550999163, 0.11862374796262083], "rmse_avg_scaled": 0.11701862716969524, "rmse_std_scaled": 0.0015586138521966855}}