<?xml version="1.0" encoding="UTF-8" standalone="yes"?>
<PredictionRegistry xmlns="http://www.qsardb.org/QDB">
    <Prediction>
        <Id>11-training</Id>
        <Name>Training</Name>
        <Labels></Labels>
        <Cargos>values</Cargos>
        <ModelId>11</ModelId>
        <Type>training</Type>
        <Timestamp>2012-05-14T18:20:37.437Z</Timestamp>
    </Prediction>
    <Prediction>
        <Id>12-training</Id>
        <Name>Training</Name>
        <Labels></Labels>
        <Cargos>values</Cargos>
        <ModelId>12</ModelId>
        <Type>training</Type>
        <Timestamp>2012-05-14T18:20:37.453Z</Timestamp>
    </Prediction>
    <Prediction>
        <Id>13-training</Id>
        <Name>Training</Name>
        <Labels></Labels>
        <Cargos>values</Cargos>
        <ModelId>13</ModelId>
        <Type>training</Type>
        <Timestamp>2012-05-14T18:20:37.453Z</Timestamp>
    </Prediction>
    <Prediction>
        <Id>14-training</Id>
        <Name>Training</Name>
        <Labels></Labels>
        <Cargos>values</Cargos>
        <ModelId>14</ModelId>
        <Type>training</Type>
        <Timestamp>2012-05-14T18:20:37.468Z</Timestamp>
    </Prediction>
</PredictionRegistry>
