<?xml version="1.0" encoding="UTF-8" standalone="yes"?>
<PredictionRegistry xmlns="http://www.qsardb.org/QDB">
    <Prediction>
        <Id>dH_C(train)</Id>
        <Name>Training set</Name>
        <Labels></Labels>
        <Cargos>values ucum</Cargos>
        <ModelId>Eq4</ModelId>
        <Type>training</Type>
        <Application>Codessa 2.7.16</Application>
    </Prediction>
    <Prediction>
        <Id>dH_C(test)</Id>
        <Name>Test set</Name>
        <Labels></Labels>
        <Cargos>values ucum</Cargos>
        <ModelId>Eq4</ModelId>
        <Type>validation</Type>
        <Application>Codessa 2.7.16</Application>
    </Prediction>
</PredictionRegistry>
