<?xml version="1.0" encoding="UTF-8" standalone="yes"?>
<PredictionRegistry xmlns="http://www.qsardb.org/QDB">
    <Prediction>
        <Id>Eq.(i)-training</Id>
        <Name>Training set</Name>
        <Labels></Labels>
        <Cargos>values</Cargos>
        <ModelId>Eq.(i)</ModelId>
        <Type>training</Type>
        <Application>MOBY DIGS 1.0 beta</Application>
    </Prediction>
    <Prediction>
        <Id>Eq.(ii)-training</Id>
        <Name>Training set</Name>
        <Labels></Labels>
        <Cargos>values</Cargos>
        <ModelId>Eq.(ii)</ModelId>
        <Type>training</Type>
        <Application>MOBY DIGS 1.0 beta</Application>
    </Prediction>
    <Prediction>
        <Id>Tab1.D1-training</Id>
        <Name>Training set</Name>
        <Labels></Labels>
        <Cargos>values</Cargos>
        <ModelId>Tab1.D1</ModelId>
        <Type>training</Type>
        <Application>MOBY DIGS 1.0 beta</Application>
    </Prediction>
    <Prediction>
        <Id>Tab1.D1-validation</Id>
        <Name>Validation set</Name>
        <Labels></Labels>
        <Cargos>values</Cargos>
        <ModelId>Tab1.D1</ModelId>
        <Type>validation</Type>
        <Application>MOBY DIGS 1.0 beta</Application>
    </Prediction>
    <Prediction>
        <Id>Tab1.D3-training</Id>
        <Name>Training set</Name>
        <Labels></Labels>
        <Cargos>values</Cargos>
        <ModelId>Tab1.D3</ModelId>
        <Type>training</Type>
        <Application>MOBY DIGS 1.0 beta</Application>
    </Prediction>
    <Prediction>
        <Id>Tab1.D3-validation</Id>
        <Name>Validation set</Name>
        <Labels></Labels>
        <Cargos>values</Cargos>
        <ModelId>Tab1.D3</ModelId>
        <Type>validation</Type>
        <Application>MOBY DIGS 1.0 beta</Application>
    </Prediction>
    <Prediction>
        <Id>Tab1.D2-training</Id>
        <Name>Training set</Name>
        <Labels></Labels>
        <Cargos>values</Cargos>
        <ModelId>Tab1.D2</ModelId>
        <Type>training</Type>
        <Application>MOBY DIGS 1.0 beta</Application>
    </Prediction>
    <Prediction>
        <Id>Tab1.D2-validation</Id>
        <Name>Validation set</Name>
        <Labels></Labels>
        <Cargos>values</Cargos>
        <ModelId>Tab1.D2</ModelId>
        <Type>validation</Type>
        <Application>MOBY DIGS 1.0 beta</Application>
    </Prediction>
    <Prediction>
        <Id>Tab1.O1-training</Id>
        <Name>Training set</Name>
        <Labels></Labels>
        <Cargos>values</Cargos>
        <ModelId>Tab1.O1</ModelId>
        <Type>training</Type>
        <Application>MOBY DIGS 1.0 beta</Application>
    </Prediction>
    <Prediction>
        <Id>Tab1.O1-validation</Id>
        <Name>Validation set</Name>
        <Labels></Labels>
        <Cargos>values</Cargos>
        <ModelId>Tab1.O1</ModelId>
        <Type>validation</Type>
        <Application>MOBY DIGS 1.0 beta</Application>
    </Prediction>
    <Prediction>
        <Id>Tab1.O2-training</Id>
        <Name>Training set</Name>
        <Labels></Labels>
        <Cargos>values</Cargos>
        <ModelId>Tab1.O2</ModelId>
        <Type>training</Type>
        <Application>MOBY DIGS 1.0 beta</Application>
    </Prediction>
    <Prediction>
        <Id>Tab1.O2-validation</Id>
        <Name>Validation set</Name>
        <Labels></Labels>
        <Cargos>values</Cargos>
        <ModelId>Tab1.O2</ModelId>
        <Type>validation</Type>
        <Application>MOBY DIGS 1.0 beta</Application>
    </Prediction>
    <Prediction>
        <Id>Tab1.O3-training</Id>
        <Name>Training set</Name>
        <Labels></Labels>
        <Cargos>values</Cargos>
        <ModelId>Tab1.O3</ModelId>
        <Type>training</Type>
        <Application>MOBY DIGS 1.0 beta</Application>
    </Prediction>
    <Prediction>
        <Id>Tab1.O3-validation</Id>
        <Name>Validation set</Name>
        <Labels></Labels>
        <Cargos>values</Cargos>
        <ModelId>Tab1.O3</ModelId>
        <Type>validation</Type>
        <Application>MOBY DIGS 1.0 beta</Application>
    </Prediction>
</PredictionRegistry>
