<?xml version="1.0" encoding="UTF-8" standalone="yes"?>
<CompoundRegistry xmlns="http://www.qsardb.org/QDB">
    <Compound>
        <Id>T01</Id>
        <Name>DIBENZOYL PEROXIDE</Name>
        <Labels></Labels>
        <Cargos>daylight-smiles mdl-molfile</Cargos>
        <Cas>94-36-0</Cas>
        <InChI>InChI=1S/C14H10O4/c15-13(11-7-3-1-4-8-11)17-18-14(16)12-9-5-2-6-10-12/h1-10H</InChI>
    </Compound>
    <Compound>
        <Id>T02</Id>
        <Name>TERT-BUTYL PEROXY-3,5,5-TRIMETHYLHEXANOATE</Name>
        <Labels></Labels>
        <Cargos>daylight-smiles mdl-molfile</Cargos>
        <Cas>13122-18-4</Cas>
        <InChI>InChI=1S/C13H26O3/c1-10(9-12(2,3)4)8-11(14)15-16-13(5,6)7/h10H,8-9H2,1-7H3</InChI>
    </Compound>
    <Compound>
        <Id>T03</Id>
        <Name>TERT-BUTYL PEROXY 2-ETHYLHEXANOATE</Name>
        <Labels></Labels>
        <Cargos>daylight-smiles mdl-molfile</Cargos>
        <Cas>3006-82-4</Cas>
        <InChI>InChI=1S/C12H24O3/c1-6-8-9-10(7-2)11(13)14-15-12(3,4)5/h10H,6-9H2,1-5H3</InChI>
    </Compound>
    <Compound>
        <Id>T04</Id>
        <Name>2,5-DIMETHYL-2,5-DI(TERT-BUTYLPEROXY)HEXANE</Name>
        <Labels></Labels>
        <Cargos>daylight-smiles mdl-molfile</Cargos>
        <Cas>78-63-7</Cas>
        <InChI>InChI=1S/C16H34O4/c1-13(2,3)17-19-15(7,8)11-12-16(9,10)20-18-14(4,5)6/h11-12H2,1-10H3</InChI>
    </Compound>
    <Compound>
        <Id>T05</Id>
        <Name>DI-(2-ETHYLHEXYL) PEROXYDICARBONATE</Name>
        <Labels></Labels>
        <Cargos>daylight-smiles mdl-molfile</Cargos>
        <Cas>16111-62-9</Cas>
        <InChI>InChI=1S/C18H34O6/c1-5-9-11-15(7-3)13-21-17(19)23-24-18(20)22-14-16(8-4)12-10-6-2/h15-16H,5-14H2,1-4H3</InChI>
    </Compound>
    <Compound>
        <Id>T06</Id>
        <Name>DI-TERT-BUTYL PEROXIDE</Name>
        <Labels></Labels>
        <Cargos>daylight-smiles mdl-molfile</Cargos>
        <Cas>110-05-4</Cas>
        <InChI>InChI=1S/C8H18O2/c1-7(2,3)9-10-8(4,5)6/h1-6H3</InChI>
    </Compound>
    <Compound>
        <Id>T07</Id>
        <Name>DI-TERT-AMYL PEROXIDE</Name>
        <Labels></Labels>
        <Cargos>daylight-smiles mdl-molfile</Cargos>
        <Cas>10508-09-5</Cas>
        <InChI>InChI=1S/C10H22O2/c1-7-9(3,4)11-12-10(5,6)8-2/h7-8H2,1-6H3</InChI>
    </Compound>
    <Compound>
        <Id>T08</Id>
        <Name>LAUROYL PEROXIDE</Name>
        <Labels></Labels>
        <Cargos>daylight-smiles mdl-molfile</Cargos>
        <Cas>105-74-8</Cas>
        <InChI>InChI=1S/C24H46O4/c1-3-5-7-9-11-13-15-17-19-21-23(25)27-28-24(26)22-20-18-16-14-12-10-8-6-4-2/h3-22H2,1-2H3</InChI>
    </Compound>
    <Compound>
        <Id>T09</Id>
        <Name>TERT-BUTYL PEROXYBENZOATE</Name>
        <Labels></Labels>
        <Cargos>daylight-smiles mdl-molfile</Cargos>
        <Cas>614-45-9</Cas>
        <InChI>InChI=1S/C11H14O3/c1-11(2,3)14-13-10(12)9-7-5-4-6-8-9/h4-8H,1-3H3</InChI>
    </Compound>
    <Compound>
        <Id>T10</Id>
        <Name>TERT-AMYL HYDROPEROXIDE</Name>
        <Labels></Labels>
        <Cargos>daylight-smiles mdl-molfile</Cargos>
        <Cas>3425-61-4</Cas>
        <InChI>InChI=1S/C5H12O2/c1-4-5(2,3)7-6/h6H,4H2,1-3H3</InChI>
    </Compound>
    <Compound>
        <Id>T11</Id>
        <Name>TERT-BUTYL CUMYL PEROXIDE</Name>
        <Labels></Labels>
        <Cargos>daylight-smiles mdl-molfile</Cargos>
        <Cas>3457-61-2</Cas>
        <InChI>InChI=1S/C13H20O2/c1-12(2,3)14-15-13(4,5)11-9-7-6-8-10-11/h6-10H,1-5H3</InChI>
    </Compound>
    <Compound>
        <Id>T12</Id>
        <Name>1,1-DI-(TERT-BUTYLPEROXY)-3,3,5-TRIMETHYLCYCLOHEXANE</Name>
        <Labels></Labels>
        <Cargos>daylight-smiles mdl-molfile</Cargos>
        <Cas>6731-36-8</Cas>
        <InChI>InChI=1S/C17H34O4/c1-13-10-16(8,9)12-17(11-13,20-18-14(2,3)4)21-19-15(5,6)7/h13H,10-12H2,1-9H3</InChI>
    </Compound>
    <Compound>
        <Id>T13</Id>
        <Name>TERT-AMYL PEROXY 2-ETHYLHEXYL CARBONATE</Name>
        <Description></Description>
        <Labels></Labels>
        <Cargos>daylight-smiles mdl-molfile</Cargos>
        <Cas>70833-40-8</Cas>
        <InChI>InChI=1S/C14H28O4/c1-6-9-10-12(7-2)11-16-13(15)17-18-14(4,5)8-3/h12H,6-11H2,1-5H3</InChI>
    </Compound>
    <Compound>
        <Id>T14</Id>
        <Name>2-METHYLBUTAN-2-YL 3,5,5-TRIMETHYLHEXANEPEROXOATE</Name>
        <Labels></Labels>
        <Cargos>daylight-smiles mdl-molfile</Cargos>
        <Cas>68860-54-8</Cas>
        <InChI>InChI=1S/C14H28O3/c1-8-14(6,7)17-16-12(15)9-11(2)10-13(3,4)5/h11H,8-10H2,1-7H3</InChI>
    </Compound>
    <Compound>
        <Id>T15</Id>
        <Name>TERT-BUTYL PEROXY ISOPROPYL CARBONATE</Name>
        <Description></Description>
        <Labels></Labels>
        <Cargos>daylight-smiles mdl-molfile</Cargos>
        <Cas>2372-21-6</Cas>
        <InChI>InChI=1S/C8H16O4/c1-6(2)11-12-7(9)10-8(3,4)5/h6H,1-5H3</InChI>
    </Compound>
    <Compound>
        <Id>T16</Id>
        <Name>DI-N-PROPYL PEROXYDICARBONATE</Name>
        <Labels></Labels>
        <Cargos>daylight-smiles mdl-molfile</Cargos>
        <Cas>16066-38-9</Cas>
        <InChI>InChI=1S/C8H14O6/c1-3-5-11-7(9)13-14-8(10)12-6-4-2/h3-6H2,1-2H3</InChI>
    </Compound>
    <Compound>
        <Id>T17</Id>
        <Name>BISDECANOYL PEROXIDE</Name>
        <Labels></Labels>
        <Cargos>daylight-smiles mdl-molfile</Cargos>
        <Cas>762-12-9</Cas>
        <InChI>InChI=1S/C20H38O4/c1-3-5-7-9-11-13-15-17-19(21)23-24-20(22)18-16-14-12-10-8-6-4-2/h3-18H2,1-2H3</InChI>
    </Compound>
    <Compound>
        <Id>T18</Id>
        <Name>2,2-DI(TERT-BUTYLPEROXY)BUTANE</Name>
        <Labels></Labels>
        <Cargos>daylight-smiles mdl-molfile</Cargos>
        <Cas>2167-23-9</Cas>
        <InChI>InChI=1S/C12H26O4/c1-9-12(8,15-13-10(2,3)4)16-14-11(5,6)7/h9H2,1-8H3</InChI>
    </Compound>
    <Compound>
        <Id>T19</Id>
        <Name>2,5-DIMETHYL-2,5-DI(2-ETHYLHEXANOYLPEROXY)HEXANE</Name>
        <Labels></Labels>
        <Cargos>daylight-smiles mdl-molfile</Cargos>
        <Cas>13052-09-0</Cas>
        <InChI>InChI=1S/C24H46O6/c1-9-13-15-19(11-3)21(25)27-29-23(5,6)17-18-24(7,8)30-28-22(26)20(12-4)16-14-10-2/h19-20H,9-18H2,1-8H3</InChI>
    </Compound>
    <Compound>
        <Id>T20</Id>
        <Name>2,5-DI(TERT-BUTYLPEROXY)-2,5-DIMETHYL-3-HEXYNE</Name>
        <Labels></Labels>
        <Cargos>daylight-smiles mdl-molfile</Cargos>
        <Cas>1068-27-5</Cas>
        <InChI>InChI=1S/C16H30O4/c1-13(2,3)17-19-15(7,8)11-12-16(9,10)20-18-14(4,5)6/h1-10H3</InChI>
    </Compound>
    <Compound>
        <Id>T21</Id>
        <Name>1 1-BIS(TERT-AMYLPEROXY)CYCLOHEXANE</Name>
        <Labels></Labels>
        <Cargos>daylight-smiles mdl-molfile</Cargos>
        <Cas>15667-10-4</Cas>
        <InChI>InChI=1S/C16H32O4/c1-7-14(3,4)17-19-16(12-10-9-11-13-16)20-18-15(5,6)8-2/h7-13H2,1-6H3</InChI>
    </Compound>
    <Compound>
        <Id>T22</Id>
        <Name>BIS(4-TERT-BUTYLCYCLOHEXYL) PEROXYDICARBONATE</Name>
        <Labels></Labels>
        <Cargos>daylight-smiles mdl-molfile</Cargos>
        <Cas>15520-11-3</Cas>
        <InChI>InChI=1S/C22H38O6/c1-21(2,3)15-7-11-17(12-8-15)25-19(23)27-28-20(24)26-18-13-9-16(10-14-18)22(4,5)6/h15-18H,7-14H2,1-6H3</InChI>
    </Compound>
    <Compound>
        <Id>T23</Id>
        <Name>1,1,3,3-TETRAMETHYLBUTYL HYDROPEROXIDE</Name>
        <Labels></Labels>
        <Cargos>daylight-smiles mdl-molfile</Cargos>
        <Cas>5809-08-5</Cas>
        <InChI>InChI=1S/C8H18O2/c1-7(2,3)6-8(4,5)10-9/h9H,6H2,1-5H3</InChI>
    </Compound>
    <Compound>
        <Id>T24</Id>
        <Name>3,3,5,7,7-PENTAMETHYL-1,2,4-TRIOXEPANE</Name>
        <Labels></Labels>
        <Cargos>daylight-smiles mdl-molfile</Cargos>
        <Cas>215877-64-8</Cas>
        <InChI>InChI=1S/C9H18O3/c1-7-6-8(2,3)11-12-9(4,5)10-7/h7H,6H2,1-5H3</InChI>
    </Compound>
    <Compound>
        <Id>T25</Id>
        <Name>DICETYL PEROXYDICARBONATE</Name>
        <Labels></Labels>
        <Cargos>daylight-smiles mdl-molfile</Cargos>
        <Cas>26322-14-5</Cas>
        <InChI>InChI=1S/C34H66O6/c1-3-5-7-9-11-13-15-17-19-21-23-25-27-29-31-37-33(35)39-40-34(36)38-32-30-28-26-24-22-20-18-16-14-12-10-8-6-4-2/h3-32H2,1-2H3</InChI>
    </Compound>
    <Compound>
        <Id>V01</Id>
        <Name>DICUMYL PEROXIDE</Name>
        <Labels></Labels>
        <Cargos>daylight-smiles mdl-molfile</Cargos>
        <Cas>80-43-3</Cas>
        <InChI>InChI=1S/C18H22O2/c1-17(2,15-11-7-5-8-12-15)19-20-18(3,4)16-13-9-6-10-14-16/h5-14H,1-4H3</InChI>
    </Compound>
    <Compound>
        <Id>V02</Id>
        <Name>TERT-BUTYLPEROXY 2-ETHYLHEXYL CARBONATE</Name>
        <Labels></Labels>
        <Cargos>daylight-smiles mdl-molfile</Cargos>
        <Cas>34443-12-4</Cas>
        <InChI>InChI=1S/C13H26O4/c1-6-8-9-11(7-2)10-15-12(14)16-17-13(3,4)5/h11H,6-10H2,1-5H3</InChI>
    </Compound>
    <Compound>
        <Id>V03</Id>
        <Name>TERT-BUTYL PEROXYPIVALATE</Name>
        <Labels></Labels>
        <Cargos>daylight-smiles mdl-molfile</Cargos>
        <Cas>927-07-1</Cas>
        <InChI>InChI=1S/C9H18O3/c1-8(2,3)7(10)11-12-9(4,5)6/h1-6H3</InChI>
    </Compound>
    <Compound>
        <Id>V04</Id>
        <Name>TERT-AMYL PEROXY-2-ETHYLHEXANOATE</Name>
        <Labels></Labels>
        <Cargos>daylight-smiles mdl-molfile</Cargos>
        <Cas>686-31-7</Cas>
        <InChI>InChI=1S/C13H26O3/c1-6-9-10-11(7-2)12(14)15-16-13(4,5)8-3/h11H,6-10H2,1-5H3</InChI>
    </Compound>
    <Compound>
        <Id>V05</Id>
        <Name>TERT-BUTYL HYDROPEROXIDE</Name>
        <Labels></Labels>
        <Cargos>daylight-smiles mdl-molfile</Cargos>
        <Cas>75-91-2</Cas>
        <InChI>InChI=1S/C4H10O2/c1-4(2,3)6-5/h5H,1-3H3</InChI>
    </Compound>
    <Compound>
        <Id>V06</Id>
        <Name>1,1-DI(TERT-BUTYLPEROXY)CYCLOHEXANE</Name>
        <Labels></Labels>
        <Cargos>daylight-smiles mdl-molfile</Cargos>
        <Cas>3006-86-8</Cas>
        <InChI>InChI=1S/C14H28O4/c1-12(2,3)15-17-14(10-8-7-9-11-14)18-16-13(4,5)6/h7-11H2,1-6H3</InChI>
    </Compound>
    <Compound>
        <Id>V07</Id>
        <Name>ETHYL 3 3-BIS(TERT-AMYLPEROXY)BUTYRATE</Name>
        <Labels></Labels>
        <Cargos>daylight-smiles mdl-molfile</Cargos>
        <Cas>67567-23-1</Cas>
        <InChI>InChI=1S/C16H32O6/c1-9-14(4,5)19-21-16(8,12-13(17)18-11-3)22-20-15(6,7)10-2/h9-12H2,1-8H3</InChI>
    </Compound>
    <Compound>
        <Id>V08</Id>
        <Name>3,5,5-TRIMETHYLHEXANOYL PEROXIDE</Name>
        <Labels></Labels>
        <Cargos>daylight-smiles mdl-molfile</Cargos>
        <Cas>3851-87-4</Cas>
        <InChI>InChI=1S/C18H34O4/c1-13(11-17(3,4)5)9-15(19)21-22-16(20)10-14(2)12-18(6,7)8/h13-14H,9-12H2,1-8H3</InChI>
    </Compound>
    <Compound>
        <Id>V09</Id>
        <Name>TERT-BUTYL PEROXYACETATE</Name>
        <Labels></Labels>
        <Cargos>daylight-smiles mdl-molfile</Cargos>
        <Cas>107-71-1</Cas>
        <InChI>InChI=1S/C6H12O3/c1-5(7)8-9-6(2,3)4/h1-4H3</InChI>
    </Compound>
    <Compound>
        <Id>V10</Id>
        <Name>DITETRADECYL PEROXYDICARBONATE</Name>
        <Labels></Labels>
        <Cargos>daylight-smiles mdl-molfile</Cargos>
        <Cas>53220-22-7</Cas>
        <InChI>InChI=1S/C30H58O6/c1-3-5-7-9-11-13-15-17-19-21-23-25-27-33-29(31)35-36-30(32)34-28-26-24-22-20-18-16-14-12-10-8-6-4-2/h3-28H2,1-2H3</InChI>
    </Compound>
    <Compound>
        <Id>V11</Id>
        <Name>1,1,3,3-TETRAMETHYLBUTYL PEROXY-2-ETHYLHEXANOATE</Name>
        <Description></Description>
        <Labels></Labels>
        <Cargos>daylight-smiles mdl-molfile</Cargos>
        <Cas>22288-43-3</Cas>
        <InChI>InChI=1S/C16H32O3/c1-8-10-11-13(9-2)14(17)18-19-16(6,7)12-15(3,4)5/h13H,8-12H2,1-7H3</InChI>
    </Compound>
    <Compound>
        <Id>V12</Id>
        <Name>TERT-BUTYL 2-ETHYLPEROXYBUTYRATE</Name>
        <Labels></Labels>
        <Cargos>daylight-smiles mdl-molfile</Cargos>
        <Cas>2550-33-6</Cas>
        <InChI>InChI=1S/C10H20O3/c1-6-8(7-2)9(11)12-13-10(3,4)5/h8H,6-7H2,1-5H3</InChI>
    </Compound>
</CompoundRegistry>
