<?xml version="1.0" encoding="UTF-8" standalone="yes"?>
<PredictionRegistry xmlns="http://www.qsardb.org/QDB">
    <Prediction>
        <Id>logKoc_train</Id>
        <Name>Training set</Name>
        <Labels></Labels>
        <Cargos>values</Cargos>
        <ModelId>QSAR</ModelId>
        <Type>training</Type>
        <Application>QSARModel 3.7.0</Application>
    </Prediction>
    <Prediction>
        <Id>logKoc_test</Id>
        <Name>Test set</Name>
        <Labels></Labels>
        <Cargos>values</Cargos>
        <ModelId>QSAR</ModelId>
        <Type>validation</Type>
        <Application>QSARModel 3.7.0</Application>
    </Prediction>
</PredictionRegistry>
