<?xml version="1.0" encoding="UTF-8" standalone="yes"?>
<CompoundRegistry xmlns="http://www.qsardb.org/QDB">
    <Compound>
        <Id>1</Id>
        <Name>3,4,5-trichlorophenol</Name>
        <Labels></Labels>
        <Cargos>mdl-molfile</Cargos>
        <Cas>609-19-8</Cas>
        <InChI>InChI=1S/C6H3Cl3O/c7-4-1-3(10)2-5(8)6(4)9/h1-2,10H</InChI>
    </Compound>
    <Compound>
        <Id>2</Id>
        <Name>2,4-dichloro-1-nitrobenzene</Name>
        <Labels></Labels>
        <Cargos>mdl-molfile</Cargos>
        <Cas>611-06-3</Cas>
        <InChI>InChI=1S/C6H3Cl2NO2/c7-4-1-2-6(9(10)11)5(8)3-4/h1-3H</InChI>
    </Compound>
    <Compound>
        <Id>3</Id>
        <Name>methylthiourea</Name>
        <Labels></Labels>
        <Cargos>mdl-molfile</Cargos>
        <Cas>598-52-7</Cas>
        <InChI>InChI=1S/C2H6N2S/c1-4-2(3)5/h1H3,(H3,3,4,5)</InChI>
    </Compound>
    <Compound>
        <Id>4</Id>
        <Name>ethylthiourea</Name>
        <Labels></Labels>
        <Cargos>mdl-molfile</Cargos>
        <Cas>625-53-6</Cas>
        <InChI>InChI=1S/C3H8N2S/c1-2-5-3(4)6/h2H2,1H3,(H3,4,5,6)</InChI>
    </Compound>
    <Compound>
        <Id>5</Id>
        <Name>benzylisothiocyanate</Name>
        <Labels></Labels>
        <Cargos>mdl-molfile</Cargos>
        <Cas>622-78-6</Cas>
        <InChI>InChI=1S/C8H7NS/c10-7-9-6-8-4-2-1-3-5-8/h1-5H,6H2</InChI>
    </Compound>
    <Compound>
        <Id>6</Id>
        <Name>2,3,4-trichloroaniline</Name>
        <Labels></Labels>
        <Cargos>mdl-molfile</Cargos>
        <Cas>634-67-3</Cas>
        <InChI>InChI=1S/C6H4Cl3N/c7-3-1-2-4(10)6(9)5(3)8/h1-2H,10H2</InChI>
    </Compound>
    <Compound>
        <Id>7</Id>
        <Name>2,3,4,5-tetrachloroaniline</Name>
        <Labels></Labels>
        <Cargos>mdl-molfile</Cargos>
        <Cas>634-83-3</Cas>
        <InChI>InChI=1S/C6H3Cl4N/c7-2-1-3(11)5(9)6(10)4(2)8/h1H,11H2</InChI>
    </Compound>
    <Compound>
        <Id>8</Id>
        <Name>phosmet</Name>
        <Labels></Labels>
        <Cargos>mdl-molfile</Cargos>
        <Cas>732-11-6</Cas>
        <InChI>InChI=1S/C11H12NO4PS2/c1-15-17(18,16-2)19-7-12-10(13)8-5-3-4-6-9(8)11(12)14/h3-6H,7H2,1-2H3</InChI>
    </Compound>
    <Compound>
        <Id>9</Id>
        <Name>2,4,5-trichloroaniline</Name>
        <Labels></Labels>
        <Cargos>mdl-molfile</Cargos>
        <Cas>636-30-6</Cas>
        <InChI>InChI=1S/C6H4Cl3N/c7-3-1-5(9)6(10)2-4(3)8/h1-2H,10H2</InChI>
    </Compound>
    <Compound>
        <Id>10</Id>
        <Name>hexamethylphosphoramide</Name>
        <Labels></Labels>
        <Cargos>mdl-molfile</Cargos>
        <Cas>680-31-9</Cas>
        <InChI>InChI=1S/C6H18N3OP/c1-7(2)11(10,8(3)4)9(5)6/h1-6H3</InChI>
    </Compound>
    <Compound>
        <Id>11</Id>
        <Name>chlorfenvinfos</Name>
        <Labels></Labels>
        <Cargos>mdl-molfile</Cargos>
        <Cas>470-90-6</Cas>
        <InChI>InChI=1S/C12H14Cl3O4P/c1-3-17-20(16,18-4-2)19-12(8-13)10-6-5-9(14)7-11(10)15/h5-8H,3-4H2,1-2H3/b12-8-</InChI>
    </Compound>
    <Compound>
        <Id>12</Id>
        <Name>1,3-dichloropropene</Name>
        <Labels></Labels>
        <Cargos>mdl-molfile</Cargos>
        <Cas>542-75-6</Cas>
        <InChI>InChI=1S/C3H4Cl2/c4-2-1-3-5/h1-2H,3H2/b2-1+</InChI>
    </Compound>
    <Compound>
        <Id>13</Id>
        <Name>3-methoxybenzeneamine</Name>
        <Labels></Labels>
        <Cargos>mdl-molfile</Cargos>
        <Cas>536-90-3</Cas>
        <InChI>InChI=1S/C7H9NO/c1-9-7-4-2-3-6(8)5-7/h2-5H,8H2,1H3</InChI>
    </Compound>
    <Compound>
        <Id>14</Id>
        <Name>N,N'-dimethylthiourea</Name>
        <Labels></Labels>
        <Cargos>mdl-molfile</Cargos>
        <Cas>534-13-4</Cas>
        <InChI>InChI=1S/C3H8N2S/c1-4-3(6)5-2/h1-2H3,(H2,4,5,6)</InChI>
    </Compound>
    <Compound>
        <Id>15</Id>
        <Name>isothiocyanatomethane</Name>
        <Labels></Labels>
        <Cargos>mdl-molfile</Cargos>
        <Cas>556-61-6</Cas>
        <InChI>InChI=1S/C2H3NS/c1-3-2-4/h1H3</InChI>
    </Compound>
    <Compound>
        <Id>16</Id>
        <Name>isothiocyanatoethane</Name>
        <Labels></Labels>
        <Cargos>mdl-molfile</Cargos>
        <Cas>542-85-8</Cas>
        <InChI>InChI=1S/C3H5NS/c1-2-4-3-5/h2H2,1H3</InChI>
    </Compound>
    <Compound>
        <Id>17</Id>
        <Name>1-isothiocyanatobutane</Name>
        <Labels></Labels>
        <Cargos>mdl-molfile</Cargos>
        <Cas>592-82-5</Cas>
        <InChI>InChI=1S/C5H9NS/c1-2-3-4-6-5-7/h2-4H2,1H3</InChI>
    </Compound>
    <Compound>
        <Id>18</Id>
        <Name>4-ethylaniline</Name>
        <Labels></Labels>
        <Cargos>mdl-molfile</Cargos>
        <Cas>589-16-2</Cas>
        <InChI>InChI=1S/C8H11N/c1-2-7-3-5-8(9)6-4-7/h3-6H,2,9H2,1H3</InChI>
    </Compound>
    <Compound>
        <Id>19</Id>
        <Name>2-ethylbenzenamine</Name>
        <Labels></Labels>
        <Cargos>mdl-molfile</Cargos>
        <Cas>578-54-1</Cas>
        <InChI>InChI=1S/C8H11N/c1-2-7-5-3-4-6-8(7)9/h3-6H,2,9H2,1H3</InChI>
    </Compound>
    <Compound>
        <Id>20</Id>
        <Name>dibenzothiophene</Name>
        <Labels></Labels>
        <Cargos>mdl-molfile</Cargos>
        <Cas>132-65-0</Cas>
        <InChI>InChI=1S/C12H8S/c1-3-7-11-9(5-1)10-6-2-4-8-12(10)13-11/h1-8H</InChI>
    </Compound>
    <Compound>
        <Id>21</Id>
        <Name>thiram</Name>
        <Labels></Labels>
        <Cargos>mdl-molfile</Cargos>
        <Cas>137-26-8</Cas>
        <InChI>InChI=1S/C6H12N2S4/c1-7(2)5(9)11-12-6(10)8(3)4/h1-4H3</InChI>
    </Compound>
    <Compound>
        <Id>22</Id>
        <Name>4-tert-octylphenol</Name>
        <Labels></Labels>
        <Cargos>mdl-molfile</Cargos>
        <Cas>140-66-9</Cas>
        <InChI>InChI=1S/C14H22O/c1-13(2,3)10-14(4,5)11-6-8-12(15)9-7-11/h6-9,15H,10H2,1-5H3</InChI>
    </Compound>
    <Compound>
        <Id>23</Id>
        <Name>2-methyl-1,3-pentanediol</Name>
        <Labels></Labels>
        <Cargos>mdl-molfile</Cargos>
        <Cas>149-31-5</Cas>
        <InChI>InChI=1S/C6H14O2/c1-3-6(8)5(2)4-7/h5-8H,3-4H2,1-2H3</InChI>
    </Compound>
    <Compound>
        <Id>24</Id>
        <Name>fluoranthene</Name>
        <Labels></Labels>
        <Cargos>mdl-molfile</Cargos>
        <Cas>206-44-0</Cas>
        <InChI>InChI=1S/C16H10/c1-2-8-13-12(7-1)14-9-3-5-11-6-4-10-15(13)16(11)14/h1-10H</InChI>
    </Compound>
    <Compound>
        <Id>25</Id>
        <Name>acridine</Name>
        <Labels></Labels>
        <Cargos>mdl-molfile</Cargos>
        <Cas>260-94-6</Cas>
        <InChI>InChI=1S/C13H9N/c1-3-7-12-10(5-1)9-11-6-2-4-8-13(11)14-12/h1-9H</InChI>
    </Compound>
    <Compound>
        <Id>26</Id>
        <Name>methyl parathion</Name>
        <Labels></Labels>
        <Cargos>mdl-molfile</Cargos>
        <Cas>298-00-0</Cas>
        <InChI>InChI=1S/C8H10NO5PS/c1-12-15(16,13-2)14-8-5-3-7(4-6-8)9(10)11/h3-6H,1-2H3</InChI>
    </Compound>
    <Compound>
        <Id>27</Id>
        <Name>phorate</Name>
        <Labels></Labels>
        <Cargos>mdl-molfile</Cargos>
        <Cas>298-02-2</Cas>
        <InChI>InChI=1S/C7H17O2PS3/c1-4-8-10(11,9-5-2)13-7-12-6-3/h4-7H2,1-3H3</InChI>
    </Compound>
    <Compound>
        <Id>28</Id>
        <Name>isoquinoline</Name>
        <Labels></Labels>
        <Cargos>mdl-molfile</Cargos>
        <Cas>119-65-3</Cas>
        <InChI>InChI=1S/C9H7N/c1-2-4-9-7-10-6-5-8(9)3-1/h1-7H</InChI>
    </Compound>
    <Compound>
        <Id>29</Id>
        <Name>ethyleneurea</Name>
        <Labels></Labels>
        <Cargos>mdl-molfile</Cargos>
        <Cas>120-93-4</Cas>
        <InChI>InChI=1S/C3H6N2O/c6-3-4-1-2-5-3/h1-2H2,(H2,4,5,6)</InChI>
    </Compound>
    <Compound>
        <Id>30</Id>
        <Name>2,4-dichlorophenol</Name>
        <Labels></Labels>
        <Cargos>mdl-molfile</Cargos>
        <Cas>120-83-2</Cas>
        <InChI>InChI=1S/C6H4Cl2O/c7-4-1-2-6(9)5(8)3-4/h1-3,9H</InChI>
    </Compound>
    <Compound>
        <Id>31</Id>
        <Name>pyrethrine II</Name>
        <Labels></Labels>
        <Cargos>mdl-molfile</Cargos>
        <Cas>121-29-9</Cas>
        <InChI>InChI=1S/C22H28O5/c1-7-8-9-10-15-14(3)18(12-17(15)23)27-21(25)19-16(22(19,4)5)11-13(2)20(24)26-6/h7-9,11,16,18-19H,1,10,12H2,2-6H3/b9-8+,13-11+/t16-,18+,19+/m1/s1</InChI>
    </Compound>
    <Compound>
        <Id>32</Id>
        <Name>malathion</Name>
        <Labels></Labels>
        <Cargos>mdl-molfile</Cargos>
        <Cas>121-75-5</Cas>
        <InChI>InChI=1S/C10H19O6PS2/c1-5-15-9(11)7-8(10(12)16-6-2)19-17(18,13-3)14-4/h8H,5-7H2,1-4H3</InChI>
    </Compound>
    <Compound>
        <Id>33</Id>
        <Name>3-nitrochlorobenzene</Name>
        <Labels></Labels>
        <Cargos>mdl-molfile</Cargos>
        <Cas>121-73-3</Cas>
        <InChI>InChI=1S/C6H4ClNO2/c7-5-2-1-3-6(4-5)8(9)10/h1-4H</InChI>
    </Compound>
    <Compound>
        <Id>34</Id>
        <Name>fenitrothion</Name>
        <Labels></Labels>
        <Cargos>mdl-molfile</Cargos>
        <Cas>122-14-5</Cas>
        <InChI>InChI=1S/C9H12NO5PS/c1-7-6-8(4-5-9(7)10(11)12)15-16(17,13-2)14-3/h4-6H,1-3H3</InChI>
    </Compound>
    <Compound>
        <Id>35</Id>
        <Name>2-chloro-4-nitroaniline</Name>
        <Labels></Labels>
        <Cargos>mdl-molfile</Cargos>
        <Cas>121-87-9</Cas>
        <InChI>InChI=1S/C6H5ClN2O2/c7-5-3-4(9(10)11)1-2-6(5)8/h1-3H,8H2</InChI>
    </Compound>
    <Compound>
        <Id>36</Id>
        <Name>simazine</Name>
        <Labels></Labels>
        <Cargos>mdl-molfile</Cargos>
        <Cas>122-34-9</Cas>
        <InChI>InChI=1S/C7H12ClN5/c1-3-9-6-11-5(8)12-7(13-6)10-4-2/h3-4H2,1-2H3,(H2,9,10,11,12,13)</InChI>
    </Compound>
    <Compound>
        <Id>37</Id>
        <Name>2,4-pentanedione</Name>
        <Labels></Labels>
        <Cargos>mdl-molfile</Cargos>
        <Cas>123-54-6</Cas>
        <InChI>InChI=1S/C5H8O2/c1-4(6)3-5(2)7/h3H2,1-2H3</InChI>
    </Compound>
    <Compound>
        <Id>38</Id>
        <Name>dimethyl phthalate</Name>
        <Labels></Labels>
        <Cargos>mdl-molfile</Cargos>
        <Cas>131-11-3</Cas>
        <InChI>InChI=1S/C10H10O4/c1-13-9(11)7-5-3-4-6-8(7)10(12)14-2/h3-6H,1-2H3</InChI>
    </Compound>
    <Compound>
        <Id>39</Id>
        <Name>tributyl phosphate</Name>
        <Labels></Labels>
        <Cargos>mdl-molfile</Cargos>
        <Cas>126-73-8</Cas>
        <InChI>InChI=1S/C12H27O4P/c1-4-7-10-14-17(13,15-11-8-5-2)16-12-9-6-3/h4-12H2,1-3H3</InChI>
    </Compound>
    <Compound>
        <Id>40</Id>
        <Name>pyridine</Name>
        <Labels></Labels>
        <Cargos>mdl-molfile</Cargos>
        <Cas>110-86-1</Cas>
        <InChI>InChI=1S/C5H5N/c1-2-4-6-5-3-1/h1-5H</InChI>
    </Compound>
    <Compound>
        <Id>41</Id>
        <Name>diethylamine</Name>
        <Labels></Labels>
        <Cargos>mdl-molfile</Cargos>
        <Cas>109-89-7</Cas>
        <InChI>InChI=1S/C4H11N/c1-3-5-4-2/h5H,3-4H2,1-2H3</InChI>
    </Compound>
    <Compound>
        <Id>42</Id>
        <Name>thiophene</Name>
        <Labels></Labels>
        <Cargos>mdl-molfile</Cargos>
        <Cas>110-02-1</Cas>
        <InChI>InChI=1S/C4H4S/c1-2-4-5-3-1/h1-4H</InChI>
    </Compound>
    <Compound>
        <Id>43</Id>
        <Name>dibutylthiourea</Name>
        <Labels></Labels>
        <Cargos>mdl-molfile</Cargos>
        <Cas>109-46-6</Cas>
        <InChI>InChI=1S/C9H20N2S/c1-3-5-7-10-9(12)11-8-6-4-2/h3-8H2,1-2H3,(H2,10,11,12)</InChI>
    </Compound>
    <Compound>
        <Id>44</Id>
        <Name>bromocyclohexane</Name>
        <Labels></Labels>
        <Cargos>mdl-molfile</Cargos>
        <Cas>108-85-0</Cas>
        <InChI>InChI=1S/C6H11Br/c7-6-4-2-1-3-5-6/h6H,1-5H2</InChI>
    </Compound>
    <Compound>
        <Id>45</Id>
        <Name>phosphoric acid</Name>
        <Description>Structure (mol-file) and name does not match</Description>
        <Labels></Labels>
        <Cargos>mdl-molfile</Cargos>
        <Cas>115-86-6</Cas>
        <InChI>InChI=1S/H3O4P/c1-5(2,3)4/h(H3,1,2,3,4)</InChI>
    </Compound>
    <Compound>
        <Id>46</Id>
        <Name>aldicarb</Name>
        <Labels></Labels>
        <Cargos>mdl-molfile</Cargos>
        <Cas>116-06-3</Cas>
        <InChI>InChI=1S/C7H14N2O2S/c1-7(2,12-4)5-9-11-6(10)8-3/h5H,1-4H3,(H,8,10)/b9-5+</InChI>
    </Compound>
    <Compound>
        <Id>47</Id>
        <Name>isobornyl thiocyanatoacetate</Name>
        <Labels></Labels>
        <Cargos>mdl-molfile</Cargos>
        <Cas>115-31-1</Cas>
        <InChI>InChI=1S/C13H19NO2S/c1-12(2)9-4-5-13(12,3)10(6-9)16-11(15)7-17-8-14/h9-10H,4-7H2,1-3H3/t9-,10?,13-/m1/s1</InChI>
    </Compound>
    <Compound>
        <Id>48</Id>
        <Name>propoxur</Name>
        <Description>Structure (mol-file) and name does not match</Description>
        <Labels></Labels>
        <Cargos>mdl-molfile</Cargos>
        <Cas>111-91-1</Cas>
        <InChI>InChI=1S/C11H15NO3/c1-8(2)14-9-6-4-5-7-10(9)15-11(13)12-3/h4-8H,1-3H3,(H,12,13)</InChI>
    </Compound>
    <Compound>
        <Id>49</Id>
        <Name>2-(1-methylethoxy)phenol, methyl carbamate</Name>
        <Labels></Labels>
        <Cargos>mdl-molfile</Cargos>
        <Cas>114-26-1</Cas>
        <InChI>InChI=1S/C11H15NO3/c1-8(2)14-9-6-4-5-7-10(9)15-11(13)12-3/h4-8H,1-3H3,(H,12,13)</InChI>
    </Compound>
    <Compound>
        <Id>50</Id>
        <Name>2,2'-iminobisethanol</Name>
        <Labels></Labels>
        <Cargos>mdl-molfile</Cargos>
        <Cas>111-42-2</Cas>
        <InChI>InChI=1S/C4H11NO2/c6-3-1-5-2-4-7/h5-7H,1-4H2</InChI>
    </Compound>
    <Compound>
        <Id>51</Id>
        <Name>2,2'-dichlorodiethyl ether</Name>
        <Labels></Labels>
        <Cargos>mdl-molfile</Cargos>
        <Cas>111-44-4</Cas>
        <InChI>InChI=1S/C4H8Cl2O/c5-1-3-7-4-2-6/h1-4H2</InChI>
    </Compound>
    <Compound>
        <Id>52</Id>
        <Name>2-chloroethanol</Name>
        <Labels></Labels>
        <Cargos>mdl-molfile</Cargos>
        <Cas>107-07-3</Cas>
        <InChI>InChI=1S/C2H5ClO/c3-1-2-4/h4H,1-2H2</InChI>
    </Compound>
    <Compound>
        <Id>53</Id>
        <Name>epichlorohydrin</Name>
        <Labels></Labels>
        <Cargos>mdl-molfile</Cargos>
        <Cas>106-89-8</Cas>
        <InChI>InChI=1S/C3H5ClO/c4-1-3-2-5-3/h3H,1-2H2</InChI>
    </Compound>
    <Compound>
        <Id>54</Id>
        <Name>4-chloroaniline</Name>
        <Labels></Labels>
        <Cargos>mdl-molfile</Cargos>
        <Cas>106-47-8</Cas>
        <InChI>InChI=1S/C6H6ClN/c7-5-1-3-6(8)4-2-5/h1-4H,8H2</InChI>
    </Compound>
    <Compound>
        <Id>55</Id>
        <Name>p-cresol</Name>
        <Labels></Labels>
        <Cargos>mdl-molfile</Cargos>
        <Cas>106-44-5</Cas>
        <InChI>InChI=1S/C7H8O/c1-6-2-4-7(8)5-3-6/h2-5,8H,1H3</InChI>
    </Compound>
    <Compound>
        <Id>56</Id>
        <Name>4-bromophenol</Name>
        <Labels></Labels>
        <Cargos>mdl-molfile</Cargos>
        <Cas>106-41-2</Cas>
        <InChI>InChI=1S/C6H5BrO/c7-5-1-3-6(8)4-2-5/h1-4,8H</InChI>
    </Compound>
    <Compound>
        <Id>57</Id>
        <Name>m-toluidine</Name>
        <Labels></Labels>
        <Cargos>mdl-molfile</Cargos>
        <Cas>108-44-1</Cas>
        <InChI>InChI=1S/C7H9N/c1-6-3-2-4-7(8)5-6/h2-5H,8H2,1H3</InChI>
    </Compound>
    <Compound>
        <Id>58</Id>
        <Name>3-chloroaniline</Name>
        <Labels></Labels>
        <Cargos>mdl-molfile</Cargos>
        <Cas>108-42-9</Cas>
        <InChI>InChI=1S/C6H6ClN/c7-5-2-1-3-6(8)4-5/h1-4H,8H2</InChI>
    </Compound>
    <Compound>
        <Id>59</Id>
        <Name>bis(isopropyl)amine</Name>
        <Labels></Labels>
        <Cargos>mdl-molfile</Cargos>
        <Cas>108-18-9</Cas>
        <InChI>InChI=1S/C6H15N/c1-5(2)7-6(3)4/h5-7H,1-4H3</InChI>
    </Compound>
    <Compound>
        <Id>60</Id>
        <Name>n-butyric acid</Name>
        <Labels></Labels>
        <Cargos>mdl-molfile</Cargos>
        <Cas>107-92-6</Cas>
        <InChI>InChI=1S/C4H8O2/c1-2-3-4(5)6/h2-3H2,1H3,(H,5,6)</InChI>
    </Compound>
    <Compound>
        <Id>61</Id>
        <Name>ethylenediamine</Name>
        <Labels></Labels>
        <Cargos>mdl-molfile</Cargos>
        <Cas>107-15-3</Cas>
        <InChI>InChI=1S/C2H8N2/c3-1-2-4/h1-4H2</InChI>
    </Compound>
    <Compound>
        <Id>62</Id>
        <Name>acrylonitrile</Name>
        <Labels></Labels>
        <Cargos>mdl-molfile</Cargos>
        <Cas>107-13-1</Cas>
        <InChI>InChI=1S/C3H3N/c1-2-3-4/h2H,1H2</InChI>
    </Compound>
    <Compound>
        <Id>63</Id>
        <Name>allylamine</Name>
        <Labels></Labels>
        <Cargos>mdl-molfile</Cargos>
        <Cas>107-11-9</Cas>
        <InChI>InChI=1S/C3H7N/c1-2-3-4/h2H,1,3-4H2</InChI>
    </Compound>
    <Compound>
        <Id>64</Id>
        <Name>4-nitrophenol</Name>
        <Labels></Labels>
        <Cargos>mdl-molfile</Cargos>
        <Cas>100-02-7</Cas>
        <InChI>InChI=1S/C6H5NO3/c8-6-3-1-5(2-4-6)7(9)10/h1-4,8H</InChI>
    </Compound>
    <Compound>
        <Id>65</Id>
        <Name>ethyl benzene</Name>
        <Labels></Labels>
        <Cargos>mdl-molfile</Cargos>
        <Cas>100-41-4</Cas>
        <InChI>InChI=1S/C8H10/c1-2-8-6-4-3-5-7-8/h3-7H,2H2,1H3</InChI>
    </Compound>
    <Compound>
        <Id>66</Id>
        <Name>1,3-dinitrobenzene</Name>
        <Labels></Labels>
        <Cargos>mdl-molfile</Cargos>
        <Cas>99-65-0</Cas>
        <InChI>InChI=1S/C6H4N2O4/c9-7(10)5-2-1-3-6(4-5)8(11)12/h1-4H</InChI>
    </Compound>
    <Compound>
        <Id>67</Id>
        <Name>cymene</Name>
        <Labels></Labels>
        <Cargos>mdl-molfile</Cargos>
        <Cas>99-87-6</Cas>
        <InChI>InChI=1S/C10H14/c1-8(2)10-6-4-9(3)5-7-10/h4-8H,1-3H3</InChI>
    </Compound>
    <Compound>
        <Id>68</Id>
        <Name>4-methylnitrobenzene</Name>
        <Labels></Labels>
        <Cargos>mdl-molfile</Cargos>
        <Cas>99-99-0</Cas>
        <InChI>InChI=1S/C7H7NO2/c1-6-2-4-7(5-3-6)8(9)10/h2-5H,1H3</InChI>
    </Compound>
    <Compound>
        <Id>69</Id>
        <Name>4-chloronitrobenzene</Name>
        <Labels></Labels>
        <Cargos>mdl-molfile</Cargos>
        <Cas>100-00-5</Cas>
        <InChI>InChI=1S/C6H4ClNO2/c7-5-1-3-6(4-2-5)8(9)10/h1-4H</InChI>
    </Compound>
    <Compound>
        <Id>70</Id>
        <Name>4-methoxybenzenamine</Name>
        <Labels></Labels>
        <Cargos>mdl-molfile</Cargos>
        <Cas>104-94-9</Cas>
        <InChI>InChI=1S/C7H9NO/c1-9-7-4-2-6(8)3-5-7/h2-5H,8H2,1H3</InChI>
    </Compound>
    <Compound>
        <Id>71</Id>
        <Name>2,4-dimethylphenol</Name>
        <Labels></Labels>
        <Cargos>mdl-molfile</Cargos>
        <Cas>105-67-9</Cas>
        <InChI>InChI=1S/C8H10O/c1-6-3-4-8(9)7(2)5-6/h3-5,9H,1-2H3</InChI>
    </Compound>
    <Compound>
        <Id>72</Id>
        <Name>diphenylthiourea</Name>
        <Labels></Labels>
        <Cargos>mdl-molfile</Cargos>
        <Cas>102-08-9</Cas>
        <InChI>InChI=1S/C13H12N2S/c16-13(14-11-7-3-1-4-8-11)15-12-9-5-2-6-10-12/h1-10H,(H2,14,15,16)</InChI>
    </Compound>
    <Compound>
        <Id>73</Id>
        <Name>ethylaniline</Name>
        <Labels></Labels>
        <Cargos>mdl-molfile</Cargos>
        <Cas>103-69-5</Cas>
        <InChI>InChI=1S/C8H11N/c1-2-9-8-6-4-3-5-7-8/h3-7,9H,2H2,1H3</InChI>
    </Compound>
    <Compound>
        <Id>74</Id>
        <Name>isothiocyanatobenzene</Name>
        <Labels></Labels>
        <Cargos>mdl-molfile</Cargos>
        <Cas>103-72-0</Cas>
        <InChI>InChI=1S/C7H5NS/c9-6-8-7-4-2-1-3-5-7/h1-5H</InChI>
    </Compound>
    <Compound>
        <Id>75</Id>
        <Name>3,4-dichlorobenzenamine</Name>
        <Labels></Labels>
        <Cargos>mdl-molfile</Cargos>
        <Cas>95-76-1</Cas>
        <InChI>InChI=1S/C6H5Cl2N/c7-5-2-1-4(9)3-6(5)8/h1-3H,9H2</InChI>
    </Compound>
    <Compound>
        <Id>76</Id>
        <Name>o-cresol</Name>
        <Labels></Labels>
        <Cargos>mdl-molfile</Cargos>
        <Cas>95-48-7</Cas>
        <InChI>InChI=1S/C7H8O/c1-6-4-2-3-5-7(6)8/h2-5,8H,1H3</InChI>
    </Compound>
    <Compound>
        <Id>77</Id>
        <Name>2-chlorophenol</Name>
        <Labels></Labels>
        <Cargos>mdl-molfile</Cargos>
        <Cas>95-57-8</Cas>
        <InChI>InChI=1S/C6H5ClO/c7-5-3-1-2-4-6(5)8/h1-4,8H</InChI>
    </Compound>
    <Compound>
        <Id>78</Id>
        <Name>ortho-toluidine</Name>
        <Labels></Labels>
        <Cargos>mdl-molfile</Cargos>
        <Cas>95-53-4</Cas>
        <InChI>InChI=1S/C7H9N/c1-6-4-2-3-5-7(6)8/h2-5H,8H2,1H3</InChI>
    </Compound>
    <Compound>
        <Id>79</Id>
        <Name>nitrobenzene</Name>
        <Labels></Labels>
        <Cargos>mdl-molfile</Cargos>
        <Cas>98-95-3</Cas>
        <InChI>InChI=1S/C6H5NO2/c8-7(9)6-4-2-1-3-5-6/h1-5H</InChI>
    </Compound>
    <Compound>
        <Id>80</Id>
        <Name>1-methyl-3-nitrobenzene</Name>
        <Labels></Labels>
        <Cargos>mdl-molfile</Cargos>
        <Cas>99-08-1</Cas>
        <InChI>InChI=1S/C7H7NO2/c1-6-3-2-4-7(5-6)8(9)10/h2-5H,1H3</InChI>
    </Compound>
    <Compound>
        <Id>81</Id>
        <Name>bis(diethylthiocarbamoyl)disulfide</Name>
        <Labels></Labels>
        <Cargos>mdl-molfile</Cargos>
        <Cas>97-77-8</Cas>
        <InChI>InChI=1S/C10H20N2S4/c1-5-11(6-2)9(13)15-16-10(14)12(7-3)8-4/h5-8H2,1-4H3</InChI>
    </Compound>
    <Compound>
        <Id>82</Id>
        <Name>bis(dimethylthiocarbamyl)sulfide</Name>
        <Labels></Labels>
        <Cargos>mdl-molfile</Cargos>
        <Cas>97-74-5</Cas>
        <InChI>InChI=1S/C6H12N2S3/c1-7(2)5(9)11-6(10)8(3)4/h1-4H3</InChI>
    </Compound>
    <Compound>
        <Id>83</Id>
        <Name>triethylene glycol</Name>
        <Labels></Labels>
        <Cargos>mdl-molfile</Cargos>
        <Cas>112-27-6</Cas>
        <InChI>InChI=1S/C6H14O4/c7-1-3-9-5-6-10-4-2-8/h7-8H,1-6H2</InChI>
    </Compound>
    <Compound>
        <Id>84</Id>
        <Name>2,2,2-trichloroethanol</Name>
        <Labels></Labels>
        <Cargos>mdl-molfile</Cargos>
        <Cas>115-20-8</Cas>
        <InChI>InChI=1S/C2H3Cl3O/c3-2(4,5)1-6/h6H,1H2</InChI>
    </Compound>
    <Compound>
        <Id>85</Id>
        <Name>1-heptanol</Name>
        <Labels></Labels>
        <Cargos>mdl-molfile</Cargos>
        <Cas>111-70-6</Cas>
        <InChI>InChI=1S/C7H16O/c1-2-3-4-5-6-7-8/h8H,2-7H2,1H3</InChI>
    </Compound>
    <Compound>
        <Id>86</Id>
        <Name>2-(2-ethoxyethoxy)ethanol</Name>
        <Labels></Labels>
        <Cargos>mdl-molfile</Cargos>
        <Cas>111-90-0</Cas>
        <InChI>InChI=1S/C6H14O3/c1-2-8-5-6-9-4-3-7/h7H,2-6H2,1H3</InChI>
    </Compound>
    <Compound>
        <Id>87</Id>
        <Name>1,3-dichloropropane</Name>
        <Labels></Labels>
        <Cargos>mdl-molfile</Cargos>
        <Cas>142-28-9</Cas>
        <InChI>InChI=1S/C3H6Cl2/c4-2-1-3-5/h1-3H2</InChI>
    </Compound>
    <Compound>
        <Id>88</Id>
        <Name>1,3-dichlorobenzene</Name>
        <Labels></Labels>
        <Cargos>mdl-molfile</Cargos>
        <Cas>541-73-1</Cas>
        <InChI>InChI=1S/C6H4Cl2/c7-5-2-1-3-6(8)4-5/h1-4H</InChI>
    </Compound>
    <Compound>
        <Id>89</Id>
        <Name>1,2,4-trichlorobenzene</Name>
        <Labels></Labels>
        <Cargos>mdl-molfile</Cargos>
        <Cas>120-82-1</Cas>
        <InChI>InChI=1S/C6H3Cl3/c7-4-1-2-5(8)6(9)3-4/h1-3H</InChI>
    </Compound>
    <Compound>
        <Id>90</Id>
        <Name>tetrachloroethene</Name>
        <Labels></Labels>
        <Cargos>mdl-molfile</Cargos>
        <Cas>127-18-4</Cas>
        <InChI>InChI=1S/C2Cl4/c3-1(4)2(5)6</InChI>
    </Compound>
    <Compound>
        <Id>91</Id>
        <Name>p-xylene</Name>
        <Labels></Labels>
        <Cargos>mdl-molfile</Cargos>
        <Cas>106-42-3</Cas>
        <InChI>InChI=1S/C8H10/c1-7-3-5-8(2)6-4-7/h3-6H,1-2H3</InChI>
    </Compound>
    <Compound>
        <Id>92</Id>
        <Name>toluene</Name>
        <Labels></Labels>
        <Cargos>mdl-molfile</Cargos>
        <Cas>108-88-3</Cas>
        <InChI>InChI=1S/C7H8/c1-7-5-3-2-4-6-7/h2-6H,1H3</InChI>
    </Compound>
    <Compound>
        <Id>93</Id>
        <Name>monochlorobenzene</Name>
        <Labels></Labels>
        <Cargos>mdl-molfile</Cargos>
        <Cas>108-90-7</Cas>
        <InChI>InChI=1S/C6H5Cl/c7-6-4-2-1-3-5-6/h1-5H</InChI>
    </Compound>
    <Compound>
        <Id>94</Id>
        <Name>m-xylene</Name>
        <Labels></Labels>
        <Cargos>mdl-molfile</Cargos>
        <Cas>108-38-3</Cas>
        <InChI>InChI=1S/C8H10/c1-7-4-3-5-8(2)6-7/h3-6H,1-2H3</InChI>
    </Compound>
    <Compound>
        <Id>95</Id>
        <Name>1,1,2,2-tetrachloroethane</Name>
        <Labels></Labels>
        <Cargos>mdl-molfile</Cargos>
        <Cas>79-34-5</Cas>
        <InChI>InChI=1S/C2H2Cl4/c3-1(4)2(5)6/h1-2H</InChI>
    </Compound>
    <Compound>
        <Id>96</Id>
        <Name>1,2,3-trichloropropane</Name>
        <Labels></Labels>
        <Cargos>mdl-molfile</Cargos>
        <Cas>96-18-4</Cas>
        <InChI>InChI=1S/C3H5Cl3/c4-1-3(6)2-5/h3H,1-2H2</InChI>
    </Compound>
    <Compound>
        <Id>97</Id>
        <Name>4-bromophenyl phenyl ether</Name>
        <Labels></Labels>
        <Cargos>mdl-molfile</Cargos>
        <Cas>101-55-3</Cas>
        <InChI>InChI=1S/C12H9BrO/c13-10-6-8-12(9-7-10)14-11-4-2-1-3-5-11/h1-9H</InChI>
    </Compound>
    <Compound>
        <Id>98</Id>
        <Name>1-propanol</Name>
        <Labels></Labels>
        <Cargos>mdl-molfile</Cargos>
        <Cas>71-23-8</Cas>
        <InChI>InChI=1S/C3H8O/c1-2-3-4/h4H,2-3H2,1H3</InChI>
    </Compound>
    <Compound>
        <Id>99</Id>
        <Name>hexachloroethane</Name>
        <Labels></Labels>
        <Cargos>mdl-molfile</Cargos>
        <Cas>67-72-1</Cas>
        <InChI>InChI=1S/C2Cl6/c3-1(4,5)2(6,7)8</InChI>
    </Compound>
    <Compound>
        <Id>100</Id>
        <Name>benzene</Name>
        <Labels></Labels>
        <Cargos>mdl-molfile</Cargos>
        <Cas>71-43-2</Cas>
        <InChI>InChI=1S/C6H6/c1-2-4-6-5-3-1/h1-6H</InChI>
    </Compound>
    <Compound>
        <Id>101</Id>
        <Name>2-methyl-1-propanol</Name>
        <Labels></Labels>
        <Cargos>mdl-molfile</Cargos>
        <Cas>78-83-1</Cas>
        <InChI>InChI=1S/C4H10O/c1-4(2)3-5/h4-5H,3H2,1-2H3</InChI>
    </Compound>
    <Compound>
        <Id>102</Id>
        <Name>pentachloroethane</Name>
        <Labels></Labels>
        <Cargos>mdl-molfile</Cargos>
        <Cas>76-01-7</Cas>
        <InChI>InChI=1S/C2HCl5/c3-1(4)2(5,6)7/h1H</InChI>
    </Compound>
    <Compound>
        <Id>103</Id>
        <Name>1,1,2-trichloroethane</Name>
        <Labels></Labels>
        <Cargos>mdl-molfile</Cargos>
        <Cas>79-00-5</Cas>
        <InChI>InChI=1S/C2H3Cl3/c3-1-2(4)5/h2H,1H2</InChI>
    </Compound>
    <Compound>
        <Id>104</Id>
        <Name>1,2-dichloropropane</Name>
        <Labels></Labels>
        <Cargos>mdl-molfile</Cargos>
        <Cas>78-87-5</Cas>
        <InChI>InChI=1S/C3H6Cl2/c1-3(5)2-4/h3H,2H2,1H3</InChI>
    </Compound>
    <Compound>
        <Id>105</Id>
        <Name>cyfluthrin</Name>
        <Labels></Labels>
        <Cargos>mdl-molfile</Cargos>
        <Cas>68359-37-5</Cas>
        <InChI>InChI=1S/C22H18Cl2FNO3/c1-22(2)15(11-19(23)24)20(22)21(27)29-18(12-26)13-8-9-16(25)17(10-13)28-14-6-4-3-5-7-14/h3-11,15,18,20H,1-2H3</InChI>
    </Compound>
    <Compound>
        <Id>106</Id>
        <Name>cyhalothrin</Name>
        <Labels></Labels>
        <Cargos>mdl-molfile</Cargos>
        <Cas>91465-08-6</Cas>
        <InChI>InChI=1S/C23H19ClF3NO3/c1-22(2)17(12-19(24)23(25,26)27)20(22)21(29)31-18(13-28)14-7-6-10-16(11-14)30-15-8-4-3-5-9-15/h3-12,17-18,20H,1-2H3/b19-12-</InChI>
    </Compound>
    <Compound>
        <Id>107</Id>
        <Name>tetrachloromethane</Name>
        <Labels></Labels>
        <Cargos>mdl-molfile</Cargos>
        <Cas>56-23-5</Cas>
        <InChI>InChI=1S/CCl4/c2-1(3,4)5</InChI>
    </Compound>
    <Compound>
        <Id>108</Id>
        <Name>ethanol</Name>
        <Labels></Labels>
        <Cargos>mdl-molfile</Cargos>
        <Cas>64-17-5</Cas>
        <InChI>InChI=1S/C2H6O/c1-2-3/h3H,2H2,1H3</InChI>
    </Compound>
    <Compound>
        <Id>109</Id>
        <Name>trichlormethane</Name>
        <Labels></Labels>
        <Cargos>mdl-molfile</Cargos>
        <Cas>67-66-3</Cas>
        <InChI>InChI=1S/CHCl3/c2-1(3)4/h1H</InChI>
    </Compound>
    <Compound>
        <Id>110</Id>
        <Name>fenvalerate</Name>
        <Labels></Labels>
        <Cargos>mdl-molfile</Cargos>
        <Cas>51630-58-1</Cas>
        <InChI>InChI=1S/C25H22ClNO3/c1-17(2)24(18-11-13-20(26)14-12-18)25(28)30-23(16-27)19-7-6-10-22(15-19)29-21-8-4-3-5-9-21/h3-15,17,23-24H,1-2H3</InChI>
    </Compound>
    <Compound>
        <Id>111</Id>
        <Name>cypermethrin</Name>
        <Labels></Labels>
        <Cargos>mdl-molfile</Cargos>
        <Cas>52315-07-8</Cas>
        <InChI>InChI=1S/C22H19Cl2NO3/c1-22(2)17(12-19(23)24)20(22)21(26)28-18(13-25)14-7-6-10-16(11-14)27-15-8-4-3-5-9-15/h3-12,17-18,20H,1-2H3</InChI>
    </Compound>
    <Compound>
        <Id>112</Id>
        <Name>permethrin</Name>
        <Labels></Labels>
        <Cargos>mdl-molfile</Cargos>
        <Cas>52645-53-1</Cas>
        <InChI>InChI=1S/C21H20Cl2O3/c1-21(2)17(12-18(22)23)19(21)20(24)25-13-14-7-6-10-16(11-14)26-15-8-4-3-5-9-15/h3-12,17,19H,13H2,1-2H3</InChI>
    </Compound>
    <Compound>
        <Id>113</Id>
        <Name>deltamethrin</Name>
        <Labels></Labels>
        <Cargos>mdl-molfile</Cargos>
        <Cas>52918-63-5</Cas>
        <InChI>InChI=1S/C22H19Br2NO3/c1-22(2)17(12-19(23)24)20(22)21(26)28-18(13-25)14-7-6-10-16(11-14)27-15-8-4-3-5-9-15/h3-12,17-18,20H,1-2H3/t17-,18+,20-/m0/s1</InChI>
    </Compound>
    <Compound>
        <Id>114</Id>
        <Name>iodopropynyl butylcarbamate</Name>
        <Labels></Labels>
        <Cargos>mdl-molfile</Cargos>
        <Cas>55406-53-6</Cas>
        <InChI>InChI=1S/C8H12INO2/c1-2-3-6-10-8(11)12-7-4-5-9/h2-3,6-7H2,1H3,(H,10,11)</InChI>
    </Compound>
    <Compound>
        <Id>115</Id>
        <Name>2,2',5-trichloro-1,1'-biphenyl</Name>
        <Labels></Labels>
        <Cargos>mdl-molfile</Cargos>
        <Cas>37680-65-2</Cas>
        <InChI>InChI=1S/C12H7Cl3/c13-8-5-6-12(15)10(7-8)9-3-1-2-4-11(9)14/h1-7H</InChI>
    </Compound>
    <Compound>
        <Id>116</Id>
        <Name>2,2',5,5'-tetrachloro-1,1'-biphenyl</Name>
        <Labels></Labels>
        <Cargos>mdl-molfile</Cargos>
        <Cas>35693-99-3</Cas>
        <InChI>InChI=1S/C12H6Cl4/c13-7-1-3-11(15)9(5-7)10-6-8(14)2-4-12(10)16/h1-6H</InChI>
    </Compound>
    <Compound>
        <Id>117</Id>
        <Name>diflubenzuron</Name>
        <Labels></Labels>
        <Cargos>mdl-molfile</Cargos>
        <Cas>35367-38-5</Cas>
        <InChI>InChI=1S/C14H9ClF2N2O2/c15-8-4-6-9(7-5-8)18-14(21)19-13(20)12-10(16)2-1-3-11(12)17/h1-7H,(H2,18,19,20,21)</InChI>
    </Compound>
    <Compound>
        <Id>118</Id>
        <Name>2,2',4,4',5,5'-hexachloro-1,1'-biphenyl</Name>
        <Labels></Labels>
        <Cargos>mdl-molfile</Cargos>
        <Cas>35065-27-1</Cas>
        <InChI>InChI=1S/C12H4Cl6/c13-7-3-11(17)9(15)1-5(7)6-2-10(16)12(18)4-8(6)14/h1-4H</InChI>
    </Compound>
    <Compound>
        <Id>119</Id>
        <Name>isopropalin</Name>
        <Labels></Labels>
        <Cargos>mdl-molfile</Cargos>
        <Cas>33820-53-0</Cas>
        <InChI>InChI=1S/C15H23N3O4/c1-5-7-16(8-6-2)15-13(17(19)20)9-12(11(3)4)10-14(15)18(21)22/h9-11H,5-8H2,1-4H3</InChI>
    </Compound>
    <Compound>
        <Id>120</Id>
        <Name>3,3',4,4'-tetrachloro-1,1'-biphenyl</Name>
        <Labels></Labels>
        <Cargos>mdl-molfile</Cargos>
        <Cas>32598-13-3</Cas>
        <InChI>InChI=1S/C12H6Cl4/c13-9-3-1-7(5-11(9)15)8-2-4-10(14)12(16)6-8/h1-6H</InChI>
    </Compound>
    <Compound>
        <Id>121</Id>
        <Name>thiobencarb</Name>
        <Labels></Labels>
        <Cargos>mdl-molfile</Cargos>
        <Cas>28249-77-6</Cas>
        <InChI>InChI=1S/C12H16ClNOS/c1-3-14(4-2)12(15)16-9-10-5-7-11(13)8-6-10/h5-8H,3-4,9H2,1-2H3</InChI>
    </Compound>
    <Compound>
        <Id>122</Id>
        <Name>2,3,4,5-tetrachlorophenol</Name>
        <Labels></Labels>
        <Cargos>mdl-molfile</Cargos>
        <Cas>25167-83-3</Cas>
        <InChI>InChI=1S/C6H2Cl4O/c7-2-1-3(11)5(9)6(10)4(2)8/h1,11H</InChI>
    </Compound>
    <Compound>
        <Id>123</Id>
        <Name>thiophanate-methyl</Name>
        <Labels></Labels>
        <Cargos>mdl-molfile</Cargos>
        <Cas>23564-05-8</Cas>
        <InChI>InChI=1S/C12H14N4O4S2/c1-19-11(17)15-9(21)13-7-5-3-4-6-8(7)14-10(22)16-12(18)20-2/h3-6H,1-2H3,(H2,13,15,17,21)(H2,14,16,18,22)</InChI>
    </Compound>
    <Compound>
        <Id>124</Id>
        <Name>2,3,4,5,6-Pentachlorobiphenyl</Name>
        <Labels></Labels>
        <Cargos>mdl-molfile</Cargos>
        <Cas>18259-05-7</Cas>
        <InChI>InChI=1S/C12H5Cl5/c13-8-7(6-4-2-1-3-5-6)9(14)11(16)12(17)10(8)15/h1-5H</InChI>
    </Compound>
    <Compound>
        <Id>125</Id>
        <Name>trichlorobenzene</Name>
        <Labels></Labels>
        <Cargos>mdl-molfile</Cargos>
        <Cas>12002-48-1</Cas>
        <InChI>InChI=1S/C6H3Cl3/c7-4-2-1-3-5(8)6(4)9/h1-3H</InChI>
    </Compound>
    <Compound>
        <Id>126</Id>
        <Name>carbendazim</Name>
        <Labels></Labels>
        <Cargos>mdl-molfile</Cargos>
        <Cas>10605-21-7</Cas>
        <InChI>InChI=1S/C9H9N3O2/c1-14-9(13)12-8-10-6-4-2-3-5-7(6)11-8/h2-5H,1H3,(H2,10,11,12,13)</InChI>
    </Compound>
    <Compound>
        <Id>127</Id>
        <Name>N,N-dimethylthiourea</Name>
        <Labels></Labels>
        <Cargos>mdl-molfile</Cargos>
        <Cas>6972-05-0</Cas>
        <InChI>InChI=1S/C3H8N2S/c1-5(2)3(4)6/h1-2H3,(H2,4,6)</InChI>
    </Compound>
    <Compound>
        <Id>128</Id>
        <Name>2,4,4'-trichlorobiphenyl</Name>
        <Labels></Labels>
        <Cargos>mdl-molfile</Cargos>
        <Cas>7012-37-5</Cas>
        <InChI>InChI=1S/C12H7Cl3/c13-9-3-1-8(2-4-9)11-6-5-10(14)7-12(11)15/h1-7H</InChI>
    </Compound>
    <Compound>
        <Id>129</Id>
        <Name>N-methyl-N-phenylthiourea</Name>
        <Labels></Labels>
        <Cargos>mdl-molfile</Cargos>
        <Cas>4104-75-0</Cas>
        <InChI>InChI=1S/C8H10N2S/c1-10(8(9)11)7-5-3-2-4-6-7/h2-6H,1H3,(H2,9,11)</InChI>
    </Compound>
    <Compound>
        <Id>130</Id>
        <Name>2-(1-methylpropyl)phenol, methylcarbamate</Name>
        <Labels></Labels>
        <Cargos>mdl-molfile</Cargos>
        <Cas>3766-81-2</Cas>
        <InChI>InChI=1S/C12H17NO2/c1-4-9(2)10-7-5-6-8-11(10)15-12(14)13-3/h5-9H,4H2,1-3H3,(H,13,14)</InChI>
    </Compound>
    <Compound>
        <Id>131</Id>
        <Name>1,4-diisothiocyanatobenzene</Name>
        <Labels></Labels>
        <Cargos>mdl-molfile</Cargos>
        <Cas>4044-65-9</Cas>
        <InChI>InChI=1S/C8H4N2S2/c11-5-9-7-1-2-8(4-3-7)10-6-12/h1-4H</InChI>
    </Compound>
    <Compound>
        <Id>132</Id>
        <Name>dithiothreitol</Name>
        <Labels></Labels>
        <Cargos>mdl-molfile</Cargos>
        <Cas>3483-12-3</Cas>
        <InChI>InChI=1S/C4H10O2S2/c5-3(1-7)4(6)2-8/h3-8H,1-2H2/t3-,4-/m1/s1</InChI>
    </Compound>
    <Compound>
        <Id>133</Id>
        <Name>tetramethylthiourea</Name>
        <Labels></Labels>
        <Cargos>mdl-molfile</Cargos>
        <Cas>2782-91-4</Cas>
        <InChI>InChI=1S/C5H12N2S/c1-6(2)5(8)7(3)4/h1-4H3</InChI>
    </Compound>
    <Compound>
        <Id>134</Id>
        <Name>chlorpyrifos</Name>
        <Labels></Labels>
        <Cargos>mdl-molfile</Cargos>
        <Cas>2921-88-2</Cas>
        <InChI>InChI=1S/C9H11Cl3NO3PS/c1-3-14-17(18,15-4-2)16-9-7(11)5-6(10)8(12)13-9/h5H,3-4H2,1-2H3</InChI>
    </Compound>
    <Compound>
        <Id>135</Id>
        <Name>2-methoxy-4,5,6-trichlorophenol</Name>
        <Labels></Labels>
        <Cargos>mdl-molfile</Cargos>
        <Cas>2668-24-8</Cas>
        <InChI>InChI=1S/C7H5Cl3O2/c1-12-4-2-3(8)5(9)6(10)7(4)11/h2,11H,1H3</InChI>
    </Compound>
    <Compound>
        <Id>136</Id>
        <Name>tetrapropylthioperoxydicarbonicdiamide</Name>
        <Labels></Labels>
        <Cargos>mdl-molfile</Cargos>
        <Cas>2556-42-5</Cas>
        <InChI>InChI=1S/C14H28N2S4/c1-5-9-15(10-6-2)13(17)19-20-14(18)16(11-7-3)12-8-4/h5-12H2,1-4H3</InChI>
    </Compound>
    <Compound>
        <Id>137</Id>
        <Name>diquat</Name>
        <Labels></Labels>
        <Cargos>mdl-molfile</Cargos>
        <Cas>2764-72-9</Cas>
        <InChI>InChI=1S/C12H12N2/c1-3-7-13-9-10-14-8-4-2-6-12(14)11(13)5-1/h1-8H,9-10H2/q+2</InChI>
    </Compound>
    <Compound>
        <Id>138</Id>
        <Name>1-phenyl-3-ethyl thiourea</Name>
        <Labels></Labels>
        <Cargos>mdl-molfile</Cargos>
        <Cas>2741-06-2</Cas>
        <InChI>InChI=1S/C9H12N2S/c1-2-10-9(12)11-8-6-4-3-5-7-8/h3-7H,2H2,1H3,(H2,10,11,12)</InChI>
    </Compound>
    <Compound>
        <Id>139</Id>
        <Name>2,4,2',4'-tetrachlorobiphenyl</Name>
        <Labels></Labels>
        <Cargos>mdl-molfile</Cargos>
        <Cas>2437-79-8</Cas>
        <InChI>InChI=1S/C12H6Cl4/c13-7-1-3-9(11(15)5-7)10-4-2-8(14)6-12(10)16/h1-6H</InChI>
    </Compound>
    <Compound>
        <Id>140</Id>
        <Name>(2-isothiocyanatoethyl)benzene</Name>
        <Labels></Labels>
        <Cargos>mdl-molfile</Cargos>
        <Cas>2257-09-2</Cas>
        <InChI>InChI=1S/C9H9NS/c11-8-10-7-6-9-4-2-1-3-5-9/h1-5H,6-7H2</InChI>
    </Compound>
    <Compound>
        <Id>141</Id>
        <Name>2-methoxytetrachlorophenol</Name>
        <Labels></Labels>
        <Cargos>mdl-molfile</Cargos>
        <Cas>2539-17-5</Cas>
        <InChI>InChI=1S/C7H4Cl4O2/c1-13-7-5(11)3(9)2(8)4(10)6(7)12/h12H,1H3</InChI>
    </Compound>
    <Compound>
        <Id>142</Id>
        <Name>trimethylthiourea</Name>
        <Labels></Labels>
        <Cargos>mdl-molfile</Cargos>
        <Cas>2489-77-2</Cas>
        <InChI>InChI=1S/C4H10N2S/c1-5-4(7)6(2)3/h1-3H3,(H,5,7)</InChI>
    </Compound>
    <Compound>
        <Id>143</Id>
        <Name>2-chlorobiphenyl</Name>
        <Labels></Labels>
        <Cargos>mdl-molfile</Cargos>
        <Cas>2051-60-7</Cas>
        <InChI>InChI=1S/C12H9Cl/c13-12-9-5-4-8-11(12)10-6-2-1-3-7-10/h1-9H</InChI>
    </Compound>
    <Compound>
        <Id>144</Id>
        <Name>3-chlorobiphenyl</Name>
        <Labels></Labels>
        <Cargos>mdl-molfile</Cargos>
        <Cas>2051-61-8</Cas>
        <InChI>InChI=1S/C12H9Cl/c13-12-8-4-7-11(9-12)10-5-2-1-3-6-10/h1-9H</InChI>
    </Compound>
    <Compound>
        <Id>145</Id>
        <Name>atrazine</Name>
        <Labels></Labels>
        <Cargos>mdl-molfile</Cargos>
        <Cas>1912-24-9</Cas>
        <InChI>InChI=1S/C8H14ClN5/c1-4-10-7-12-6(9)13-8(14-7)11-5(2)3/h5H,4H2,1-3H3,(H2,10,11,12,13,14)</InChI>
    </Compound>
    <Compound>
        <Id>146</Id>
        <Name>chloroxuron</Name>
        <Labels></Labels>
        <Cargos>mdl-molfile</Cargos>
        <Cas>1982-47-4</Cas>
        <InChI>InChI=1S/C15H15ClN2O2/c1-18(2)15(19)17-12-5-9-14(10-6-12)20-13-7-3-11(16)4-8-13/h3-10H,1-2H3,(H,17,19)</InChI>
    </Compound>
    <Compound>
        <Id>147</Id>
        <Name>picloram</Name>
        <Labels></Labels>
        <Cargos>mdl-molfile</Cargos>
        <Cas>1918-02-1</Cas>
        <InChI>InChI=1S/C6H3Cl3N2O2/c7-1-3(10)2(8)5(9)11-4(1)6(12)13/h(H2,10,11)(H,12,13)</InChI>
    </Compound>
    <Compound>
        <Id>148</Id>
        <Name>trifluralin</Name>
        <Labels></Labels>
        <Cargos>mdl-molfile</Cargos>
        <Cas>1582-09-8</Cas>
        <InChI>InChI=1S/C13H16F3N3O4/c1-3-5-17(6-4-2)12-10(18(20)21)7-9(13(14,15)16)8-11(12)19(22)23/h7-8H,3-6H2,1-2H3</InChI>
    </Compound>
    <Compound>
        <Id>149</Id>
        <Name>chlornitrofen</Name>
        <Labels></Labels>
        <Cargos>mdl-molfile</Cargos>
        <Cas>1836-77-7</Cas>
        <InChI>InChI=1S/C12H6Cl3NO3/c13-7-5-10(14)12(11(15)6-7)19-9-3-1-8(2-4-9)16(17)18/h1-6H</InChI>
    </Compound>
    <Compound>
        <Id>150</Id>
        <Name>heptachlor epoxide</Name>
        <Labels></Labels>
        <Cargos>mdl-molfile</Cargos>
        <Cas>1024-57-3</Cas>
        <InChI>InChI=1S/C10H5Cl7O/c11-3-1-2(4-5(3)18-4)9(15)7(13)6(12)8(1,14)10(9,16)17/h1-5H</InChI>
    </Compound>
    <Compound>
        <Id>151</Id>
        <Name>4-chloro-o-cresol</Name>
        <Labels></Labels>
        <Cargos>mdl-molfile</Cargos>
        <Cas>1570-64-5</Cas>
        <InChI>InChI=1S/C7H7ClO/c1-5-4-6(8)2-3-7(5)9/h2-4,9H,1H3</InChI>
    </Compound>
    <Compound>
        <Id>152</Id>
        <Name>2,3,5,6-tetrachlorophenol</Name>
        <Labels></Labels>
        <Cargos>mdl-molfile</Cargos>
        <Cas>935-95-5</Cas>
        <InChI>InChI=1S/C6H2Cl4O/c7-2-1-3(8)5(10)6(11)4(2)9/h1,11H</InChI>
    </Compound>
    <Compound>
        <Id>153</Id>
        <Name>fonofos</Name>
        <Labels></Labels>
        <Cargos>mdl-molfile</Cargos>
        <Cas>944-22-9</Cas>
        <InChI>InChI=1S/C10H15OPS2/c1-3-11-12(13,4-2)14-10-8-6-5-7-9-10/h5-9H,3-4H2,1-2H3</InChI>
    </Compound>
    <Compound>
        <Id>154</Id>
        <Name>dibenzothiophene-5,5-dioxide</Name>
        <Labels></Labels>
        <Cargos>mdl-molfile</Cargos>
        <Cas>1016-05-3</Cas>
        <InChI>InChI=1S/C12H8O2S/c13-15(14)11-7-3-1-5-9(11)10-6-2-4-8-12(10)15/h1-8H</InChI>
    </Compound>
    <Compound>
        <Id>155</Id>
        <Name>dipropylcarbamothioic acid, S-ethyl ester</Name>
        <Labels></Labels>
        <Cargos>mdl-molfile</Cargos>
        <Cas>759-94-4</Cas>
        <InChI>InChI=1S/C9H19NOS/c1-4-7-10(8-5-2)9(11)12-6-3/h4-8H2,1-3H3</InChI>
    </Compound>
    <Compound>
        <Id>156</Id>
        <Name>carbophenothion</Name>
        <Labels></Labels>
        <Cargos>mdl-molfile</Cargos>
        <Cas>786-19-6</Cas>
        <InChI>InChI=1S/C11H16ClO2PS3/c1-3-13-15(16,14-4-2)18-9-17-11-7-5-10(12)6-8-11/h5-8H,3-4,9H2,1-2H3</InChI>
    </Compound>
    <Compound>
        <Id>157</Id>
        <Name>benzo[b]thiophene S,S-dioxide</Name>
        <Labels></Labels>
        <Cargos>mdl-molfile</Cargos>
        <Cas>825-44-5</Cas>
        <InChI>InChI=1S/C8H6O2S/c9-11(10)6-5-7-3-1-2-4-8(7)11/h1-6H</InChI>
    </Compound>
    <Compound>
        <Id>158</Id>
        <Name>2,6-dimethylquinoline</Name>
        <Labels></Labels>
        <Cargos>mdl-molfile</Cargos>
        <Cas>877-43-0</Cas>
        <InChI>InChI=1S/C11H11N/c1-8-3-6-11-10(7-8)5-4-9(2)12-11/h3-7H,1-2H3</InChI>
    </Compound>
    <Compound>
        <Id>159</Id>
        <Name>dibutyl phthalate</Name>
        <Labels></Labels>
        <Cargos>mdl-molfile</Cargos>
        <Cas>84-74-2</Cas>
        <InChI>InChI=1S/C16H22O4/c1-3-5-11-19-15(17)13-9-7-8-10-14(13)16(18)20-12-6-4-2/h7-10H,3-6,11-12H2,1-2H3</InChI>
    </Compound>
    <Compound>
        <Id>160</Id>
        <Name>phenanthrene</Name>
        <Labels></Labels>
        <Cargos>mdl-molfile</Cargos>
        <Cas>85-01-8</Cas>
        <InChI>InChI=1S/C14H10/c1-3-7-13-11(5-1)9-10-12-6-2-4-8-14(12)13/h1-10H</InChI>
    </Compound>
    <Compound>
        <Id>161</Id>
        <Name>butyl benzyl phthalate</Name>
        <Labels></Labels>
        <Cargos>mdl-molfile</Cargos>
        <Cas>85-68-7</Cas>
        <InChI>InChI=1S/C19H20O4/c1-2-3-13-22-18(20)16-11-7-8-12-17(16)19(21)23-14-15-9-5-4-6-10-15/h4-12H,2-3,13-14H2,1H3</InChI>
    </Compound>
    <Compound>
        <Id>162</Id>
        <Name>N-nitrosodiphenylamine</Name>
        <Labels></Labels>
        <Cargos>mdl-molfile</Cargos>
        <Cas>86-30-6</Cas>
        <InChI>InChI=1S/C12H10N2O/c15-13-14(11-7-3-1-4-8-11)12-9-5-2-6-10-12/h1-10H</InChI>
    </Compound>
    <Compound>
        <Id>163</Id>
        <Name>carbazole</Name>
        <Labels></Labels>
        <Cargos>mdl-molfile</Cargos>
        <Cas>86-74-8</Cas>
        <InChI>InChI=1S/C12H9N/c1-3-7-11-9(5-1)10-6-2-4-8-12(10)13-11/h1-8,13H</InChI>
    </Compound>
    <Compound>
        <Id>164</Id>
        <Name>1-methyl-2-nitrobenzene</Name>
        <Labels></Labels>
        <Cargos>mdl-molfile</Cargos>
        <Cas>88-72-2</Cas>
        <InChI>InChI=1S/C7H7NO2/c1-6-4-2-3-5-7(6)8(9)10/h2-5H,1H3</InChI>
    </Compound>
    <Compound>
        <Id>165</Id>
        <Name>1-chloro-2-nitrobenzene</Name>
        <Labels></Labels>
        <Cargos>mdl-molfile</Cargos>
        <Cas>88-73-3</Cas>
        <InChI>InChI=1S/C6H4ClNO2/c7-5-3-1-2-4-6(5)8(9)10/h1-4H</InChI>
    </Compound>
    <Compound>
        <Id>166</Id>
        <Name>isophorone</Name>
        <Labels></Labels>
        <Cargos>mdl-molfile</Cargos>
        <Cas>78-59-1</Cas>
        <InChI>InChI=1S/C9H14O/c1-7-4-8(10)6-9(2,3)5-7/h4H,5-6H2,1-3H3</InChI>
    </Compound>
    <Compound>
        <Id>167</Id>
        <Name>1,1-dichloropropane</Name>
        <Labels></Labels>
        <Cargos>mdl-molfile</Cargos>
        <Cas>78-99-9</Cas>
        <InChI>InChI=1S/C3H6Cl2/c1-2-3(4)5/h3H,2H2,1H3</InChI>
    </Compound>
    <Compound>
        <Id>168</Id>
        <Name>acrylamide</Name>
        <Labels></Labels>
        <Cargos>mdl-molfile</Cargos>
        <Cas>79-06-1</Cas>
        <InChI>InChI=1S/C3H5NO/c1-2-3(4)5/h2H,1H2,(H2,4,5)</InChI>
    </Compound>
    <Compound>
        <Id>169</Id>
        <Name>2-chloro-6-nitrotoluene</Name>
        <Labels></Labels>
        <Cargos>mdl-molfile</Cargos>
        <Cas>83-42-1</Cas>
        <InChI>InChI=1S/C7H6ClNO2/c1-5-6(8)3-2-4-7(5)9(10)11/h2-4H,1H3</InChI>
    </Compound>
    <Compound>
        <Id>170</Id>
        <Name>3,3'-dichlorobenzidine</Name>
        <Labels></Labels>
        <Cargos>mdl-molfile</Cargos>
        <Cas>91-94-1</Cas>
        <InChI>InChI=1S/C12H10Cl2N2/c13-9-5-7(1-3-11(9)15)8-2-4-12(16)10(14)6-8/h1-6H,15-16H2</InChI>
    </Compound>
    <Compound>
        <Id>171</Id>
        <Name>coumarin</Name>
        <Labels></Labels>
        <Cargos>mdl-molfile</Cargos>
        <Cas>91-64-5</Cas>
        <InChI>InChI=1S/C9H6O2/c10-9-6-5-7-3-1-2-4-8(7)11-9/h1-6H</InChI>
    </Compound>
    <Compound>
        <Id>172</Id>
        <Name>biphenyl</Name>
        <Labels></Labels>
        <Cargos>mdl-molfile</Cargos>
        <Cas>92-52-4</Cas>
        <InChI>InChI=1S/C12H10/c1-3-7-11(8-4-1)12-9-5-2-6-10-12/h1-10H</InChI>
    </Compound>
    <Compound>
        <Id>173</Id>
        <Name>benzo[b]thiophene</Name>
        <Labels></Labels>
        <Cargos>mdl-molfile</Cargos>
        <Cas>95-15-8</Cas>
        <InChI>InChI=1S/C8H6S/c1-2-4-8-7(3-1)5-6-9-8/h1-6H</InChI>
    </Compound>
    <Compound>
        <Id>174</Id>
        <Name>2,4,6-trinitrophenol</Name>
        <Labels></Labels>
        <Cargos>mdl-molfile</Cargos>
        <Cas>88-89-1</Cas>
        <InChI>InChI=1S/C6H3N3O7/c10-6-4(8(13)14)1-3(7(11)12)2-5(6)9(15)16/h1-2,10H</InChI>
    </Compound>
    <Compound>
        <Id>175</Id>
        <Name>2-(1-methylpropyl)-4,6-dinitrophenol</Name>
        <Labels></Labels>
        <Cargos>mdl-molfile</Cargos>
        <Cas>88-85-7</Cas>
        <InChI>InChI=1S/C10H12N2O5/c1-3-6(2)8-4-7(11(14)15)5-9(10(8)13)12(16)17/h4-6,13H,3H2,1-2H3</InChI>
    </Compound>
    <Compound>
        <Id>176</Id>
        <Name>1,4-dichloro-2-nitrobenzene</Name>
        <Labels></Labels>
        <Cargos>mdl-molfile</Cargos>
        <Cas>89-61-2</Cas>
        <InChI>InChI=1S/C6H3Cl2NO2/c7-4-1-2-5(8)6(3-4)9(10)11/h1-3H</InChI>
    </Compound>
    <Compound>
        <Id>177</Id>
        <Name>salicylaldehyde</Name>
        <Labels></Labels>
        <Cargos>mdl-molfile</Cargos>
        <Cas>90-02-8</Cas>
        <InChI>InChI=1S/C7H6O2/c8-5-6-3-1-2-4-7(6)9/h1-5,9H</InChI>
    </Compound>
    <Compound>
        <Id>178</Id>
        <Name>2-methoxyphenol</Name>
        <Labels></Labels>
        <Cargos>mdl-molfile</Cargos>
        <Cas>90-05-1</Cas>
        <InChI>InChI=1S/C7H8O2/c1-9-7-5-3-2-4-6(7)8/h2-5,8H,1H3</InChI>
    </Compound>
    <Compound>
        <Id>179</Id>
        <Name>pyrimethamine</Name>
        <Labels></Labels>
        <Cargos>mdl-molfile</Cargos>
        <Cas>58-14-0</Cas>
        <InChI>InChI=1S/C12H13ClN4/c1-2-9-10(11(14)17-12(15)16-9)7-3-5-8(13)6-4-7/h3-6H,2H2,1H3,(H4,14,15,16,17)</InChI>
    </Compound>
    <Compound>
        <Id>180</Id>
        <Name>lindane</Name>
        <Labels></Labels>
        <Cargos>mdl-molfile</Cargos>
        <Cas>58-89-9</Cas>
        <InChI>InChI=1S/C6H6Cl6/c7-1-2(8)4(10)6(12)5(11)3(1)9/h1-6H/t1-,2-,3-,4+,5+,6+</InChI>
    </Compound>
    <Compound>
        <Id>181</Id>
        <Name>nitroglycerine</Name>
        <Labels></Labels>
        <Cargos>mdl-molfile</Cargos>
        <Cas>55-63-0</Cas>
        <InChI>InChI=1S/C3H5N3O9/c7-4(8)13-1-3(15-6(11)12)2-14-5(9)10/h3H,1-2H2</InChI>
    </Compound>
    <Compound>
        <Id>182</Id>
        <Name>4-chloro-3-methylphenol</Name>
        <Labels></Labels>
        <Cargos>mdl-molfile</Cargos>
        <Cas>59-50-7</Cas>
        <InChI>InChI=1S/C7H7ClO/c1-5-4-6(9)2-3-7(5)8/h2-4,9H,1H3</InChI>
    </Compound>
    <Compound>
        <Id>183</Id>
        <Name>dimethoate</Name>
        <Labels></Labels>
        <Cargos>mdl-molfile</Cargos>
        <Cas>60-51-5</Cas>
        <InChI>InChI=1S/C5H12NO3PS2/c1-6-5(7)4-12-10(11,8-2)9-3/h4H2,1-3H3,(H,6,7)</InChI>
    </Compound>
    <Compound>
        <Id>184</Id>
        <Name>fenthion</Name>
        <Labels></Labels>
        <Cargos>mdl-molfile</Cargos>
        <Cas>55-38-9</Cas>
        <InChI>InChI=1S/C10H15O3PS2/c1-8-7-9(5-6-10(8)16-4)13-14(15,11-2)12-3/h5-7H,1-4H3</InChI>
    </Compound>
    <Compound>
        <Id>185</Id>
        <Name>2,4-dinitrophenol</Name>
        <Labels></Labels>
        <Cargos>mdl-molfile</Cargos>
        <Cas>51-28-5</Cas>
        <InChI>InChI=1S/C6H4N2O5/c9-6-2-1-4(7(10)11)3-5(6)8(12)13/h1-3,9H</InChI>
    </Compound>
    <Compound>
        <Id>186</Id>
        <Name>acetaldehyde</Name>
        <Labels></Labels>
        <Cargos>mdl-molfile</Cargos>
        <Cas>75-07-0</Cas>
        <InChI>InChI=1S/C2H4O/c1-2-3/h2H,1H3</InChI>
    </Compound>
    <Compound>
        <Id>187</Id>
        <Name>methyl bromide</Name>
        <Labels></Labels>
        <Cargos>mdl-molfile</Cargos>
        <Cas>74-83-9</Cas>
        <InChI>InChI=1S/CH3Br/c1-2/h1H3</InChI>
    </Compound>
    <Compound>
        <Id>188</Id>
        <Name>bromoform</Name>
        <Labels></Labels>
        <Cargos>mdl-molfile</Cargos>
        <Cas>75-25-2</Cas>
        <InChI>InChI=1S/CHBr3/c2-1(3)4/h1H</InChI>
    </Compound>
    <Compound>
        <Id>189</Id>
        <Name>ethylene oxide</Name>
        <Labels></Labels>
        <Cargos>mdl-molfile</Cargos>
        <Cas>75-21-8</Cas>
        <InChI>InChI=1S/C2H4O/c1-2-3-1/h1-2H2</InChI>
    </Compound>
    <Compound>
        <Id>190</Id>
        <Name>carbon disulfide</Name>
        <Description></Description>
        <Labels></Labels>
        <Cargos>mdl-molfile</Cargos>
        <Cas>75-15-0</Cas>
        <InChI>InChI=1S/CS2/c2-1-3</InChI>
    </Compound>
    <Compound>
        <Id>191</Id>
        <Name>thiourea</Name>
        <Labels></Labels>
        <Cargos>mdl-molfile</Cargos>
        <Cas>62-56-6</Cas>
        <InChI>InChI=1S/CH4N2S/c2-1(3)4/h(H4,2,3,4)</InChI>
    </Compound>
    <Compound>
        <Id>192</Id>
        <Name>thioacetamide</Name>
        <Labels></Labels>
        <Cargos>mdl-molfile</Cargos>
        <Cas>62-55-5</Cas>
        <InChI>InChI=1S/C2H5NS/c1-2(3)4/h1H3,(H2,3,4)</InChI>
    </Compound>
    <Compound>
        <Id>193</Id>
        <Name>dieldrin</Name>
        <Labels></Labels>
        <Cargos>mdl-molfile</Cargos>
        <Cas>60-57-1</Cas>
        <InChI>InChI=1S/C12H8Cl6O/c13-8-9(14)11(16)5-3-1-2(6-7(3)19-6)4(5)10(8,15)12(11,17)18/h2-7H,1H2/t2-,3+,4+,5-,6-,7+,10+,11-</InChI>
    </Compound>
    <Compound>
        <Id>194</Id>
        <Name>N,N-dimethylformamide</Name>
        <Labels></Labels>
        <Cargos>mdl-molfile</Cargos>
        <Cas>68-12-2</Cas>
        <InChI>InChI=1S/C3H7NO/c1-4(2)3-5/h3H,1-2H3</InChI>
    </Compound>
    <Compound>
        <Id>195</Id>
        <Name>2,3-dinitrotoluene</Name>
        <Labels></Labels>
        <Cargos>mdl-molfile</Cargos>
        <Cas>602-01-7</Cas>
        <InChI>InChI=1S/C7H6N2O4/c1-5-3-2-4-6(8(10)11)7(5)9(12)13/h2-4H,1H3</InChI>
    </Compound>
    <Compound>
        <Id>196</Id>
        <Name>3,5-dichloroaniline</Name>
        <Labels></Labels>
        <Cargos>mdl-molfile</Cargos>
        <Cas>626-43-7</Cas>
        <InChI>InChI=1S/C6H5Cl2N/c7-4-1-5(8)3-6(9)2-4/h1-3H,9H2</InChI>
    </Compound>
    <Compound>
        <Id>197</Id>
        <Name>1,3-dichloro-5-nitrobenzene</Name>
        <Labels></Labels>
        <Cargos>mdl-molfile</Cargos>
        <Cas>618-62-2</Cas>
        <InChI>InChI=1S/C6H3Cl2NO2/c7-4-1-5(8)3-6(2-4)9(10)11/h1-3H</InChI>
    </Compound>
    <Compound>
        <Id>198</Id>
        <Name>1,1,1,2-tetrachloroethane</Name>
        <Labels></Labels>
        <Cargos>mdl-molfile</Cargos>
        <Cas>630-20-6</Cas>
        <InChI>InChI=1S/C2H2Cl4/c3-1-2(4,5)6/h1H2</InChI>
    </Compound>
    <Compound>
        <Id>199</Id>
        <Name>1,1,3,3-tetramethylurea</Name>
        <Labels></Labels>
        <Cargos>mdl-molfile</Cargos>
        <Cas>632-22-4</Cas>
        <InChI>InChI=1S/C5H12N2O/c1-6(2)5(8)7(3)4/h1-4H3</InChI>
    </Compound>
    <Compound>
        <Id>200</Id>
        <Name>diethylene glycol dinitrate</Name>
        <Labels></Labels>
        <Cargos>mdl-molfile</Cargos>
        <Cas>693-21-0</Cas>
        <InChI>InChI=1S/C4H8N2O7/c7-5(8)12-3-1-11-2-4-13-6(9)10/h1-4H2</InChI>
    </Compound>
    <Compound>
        <Id>201</Id>
        <Name>benzoyl isothiocyanate</Name>
        <Labels></Labels>
        <Cargos>mdl-molfile</Cargos>
        <Cas>532-55-8</Cas>
        <InChI>InChI=1S/C8H5NOS/c10-8(9-6-11)7-4-2-1-3-5-7/h1-5H</InChI>
    </Compound>
    <Compound>
        <Id>202</Id>
        <Name>2-thioxo-4-imidazolinone</Name>
        <Labels></Labels>
        <Cargos>mdl-molfile</Cargos>
        <Cas>503-87-7</Cas>
        <InChI>InChI=1S/C3H4N2OS/c6-2-1-4-3(7)5-2/h1H2,(H2,4,5,6,7)</InChI>
    </Compound>
    <Compound>
        <Id>203</Id>
        <Name>diazinon</Name>
        <Labels></Labels>
        <Cargos>mdl-molfile</Cargos>
        <Cas>333-41-5</Cas>
        <InChI>InChI=1S/C12H21N2O3PS/c1-6-15-18(19,16-7-2)17-11-8-10(5)13-12(14-11)9(3)4/h8-9H,6-7H2,1-5H3</InChI>
    </Compound>
    <Compound>
        <Id>204</Id>
        <Name>dinitro-o-cresol</Name>
        <Labels></Labels>
        <Cargos>mdl-molfile</Cargos>
        <Cas>534-52-1</Cas>
        <InChI>InChI=1S/C7H6N2O5/c1-4-2-5(8(11)12)3-6(7(4)10)9(13)14/h2-3,10H,1H3</InChI>
    </Compound>
    <Compound>
        <Id>205</Id>
        <Name>2,6-dimethylphenol</Name>
        <Labels></Labels>
        <Cargos>mdl-molfile</Cargos>
        <Cas>576-26-1</Cas>
        <InChI>InChI=1S/C8H10O/c1-6-4-3-5-7(2)8(6)9/h3-5,9H,1-2H3</InChI>
    </Compound>
    <Compound>
        <Id>206</Id>
        <Name>2,4-dichloroaniline</Name>
        <Labels></Labels>
        <Cargos>mdl-molfile</Cargos>
        <Cas>554-00-7</Cas>
        <InChI>InChI=1S/C6H5Cl2N/c7-4-1-2-6(9)5(8)3-4/h1-3H,9H2</InChI>
    </Compound>
    <Compound>
        <Id>207</Id>
        <Name>tribromoethene</Name>
        <Labels></Labels>
        <Cargos>mdl-molfile</Cargos>
        <Cas>598-16-3</Cas>
        <InChI>InChI=1S/C2HBr3/c3-1-2(4)5/h1H</InChI>
    </Compound>
    <Compound>
        <Id>208</Id>
        <Name>2-naphthol</Name>
        <Labels></Labels>
        <Cargos>mdl-molfile</Cargos>
        <Cas>135-19-3</Cas>
        <InChI>InChI=1S/C10H8O/c11-10-6-5-8-3-1-2-4-9(8)7-10/h1-7,11H</InChI>
    </Compound>
    <Compound>
        <Id>209</Id>
        <Name>ethyl acetate</Name>
        <Labels></Labels>
        <Cargos>mdl-molfile</Cargos>
        <Cas>141-78-6</Cas>
        <InChI>InChI=1S/C4H8O2/c1-3-6-4(2)5/h3H2,1-2H3</InChI>
    </Compound>
    <Compound>
        <Id>210</Id>
        <Name>thiouracil</Name>
        <Labels></Labels>
        <Cargos>mdl-molfile</Cargos>
        <Cas>141-90-2</Cas>
        <InChI>InChI=1S/C4H4N2OS/c7-3-1-2-5-4(8)6-3/h1-2H,(H2,5,6,7,8)</InChI>
    </Compound>
    <Compound>
        <Id>211</Id>
        <Name>butyl ether</Name>
        <Labels></Labels>
        <Cargos>mdl-molfile</Cargos>
        <Cas>142-96-1</Cas>
        <InChI>InChI=1S/C8H18O/c1-3-5-7-9-8-6-4-2/h3-8H2,1-2H3</InChI>
    </Compound>
    <Compound>
        <Id>212</Id>
        <Name>dinitolmide</Name>
        <Labels></Labels>
        <Cargos>mdl-molfile</Cargos>
        <Cas>148-01-6</Cas>
        <InChI>InChI=1S/C8H7N3O5/c1-4-6(8(9)12)2-5(10(13)14)3-7(4)11(15)16/h2-3H,1H3,(H2,9,12)</InChI>
    </Compound>
    <Compound>
        <Id>213</Id>
        <Name>3-methoxyphenol</Name>
        <Labels></Labels>
        <Cargos>mdl-molfile</Cargos>
        <Cas>150-19-6</Cas>
        <InChI>InChI=1S/C7H8O2/c1-9-7-4-2-3-6(8)5-7/h2-5,8H,1H3</InChI>
    </Compound>
    <Compound>
        <Id>214</Id>
        <Name>trans-1,2-dichloroethylene</Name>
        <Labels></Labels>
        <Cargos>mdl-molfile</Cargos>
        <Cas>156-60-5</Cas>
        <InChI>InChI=1S/C2H2Cl2/c3-1-2-4/h1-2H/b2-1+</InChI>
    </Compound>
    <Compound>
        <Id>215</Id>
        <Name>diethyl p-nitrophenyl phosphate</Name>
        <Labels></Labels>
        <Cargos>mdl-molfile</Cargos>
        <Cas>311-45-5</Cas>
        <InChI>InChI=1S/C10H14NO6P/c1-3-15-18(14,16-4-2)17-10-7-5-9(6-8-10)11(12)13/h5-8H,3-4H2,1-2H3</InChI>
    </Compound>
    <Compound>
        <Id>216</Id>
        <Name>2,4,6-trinitrotoluene</Name>
        <Labels></Labels>
        <Cargos>mdl-molfile</Cargos>
        <Cas>118-96-7</Cas>
        <InChI>InChI=1S/C7H5N3O6/c1-4-6(9(13)14)2-5(8(11)12)3-7(4)10(15)16/h2-3H,1H3</InChI>
    </Compound>
    <Compound>
        <Id>217</Id>
        <Name>2,4-dinitrotoluene</Name>
        <Labels></Labels>
        <Cargos>mdl-molfile</Cargos>
        <Cas>121-14-2</Cas>
        <InChI>InChI=1S/C7H6N2O4/c1-5-2-3-6(8(10)11)4-7(5)9(12)13/h2-4H,1H3</InChI>
    </Compound>
    <Compound>
        <Id>218</Id>
        <Name>1,2-diphenylhydrazine</Name>
        <Labels></Labels>
        <Cargos>mdl-molfile</Cargos>
        <Cas>122-66-7</Cas>
        <InChI>InChI=1S/C12H12N2/c1-3-7-11(8-4-1)13-14-12-9-5-2-6-10-12/h1-10,13-14H</InChI>
    </Compound>
    <Compound>
        <Id>219</Id>
        <Name>dimethylamine</Name>
        <Labels></Labels>
        <Cargos>mdl-molfile</Cargos>
        <Cas>124-40-3</Cas>
        <InChI>InChI=1S/C2H7N/c1-3-2/h3H,1-2H3</InChI>
    </Compound>
    <Compound>
        <Id>220</Id>
        <Name>cyclohexene</Name>
        <Labels></Labels>
        <Cargos>mdl-molfile</Cargos>
        <Cas>110-83-8</Cas>
        <InChI>InChI=1S/C6H10/c1-2-4-6-5-3-1/h1-2H,3-6H2</InChI>
    </Compound>
    <Compound>
        <Id>221</Id>
        <Name>pentanoic acid</Name>
        <Labels></Labels>
        <Cargos>mdl-molfile</Cargos>
        <Cas>109-52-4</Cas>
        <InChI>InChI=1S/C5H10O2/c1-2-3-4-5(6)7/h2-4H2,1H3,(H,6,7)</InChI>
    </Compound>
    <Compound>
        <Id>222</Id>
        <Name>phenol</Name>
        <Labels></Labels>
        <Cargos>mdl-molfile</Cargos>
        <Cas>108-95-2</Cas>
        <InChI>InChI=1S/C6H6O/c7-6-4-2-1-3-5-6/h1-5,7H</InChI>
    </Compound>
    <Compound>
        <Id>223</Id>
        <Name>endosulfan</Name>
        <Labels></Labels>
        <Cargos>mdl-molfile</Cargos>
        <Cas>115-29-7</Cas>
        <InChI>InChI=1S/C9H6Cl6O3S/c10-5-6(11)8(13)4-2-18-19(16)17-1-3(4)7(5,12)9(8,14)15/h3-4H,1-2H2</InChI>
    </Compound>
    <Compound>
        <Id>224</Id>
        <Name>1-propanethiol</Name>
        <Labels></Labels>
        <Cargos>mdl-molfile</Cargos>
        <Cas>107-03-9</Cas>
        <InChI>InChI=1S/C3H8S/c1-2-3-4/h4H,2-3H2,1H3</InChI>
    </Compound>
    <Compound>
        <Id>225</Id>
        <Name>acrolein</Name>
        <Labels></Labels>
        <Cargos>mdl-molfile</Cargos>
        <Cas>107-02-8</Cas>
        <InChI>InChI=1S/C3H4O/c1-2-3-4/h2-3H,1H2</InChI>
    </Compound>
    <Compound>
        <Id>226</Id>
        <Name>4-chlorophenol</Name>
        <Labels></Labels>
        <Cargos>mdl-molfile</Cargos>
        <Cas>106-48-9</Cas>
        <InChI>InChI=1S/C6H5ClO/c7-5-1-3-6(8)4-2-5/h1-4,8H</InChI>
    </Compound>
    <Compound>
        <Id>227</Id>
        <Name>m-cresol</Name>
        <Labels></Labels>
        <Cargos>mdl-molfile</Cargos>
        <Cas>108-39-4</Cas>
        <InChI>InChI=1S/C7H8O/c1-6-3-2-4-7(8)5-6/h2-5,8H,1H3</InChI>
    </Compound>
    <Compound>
        <Id>228</Id>
        <Name>styrene</Name>
        <Labels></Labels>
        <Cargos>mdl-molfile</Cargos>
        <Cas>100-42-5</Cas>
        <InChI>InChI=1S/C8H8/c1-2-8-6-4-3-5-7-8/h2-7H,1H2</InChI>
    </Compound>
    <Compound>
        <Id>229</Id>
        <Name>N-methylaniline</Name>
        <Labels></Labels>
        <Cargos>mdl-molfile</Cargos>
        <Cas>100-61-8</Cas>
        <InChI>InChI=1S/C7H9N/c1-8-7-5-3-2-4-6-7/h2-6,8H,1H3</InChI>
    </Compound>
    <Compound>
        <Id>230</Id>
        <Name>ethyl propionate</Name>
        <Labels></Labels>
        <Cargos>mdl-molfile</Cargos>
        <Cas>105-37-3</Cas>
        <InChI>InChI=1S/C5H10O2/c1-3-5(6)7-4-2/h3-4H2,1-2H3</InChI>
    </Compound>
    <Compound>
        <Id>231</Id>
        <Name>1,3-diethylthiourea</Name>
        <Labels></Labels>
        <Cargos>mdl-molfile</Cargos>
        <Cas>105-55-5</Cas>
        <InChI>InChI=1S/C5H12N2S/c1-3-6-5(8)7-4-2/h3-4H2,1-2H3,(H2,6,7,8)</InChI>
    </Compound>
    <Compound>
        <Id>232</Id>
        <Name>phenylthiourea</Name>
        <Labels></Labels>
        <Cargos>mdl-molfile</Cargos>
        <Cas>103-85-5</Cas>
        <InChI>InChI=1S/C7H8N2S/c8-7(10)9-6-4-2-1-3-5-6/h1-5H,(H3,8,9,10)</InChI>
    </Compound>
    <Compound>
        <Id>233</Id>
        <Name>2,5-dichloroaniline</Name>
        <Labels></Labels>
        <Cargos>mdl-molfile</Cargos>
        <Cas>95-82-9</Cas>
        <InChI>InChI=1S/C6H5Cl2N/c7-4-1-2-5(8)6(9)3-4/h1-3H,9H2</InChI>
    </Compound>
    <Compound>
        <Id>234</Id>
        <Name>1,2-epoxyethylbenzene</Name>
        <Labels></Labels>
        <Cargos>mdl-molfile</Cargos>
        <Cas>96-09-3</Cas>
        <InChI>InChI=1S/C8H8O/c1-2-4-7(5-3-1)8-6-9-8/h1-5,8H,6H2</InChI>
    </Compound>
    <Compound>
        <Id>235</Id>
        <Name>2,4,5-trichlorophenol</Name>
        <Labels></Labels>
        <Cargos>mdl-molfile</Cargos>
        <Cas>95-95-4</Cas>
        <InChI>InChI=1S/C6H3Cl3O/c7-3-1-5(9)6(10)2-4(3)8/h1-2,10H</InChI>
    </Compound>
    <Compound>
        <Id>236</Id>
        <Name>2-chloroaniline</Name>
        <Labels></Labels>
        <Cargos>mdl-molfile</Cargos>
        <Cas>95-51-2</Cas>
        <InChI>InChI=1S/C6H6ClN/c7-5-3-1-2-4-6(5)8/h1-4H,8H2</InChI>
    </Compound>
    <Compound>
        <Id>237</Id>
        <Name>cumene</Name>
        <Labels></Labels>
        <Cargos>mdl-molfile</Cargos>
        <Cas>98-82-8</Cas>
        <InChI>InChI=1S/C9H12/c1-8(2)9-6-4-3-5-7-9/h3-8H,1-2H3</InChI>
    </Compound>
    <Compound>
        <Id>238</Id>
        <Name>1,2-dimethyl-4-nitrobenzene</Name>
        <Labels></Labels>
        <Cargos>mdl-molfile</Cargos>
        <Cas>99-51-4</Cas>
        <InChI>InChI=1S/C8H9NO2/c1-6-3-4-8(9(10)11)5-7(6)2/h3-5H,1-2H3</InChI>
    </Compound>
    <Compound>
        <Id>239</Id>
        <Name>1-chloro-2,4-dinitrobenzene</Name>
        <Labels></Labels>
        <Cargos>mdl-molfile</Cargos>
        <Cas>97-00-7</Cas>
        <InChI>InChI=1S/C6H3ClN2O4/c7-5-2-1-4(8(10)11)3-6(5)9(12)13/h1-3H</InChI>
    </Compound>
    <Compound>
        <Id>240</Id>
        <Name>ethylene thiourea</Name>
        <Labels></Labels>
        <Cargos>mdl-molfile</Cargos>
        <Cas>96-45-7</Cas>
        <InChI>InChI=1S/C3H6N2S/c6-3-4-1-2-5-3/h1-2H2,(H2,4,5,6)</InChI>
    </Compound>
    <Compound>
        <Id>241</Id>
        <Name>pentachlorophenol</Name>
        <Labels></Labels>
        <Cargos>mdl-molfile</Cargos>
        <Cas>87-86-5</Cas>
        <InChI>InChI=1S/C6HCl5O/c7-1-2(8)4(10)6(12)5(11)3(1)9/h12H</InChI>
    </Compound>
    <Compound>
        <Id>242</Id>
        <Name>hexachlorocyclopentadiene</Name>
        <Labels></Labels>
        <Cargos>mdl-molfile</Cargos>
        <Cas>77-47-4</Cas>
        <InChI>InChI=1S/C5Cl6/c6-1-2(7)4(9)5(10,11)3(1)8</InChI>
    </Compound>
    <Compound>
        <Id>243</Id>
        <Name>propionic acid</Name>
        <Labels></Labels>
        <Cargos>mdl-molfile</Cargos>
        <Cas>79-09-4</Cas>
        <InChI>InChI=1S/C3H6O2/c1-2-3(4)5/h2H2,1H3,(H,4,5)</InChI>
    </Compound>
    <Compound>
        <Id>244</Id>
        <Name>1,2-dimethyl-3-nitrobenzene</Name>
        <Labels></Labels>
        <Cargos>mdl-molfile</Cargos>
        <Cas>83-41-0</Cas>
        <InChI>InChI=1S/C8H9NO2/c1-6-4-3-5-8(7(6)2)9(10)11/h3-5H,1-2H3</InChI>
    </Compound>
    <Compound>
        <Id>245</Id>
        <Name>diethyl phthalate</Name>
        <Labels></Labels>
        <Cargos>mdl-molfile</Cargos>
        <Cas>84-66-2</Cas>
        <InChI>InChI=1S/C12H14O4/c1-3-15-11(13)9-7-5-6-8-10(9)12(14)16-4-2/h5-8H,3-4H2,1-2H3</InChI>
    </Compound>
    <Compound>
        <Id>246</Id>
        <Name>quinoline</Name>
        <Labels></Labels>
        <Cargos>mdl-molfile</Cargos>
        <Cas>91-22-5</Cas>
        <InChI>InChI=1S/C9H7N/c1-2-6-9-8(4-1)5-3-7-10-9/h1-7H</InChI>
    </Compound>
    <Compound>
        <Id>247</Id>
        <Name>2-phenylphenol</Name>
        <Labels></Labels>
        <Cargos>mdl-molfile</Cargos>
        <Cas>90-43-7</Cas>
        <InChI>InChI=1S/C12H10O/c13-12-9-5-4-8-11(12)10-6-2-1-3-7-10/h1-9,13H</InChI>
    </Compound>
    <Compound>
        <Id>248</Id>
        <Name>4-phenylphenol</Name>
        <Labels></Labels>
        <Cargos>mdl-molfile</Cargos>
        <Cas>92-69-3</Cas>
        <InChI>InChI=1S/C12H10O/c13-12-8-6-11(7-9-12)10-4-2-1-3-5-10/h1-9,13H</InChI>
    </Compound>
    <Compound>
        <Id>249</Id>
        <Name>1,2-dichloroethane</Name>
        <Labels></Labels>
        <Cargos>mdl-molfile</Cargos>
        <Cas>107-06-2</Cas>
        <InChI>InChI=1S/C2H4Cl2/c3-1-2-4/h1-2H2</InChI>
    </Compound>
    <Compound>
        <Id>250</Id>
        <Name>1,2-ethanediol</Name>
        <Labels></Labels>
        <Cargos>mdl-molfile</Cargos>
        <Cas>107-21-1</Cas>
        <InChI>InChI=1S/C2H6O2/c3-1-2-4/h3-4H,1-2H2</InChI>
    </Compound>
    <Compound>
        <Id>251</Id>
        <Name>4-chloro-2-nitrotoluene</Name>
        <Labels></Labels>
        <Cargos>mdl-molfile</Cargos>
        <Cas>89-59-8</Cas>
        <InChI>InChI=1S/C7H6ClNO2/c1-5-2-3-6(8)4-7(5)9(10)11/h2-4H,1H3</InChI>
    </Compound>
    <Compound>
        <Id>252</Id>
        <Name>1,4-dichlorobenzene</Name>
        <Labels></Labels>
        <Cargos>mdl-molfile</Cargos>
        <Cas>106-46-7</Cas>
        <InChI>InChI=1S/C6H4Cl2/c7-5-1-2-6(8)4-3-5/h1-4H</InChI>
    </Compound>
    <Compound>
        <Id>253</Id>
        <Name>o-aminoanisole</Name>
        <Labels></Labels>
        <Cargos>mdl-molfile</Cargos>
        <Cas>90-04-0</Cas>
        <InChI>InChI=1S/C7H9NO/c1-9-7-5-3-2-4-6(7)8/h2-5H,8H2,1H3</InChI>
    </Compound>
    <Compound>
        <Id>254</Id>
        <Name>1-chloronaphthalene</Name>
        <Labels></Labels>
        <Cargos>mdl-molfile</Cargos>
        <Cas>90-13-1</Cas>
        <InChI>InChI=1S/C10H7Cl/c11-10-7-3-5-8-4-1-2-6-9(8)10/h1-7H</InChI>
    </Compound>
    <Compound>
        <Id>255</Id>
        <Name>2-methyl-2,4-pentanediol</Name>
        <Labels></Labels>
        <Cargos>mdl-molfile</Cargos>
        <Cas>107-41-5</Cas>
        <InChI>InChI=1S/C6H14O2/c1-5(7)4-6(2,3)8/h5,7-8H,4H2,1-3H3</InChI>
    </Compound>
    <Compound>
        <Id>256</Id>
        <Name>trichloroethene</Name>
        <Labels></Labels>
        <Cargos>mdl-molfile</Cargos>
        <Cas>79-01-6</Cas>
        <InChI>InChI=1S/C2HCl3/c3-1-2(4)5/h1H</InChI>
    </Compound>
    <Compound>
        <Id>257</Id>
        <Name>o-xylene</Name>
        <Labels></Labels>
        <Cargos>mdl-molfile</Cargos>
        <Cas>95-47-6</Cas>
        <InChI>InChI=1S/C8H10/c1-7-5-3-4-6-8(7)2/h3-6H,1-2H3</InChI>
    </Compound>
    <Compound>
        <Id>258</Id>
        <Name>parathion</Name>
        <Labels></Labels>
        <Cargos>mdl-molfile</Cargos>
        <Cas>56-38-2</Cas>
        <InChI>InChI=1S/C10H14NO5PS/c1-3-14-17(18,15-4-2)16-10-7-5-9(6-8-10)11(12)13/h5-8H,3-4H2,1-2H3</InChI>
    </Compound>
    <Compound>
        <Id>259</Id>
        <Name>naphthalene</Name>
        <Labels></Labels>
        <Cargos>mdl-molfile</Cargos>
        <Cas>91-20-3</Cas>
        <InChI>InChI=1S/C10H8/c1-2-6-10-8-4-3-7-9(10)5-1/h1-8H</InChI>
    </Compound>
    <Compound>
        <Id>260</Id>
        <Name>1,2-dichlorobenzene</Name>
        <Labels></Labels>
        <Cargos>mdl-molfile</Cargos>
        <Cas>95-50-1</Cas>
        <InChI>InChI=1S/C6H4Cl2/c7-5-3-1-2-4-6(5)8/h1-4H</InChI>
    </Compound>
    <Compound>
        <Id>261</Id>
        <Name>2,3,4,6-tetrachlorophenol</Name>
        <Labels></Labels>
        <Cargos>mdl-molfile</Cargos>
        <Cas>58-90-2</Cas>
        <InChI>InChI=1S/C6H2Cl4O/c7-2-1-3(8)6(11)5(10)4(2)9/h1,11H</InChI>
    </Compound>
    <Compound>
        <Id>262</Id>
        <Name>diphenyl ether</Name>
        <Labels></Labels>
        <Cargos>mdl-molfile</Cargos>
        <Cas>101-84-8</Cas>
        <InChI>InChI=1S/C12H10O/c1-3-7-11(8-4-1)13-12-9-5-2-6-10-12/h1-10H</InChI>
    </Compound>
    <Compound>
        <Id>263</Id>
        <Name>ethopabate</Name>
        <Labels></Labels>
        <Cargos>mdl-molfile</Cargos>
        <Cas>59-06-3</Cas>
        <InChI>InChI=1S/C12H15NO4/c1-4-17-11-7-9(13-8(2)14)5-6-10(11)12(15)16-3/h5-7H,4H2,1-3H3,(H,13,14)</InChI>
    </Compound>
    <Compound>
        <Id>264</Id>
        <Name>dichlormethane</Name>
        <Labels></Labels>
        <Cargos>mdl-molfile</Cargos>
        <Cas>75-09-2</Cas>
        <InChI>InChI=1S/CH2Cl2/c2-1-3/h1H2</InChI>
    </Compound>
    <Compound>
        <Id>265</Id>
        <Name>trichlorofon</Name>
        <Labels></Labels>
        <Cargos>mdl-molfile</Cargos>
        <Cas>52-68-6</Cas>
        <InChI>InChI=1S/C4H8Cl3O4P/c1-10-12(9,11-2)3(8)4(5,6)7/h3,8H,1-2H3/t3-/m1/s1</InChI>
    </Compound>
    <Compound>
        <Id>266</Id>
        <Name>DDT</Name>
        <Labels></Labels>
        <Cargos>mdl-molfile</Cargos>
        <Cas>50-29-3</Cas>
        <InChI>InChI=1S/C14H9Cl5/c15-11-5-1-9(2-6-11)13(14(17,18)19)10-3-7-12(16)8-4-10/h1-8,13H</InChI>
    </Compound>
    <Compound>
        <Id>267</Id>
        <Name>ethyl mercaptan</Name>
        <Labels></Labels>
        <Cargos>mdl-molfile</Cargos>
        <Cas>75-08-1</Cas>
        <InChI>InChI=1S/C2H6S/c1-2-3/h3H,2H2,1H3</InChI>
    </Compound>
    <Compound>
        <Id>268</Id>
        <Name>esfenvalerate</Name>
        <Labels></Labels>
        <Cargos>mdl-molfile</Cargos>
        <Cas>66230-04-4</Cas>
        <InChI>InChI=1S/C25H22ClNO3/c1-17(2)24(18-11-13-20(26)14-12-18)25(28)30-23(16-27)19-7-6-10-22(15-19)29-21-8-4-3-5-9-21/h3-15,17,23-24H,1-2H3/t23-,24+/m1/s1</InChI>
    </Compound>
    <Compound>
        <Id>269</Id>
        <Name>acetonitrile</Name>
        <Labels></Labels>
        <Cargos>mdl-molfile</Cargos>
        <Cas>75-05-8</Cas>
        <InChI>InChI=1S/C2H3N/c1-2-3/h1H3</InChI>
    </Compound>
    <Compound>
        <Id>270</Id>
        <Name>1,1-dichloroethene</Name>
        <Labels></Labels>
        <Cargos>mdl-molfile</Cargos>
        <Cas>75-35-4</Cas>
        <InChI>InChI=1S/C2H2Cl2/c1-2(3)4/h1H2</InChI>
    </Compound>
    <Compound>
        <Id>271</Id>
        <Name>acetone</Name>
        <Labels></Labels>
        <Cargos>mdl-molfile</Cargos>
        <Cas>67-64-1</Cas>
        <InChI>InChI=1S/C3H6O/c1-3(2)4/h1-2H3</InChI>
    </Compound>
    <Compound>
        <Id>272</Id>
        <Name>2,2',3,3',4,4'-hexachlorobiphenyl</Name>
        <Labels></Labels>
        <Cargos>mdl-molfile</Cargos>
        <Cas>38380-07-3</Cas>
        <InChI>InChI=1S/C12H4Cl6/c13-7-3-1-5(9(15)11(7)17)6-2-4-8(14)12(18)10(6)16/h1-4H</InChI>
    </Compound>
    <Compound>
        <Id>273</Id>
        <Name>aniline</Name>
        <Labels></Labels>
        <Cargos>mdl-molfile</Cargos>
        <Cas>62-53-3</Cas>
        <InChI>InChI=1S/C6H7N/c7-6-4-2-1-3-5-6/h1-5H,7H2</InChI>
    </Compound>
    <Compound>
        <Id>274</Id>
        <Name>endrin</Name>
        <Labels></Labels>
        <Cargos>mdl-molfile</Cargos>
        <Cas>72-20-8</Cas>
        <InChI>InChI=1S/C12H8Cl6O/c13-8-9(14)11(16)5-3-1-2(6-7(3)19-6)4(5)10(8,15)12(11,17)18/h2-7H,1H2</InChI>
    </Compound>
    <Compound>
        <Id>275</Id>
        <Name>carbaryl</Name>
        <Labels></Labels>
        <Cargos>mdl-molfile</Cargos>
        <Cas>63-25-2</Cas>
        <InChI>InChI=1S/C12H11NO2/c1-13-12(14)15-11-8-4-6-9-5-2-3-7-10(9)11/h2-8H,1H3,(H,13,14)</InChI>
    </Compound>
    <Compound>
        <Id>276</Id>
        <Name>3,4,5-trichloroguaiacol</Name>
        <Labels></Labels>
        <Cargos>mdl-molfile</Cargos>
        <Cas>57057-83-7</Cas>
        <InChI>InChI=1S/C7H5Cl3O2/c1-12-7-4(11)2-3(8)5(9)6(7)10/h2,11H,1H3</InChI>
    </Compound>
    <Compound>
        <Id>277</Id>
        <Name>fluridone</Name>
        <Labels></Labels>
        <Cargos>mdl-molfile</Cargos>
        <Cas>59756-60-4</Cas>
        <InChI>InChI=1S/C19H14F3NO/c1-23-11-16(13-6-3-2-4-7-13)18(24)17(12-23)14-8-5-9-15(10-14)19(20,21)22/h2-12H,1H3</InChI>
    </Compound>
    <Compound>
        <Id>278</Id>
        <Name>2,4,5,2',5'-Pentachlorobiphenyl</Name>
        <Labels></Labels>
        <Cargos>mdl-molfile</Cargos>
        <Cas>37680-73-2</Cas>
        <InChI>InChI=1S/C12H5Cl5/c13-6-1-2-9(14)7(3-6)8-4-11(16)12(17)5-10(8)15/h1-5H</InChI>
    </Compound>
    <Compound>
        <Id>279</Id>
        <Name>5,6-dihydro-3H-imidazo[2,1-c]-1,2,4-dithiazole-3-thione</Name>
        <Labels></Labels>
        <Cargos>mdl-molfile</Cargos>
        <Cas>33813-20-6</Cas>
        <InChI>InChI=1S/C4H4N2S3/c7-4-6-2-1-5-3(6)8-9-4/h1-2H2</InChI>
    </Compound>
    <Compound>
        <Id>280</Id>
        <Name>robenidine</Name>
        <Labels></Labels>
        <Cargos>mdl-molfile</Cargos>
        <Cas>25875-51-8</Cas>
        <InChI>InChI=1S/C15H13Cl2N5/c16-13-5-1-11(2-6-13)9-19-21-15(18)22-20-10-12-3-7-14(17)8-4-12/h1-10H,(H3,18,21,22)/b19-9+,20-10+</InChI>
    </Compound>
    <Compound>
        <Id>281</Id>
        <Name>nonylphenol</Name>
        <Description>Incorrect mol-file</Description>
        <Labels></Labels>
        <Cargos>mdl-molfile</Cargos>
        <Cas>25154-52-3</Cas>
        <InChI>InChI=1S/C15H24O/c1-2-3-4-5-6-7-8-11-14-12-9-10-13-15(14)16/h9-10,12-13,16H,2-8,11H2,1H3</InChI>
    </Compound>
    <Compound>
        <Id>282</Id>
        <Name>thiocyanic acid, methylene ester</Name>
        <Labels></Labels>
        <Cargos>mdl-molfile</Cargos>
        <Cas>6317-18-6</Cas>
        <InChI>InChI=1S/C3H2N2S2/c4-1-6-3-7-2-5/h3H2</InChI>
    </Compound>
    <Compound>
        <Id>283</Id>
        <Name>DDE</Name>
        <Description>Structure (mol-file) and name does not match</Description>
        <Labels></Labels>
        <Cargos>mdl-molfile</Cargos>
        <Cas>3547-04-4</Cas>
        <InChI>InChI=1S/C14H8Cl4/c15-11-5-1-9(2-6-11)13(14(17)18)10-3-7-12(16)8-4-10/h1-8H</InChI>
    </Compound>
    <Compound>
        <Id>284</Id>
        <Name>1,2-dichloro-3-nitrobenzene</Name>
        <Labels></Labels>
        <Cargos>mdl-molfile</Cargos>
        <Cas>3209-22-1</Cas>
        <InChI>InChI=1S/C6H3Cl2NO2/c7-4-2-1-3-5(6(4)8)9(10)11/h1-3H</InChI>
    </Compound>
    <Compound>
        <Id>285</Id>
        <Name>2,6-dichlorobenzamide</Name>
        <Labels></Labels>
        <Cargos>mdl-molfile</Cargos>
        <Cas>2008-58-4</Cas>
        <InChI>InChI=1S/C7H5Cl2NO/c8-4-2-1-3-5(9)6(4)7(10)11/h1-3H,(H2,10,11)</InChI>
    </Compound>
    <Compound>
        <Id>286</Id>
        <Name>4-chloro-1,1'-biphenyl</Name>
        <Labels></Labels>
        <Cargos>mdl-molfile</Cargos>
        <Cas>2051-62-9</Cas>
        <InChI>InChI=1S/C12H9Cl/c13-12-8-6-11(7-9-12)10-4-2-1-3-5-10/h1-9H</InChI>
    </Compound>
    <Compound>
        <Id>287</Id>
        <Name>chlorothalonil</Name>
        <Labels></Labels>
        <Cargos>mdl-molfile</Cargos>
        <Cas>1897-45-6</Cas>
        <InChI>InChI=1S/C8Cl4N2/c9-5-3(1-13)6(10)8(12)7(11)4(5)2-14</InChI>
    </Compound>
    <Compound>
        <Id>288</Id>
        <Name>2,4-dichloro-6-methylphenol</Name>
        <Labels></Labels>
        <Cargos>mdl-molfile</Cargos>
        <Cas>1570-65-6</Cas>
        <InChI>InChI=1S/C7H6Cl2O/c1-4-2-5(8)3-6(9)7(4)10/h2-3,10H,1H3</InChI>
    </Compound>
    <Compound>
        <Id>289</Id>
        <Name>pentachloroanisole</Name>
        <Labels></Labels>
        <Cargos>mdl-molfile</Cargos>
        <Cas>1825-21-4</Cas>
        <InChI>InChI=1S/C7H3Cl5O/c1-13-7-5(11)3(9)2(8)4(10)6(7)12/h1H3</InChI>
    </Compound>
    <Compound>
        <Id>290</Id>
        <Name>butylthiourea</Name>
        <Labels></Labels>
        <Cargos>mdl-molfile</Cargos>
        <Cas>1516-32-1</Cas>
        <InChI>InChI=1S/C5H12N2S/c1-2-3-4-7-5(6)8/h2-4H2,1H3,(H3,6,7,8)</InChI>
    </Compound>
    <Compound>
        <Id>291</Id>
        <Name>carbofuran</Name>
        <Labels></Labels>
        <Cargos>mdl-molfile</Cargos>
        <Cas>1563-66-2</Cas>
        <InChI>InChI=1S/C12H15NO3/c1-12(2)7-8-5-4-6-9(10(8)16-12)15-11(14)13-3/h4-6H,7H2,1-3H3,(H,13,14)</InChI>
    </Compound>
    <Compound>
        <Id>292</Id>
        <Name>simetryn</Name>
        <Labels></Labels>
        <Cargos>mdl-molfile</Cargos>
        <Cas>1014-70-6</Cas>
        <InChI>InChI=1S/C8H15N5S/c1-4-9-6-11-7(10-5-2)13-8(12-6)14-3/h4-5H2,1-3H3,(H2,9,10,11,12,13)</InChI>
    </Compound>
</CompoundRegistry>
