<?xml version="1.0" encoding="UTF-8" standalone="yes"?>
<ModelRegistry xmlns="http://www.qsardb.org/QDB">
    <Model>
        <Id>11</Id>
        <Name>A correlation of melting points and boiling points</Name>
        <Labels></Labels>
        <Cargos>pmml</Cargos>
        <PropertyId>MP</PropertyId>
    </Model>
    <Model>
        <Id>12</Id>
        <Name>A correlation of melting points using boiling points and SIGMAL</Name>
        <Labels></Labels>
        <Cargos>pmml</Cargos>
        <PropertyId>MP</PropertyId>
    </Model>
    <Model>
        <Id>13</Id>
        <Name>A correlation of melting points using boiling points, SIGMAL, EXPAN and ORTHO</Name>
        <Labels></Labels>
        <Cargos>pmml</Cargos>
        <PropertyId>MP</PropertyId>
    </Model>
    <Model>
        <Id>14</Id>
        <Name>A correlation of melting points using just the geometric factors</Name>
        <Labels></Labels>
        <Cargos>pmml</Cargos>
        <PropertyId>MP</PropertyId>
    </Model>
</ModelRegistry>
