,variable,importance
0,TPSA,0.5891431779717131
1,NumHDonors,0.13892832304839903
2,MaxPartialCharge,0.049759868685980375
3,NOCount,0.021982712439891333
4,RingCount,0.019222574777719076
5,PEOE_VSA1,0.017758181501499548
6,NHOHCount,0.006458483138330406
7,EState_VSA1,0.006283715918055107
8,VSA_EState3,0.006023477933633239
9,BertzCT,0.005749247244257406
10,fr_Nhpyrrole,0.005551110140969587
11,VSA_EState2,0.005341837154932956
12,qed,0.005212350498169658
13,EState_VSA10,0.005078813896478459
14,Kappa3,0.00482167102266839
15,SMR_VSA3,0.004412601567051911
16,MaxAbsPartialCharge,0.004319780432394416
17,SMR_VSA1,0.004072550752167248
18,Chi3n,0.003995207860806602
19,MinEStateIndex,0.003913380588214795
20,fr_amide,0.0038139034460023197
21,MinAbsEStateIndex,0.0035478045015552174
22,SMR_VSA7,0.0033289851938855804
23,fr_Ar_NH,0.003110263053621901
24,BalabanJ,0.003039420772894358
25,PEOE_VSA8,0.00300841312791133
26,SMR_VSA6,0.0028470041289049234
27,MinPartialCharge,0.002843749707226688
28,VSA_EState7,0.0026051900346188745
29,FractionCSP3,0.0025590529108726638
30,fr_Al_OH_noTert,0.0023587642386982345
31,HallKierAlpha,0.0023335664996109416
32,NumAromaticRings,0.0022715523711964963
33,Kappa2,0.0022068177234042187
34,MaxEStateIndex,0.002085935863228894
35,Chi4n,0.002069887558522434
36,SMR_VSA10,0.001961857450190471
37,NumRotatableBonds,0.0019447393914173274
38,VSA_EState1,0.001750610487587104
39,EState_VSA9,0.0017275069000952548
40,VSA_EState6,0.0017169582853849594
41,fr_Al_OH,0.001677693832286128
42,MaxAbsEStateIndex,0.0014754028758025117
43,PEOE_VSA7,0.0014325075161282356
44,VSA_EState4,0.001352248817144569
45,FpDensityMorgan1,0.0013458731022079422
46,EState_VSA5,0.001280193215651136
47,Kappa1,0.0012779466197537276
48,PEOE_VSA6,0.0012571472192202911
49,EState_VSA2,0.001254375320790463
50,Chi1,0.001228655783720942
51,Ipc,0.0012275151567236462
52,SMR_VSA5,0.0012136358121814421
53,PEOE_VSA13,0.001006728686531311
54,fr_Ar_N,0.0009542160390702552
55,VSA_EState9,0.0009342745050302388
56,PEOE_VSA9,0.0009125746523308648
57,VSA_EState8,0.0009075632048970037
58,MolMR,0.0008832332887169891
59,Chi1v,0.0008499625860086164
60,VSA_EState5,0.0008181485844444956
61,EState_VSA6,0.0007964086620312106
62,NumAromaticCarbocycles,0.0007938666393304653
63,PEOE_VSA4,0.0007391103966557952
64,EState_VSA8,0.0006934303438657781
65,NumHAcceptors,0.0006914223038251657
66,fr_C_O_noCOO,0.0006514779913004329
67,MinAbsPartialCharge,0.0006389225323784425
68,EState_VSA3,0.0006181078664008337
69,PEOE_VSA14,0.0006166775749139874
70,NumHeteroatoms,0.0005961643378084955
71,fr_NH0,0.0005456743447480047
72,NumAliphaticRings,0.0004901799765052777
73,fr_alkyl_halide,0.00048790967778435926
74,PEOE_VSA2,0.00047831275848820963
75,Chi2n,0.0004521542476504545
76,HeavyAtomCount,0.0004369946243453334
77,PEOE_VSA5,0.00038984656686738865
78,PEOE_VSA10,0.0003839131071764073
79,FpDensityMorgan3,0.0003803936926735772
80,fr_benzene,0.0003719054961724079
81,HeavyAtomMolWt,0.00037185800895301734
82,PEOE_VSA12,0.00033140103624488887
83,Chi0,0.0003174972789284619
84,PEOE_VSA3,0.00029324161914229144
85,Chi1n,0.00028002720165488004
86,fr_C_O,0.0002684920246815837
87,NumSaturatedRings,0.00026180227747086757
88,FpDensityMorgan2,0.00025334267179458154
89,Chi4v,0.00023659546068243158
90,fr_ester,0.0001818465234096228
91,fr_ether,0.00017843322502598437
92,MolWt,0.0001608110711587777
93,fr_NH1,0.00013896470225769491
94,fr_halogen,0.00013196224814546287
95,VSA_EState10,0.00012260661832919466
96,NumSaturatedHeterocycles,0.00011685471226886946
97,NumAliphaticHeterocycles,0.00010987313415477917
98,SMR_VSA4,0.00010624088551267007
99,fr_ArN,9.941727722145338e-05
100,Chi0v,9.06148419413853e-05
101,NumAromaticHeterocycles,8.704374950661831e-05
102,fr_piperzine,8.035290850359278e-05
103,fr_aryl_methyl,7.690034328521336e-05
104,fr_nitro_arom_nonortho,0.0
105,fr_nitro_arom,0.0
106,fr_nitro,0.0
107,fr_nitrile,0.0
108,fr_morpholine,0.0
109,fr_methoxy,0.0
110,fr_lactone,0.0
111,fr_lactam,0.0
112,fr_ketone_Topliss,0.0
113,fr_ketone,0.0
114,fr_isothiocyan,0.0
115,fr_isocyan,0.0
116,fr_imide,0.0
117,fr_imidazole,0.0
118,fr_hdrzone,0.0
119,fr_hdrzine,0.0
120,fr_nitroso,0.0
121,fr_oxazole,0.0
122,fr_para_hydroxylation,0.0
123,LabuteASA,0.0
124,fr_unbrch_alkane,0.0
125,fr_thiophene,0.0
126,fr_thiocyan,0.0
127,fr_thiazole,0.0
128,fr_tetrazole,0.0
129,fr_term_acetylene,0.0
130,fr_sulfone,0.0
131,fr_sulfonamd,0.0
132,fr_oxime,0.0
133,fr_sulfide,0.0
134,fr_pyridine,0.0
135,fr_prisulfonamd,0.0
136,fr_priamide,0.0
137,fr_piperdine,0.0
138,fr_phos_ester,0.0
139,fr_phos_acid,0.0
140,fr_phenol_noOrthoHbond,0.0
141,fr_phenol,0.0
142,fr_quatN,0.0
143,fr_guanido,0.0
144,Chi2v,0.0
145,ExactMolWt,0.0
146,fr_NH2,0.0
147,NumAliphaticCarbocycles,0.0
148,fr_Imine,0.0
149,fr_HOCCN,0.0
150,fr_C_S,0.0
151,NumValenceElectrons,0.0
152,fr_urea,0.0
153,fr_COO2,0.0
154,fr_COO,0.0
155,fr_Ar_OH,0.0
156,EState_VSA11,0.0
157,Chi0n,0.0
158,fr_Ar_COO,0.0
159,EState_VSA4,0.0
160,PEOE_VSA11,0.0
161,fr_Al_COO,0.0
162,EState_VSA7,0.0
163,fr_N_O,0.0
164,fr_Ndealkylation1,0.0
165,fr_Ndealkylation2,0.0
166,SMR_VSA9,0.0
167,SMR_VSA8,0.0
168,fr_epoxide,0.0
169,fr_dihydropyridine,0.0
170,fr_diazo,0.0
171,fr_bicyclic,0.0
172,fr_benzodiazepine,0.0
173,SMR_VSA2,0.0
174,fr_barbitur,0.0
175,fr_furan,0.0
176,fr_azo,0.0
177,fr_aniline,0.0
178,fr_amidine,0.0
179,Chi3v,0.0
180,fr_allylic_oxid,0.0
181,NumSaturatedCarbocycles,0.0
182,fr_alkyl_carbamate,0.0
183,fr_aldehyde,0.0
184,fr_SH,0.0
185,fr_azide,0.0
186,NumRadicalElectrons,0.0
