{"algorithm": "rf", "dataset": "water-energy.csv", "task_type": "regression", "target_name": "expt", "feat_meth": [0], "random_seed": 16, "opt_iter": null, "cv_folds": null, "tuned": false, "run_name": "Rw00_20210507-110015", "date": "05/07/2021 11:00:15", "tune_time": null, "mysql_params": null, "neo4j_params": null, "selected_feat_string": "rdkit2d", "feat_method_name": ["rdkit2d"], "feat_time": 0.14081668853759766, "test_percent": 0.2, "val_percent": 0, "scaler_method": "standard", "feature_list": ["BalabanJ", "BertzCT", "Chi0", "Chi0n", "Chi0v", "Chi1", "Chi1n", "Chi1v", "Chi2n", "Chi2v", "Chi3n", "Chi3v", "Chi4n", "Chi4v", "EState_VSA1", "EState_VSA10", "EState_VSA11", "EState_VSA2", "EState_VSA3", "EState_VSA4", "EState_VSA5", "EState_VSA6", "EState_VSA7", "EState_VSA8", "EState_VSA9", "ExactMolWt", "FpDensityMorgan1", "FpDensityMorgan2", "FpDensityMorgan3", "FractionCSP3", "HallKierAlpha", "HeavyAtomCount", "HeavyAtomMolWt", "Ipc", "Kappa1", "Kappa2", "Kappa3", "LabuteASA", "MaxAbsEStateIndex", "MaxAbsPartialCharge", "MaxEStateIndex", "MaxPartialCharge", "MinAbsEStateIndex", "MinAbsPartialCharge", "MinEStateIndex", "MinPartialCharge", "MolMR", "MolWt", "NHOHCount", "NOCount", "NumAliphaticCarbocycles", "NumAliphaticHeterocycles", "NumAliphaticRings", "NumAromaticCarbocycles", "NumAromaticHeterocycles", "NumAromaticRings", "NumHAcceptors", "NumHDonors", "NumHeteroatoms", "NumRadicalElectrons", "NumRotatableBonds", "NumSaturatedCarbocycles", "NumSaturatedHeterocycles", "NumSaturatedRings", "NumValenceElectrons", "PEOE_VSA1", "PEOE_VSA10", "PEOE_VSA11", "PEOE_VSA12", "PEOE_VSA13", "PEOE_VSA14", "PEOE_VSA2", "PEOE_VSA3", "PEOE_VSA4", "PEOE_VSA5", "PEOE_VSA6", "PEOE_VSA7", "PEOE_VSA8", "PEOE_VSA9", "RingCount", "SMR_VSA1", "SMR_VSA10", "SMR_VSA2", "SMR_VSA3", "SMR_VSA4", "SMR_VSA5", "SMR_VSA6", "SMR_VSA7", "SMR_VSA8", "SMR_VSA9", "TPSA", "VSA_EState1", "VSA_EState10", "VSA_EState2", "VSA_EState3", "VSA_EState4", "VSA_EState5", "VSA_EState6", "VSA_EState7", "VSA_EState8", "VSA_EState9", "fr_Al_COO", "fr_Al_OH", "fr_Al_OH_noTert", "fr_ArN", "fr_Ar_COO", "fr_Ar_N", "fr_Ar_NH", "fr_Ar_OH", "fr_COO", "fr_COO2", "fr_C_O", "fr_C_O_noCOO", "fr_C_S", "fr_HOCCN", "fr_Imine", "fr_NH0", "fr_NH1", "fr_NH2", "fr_N_O", "fr_Ndealkylation1", "fr_Ndealkylation2", "fr_Nhpyrrole", "fr_SH", "fr_aldehyde", "fr_alkyl_carbamate", "fr_alkyl_halide", "fr_allylic_oxid", "fr_amide", "fr_amidine", "fr_aniline", "fr_aryl_methyl", "fr_azide", "fr_azo", "fr_barbitur", "fr_benzene", "fr_benzodiazepine", "fr_bicyclic", "fr_diazo", "fr_dihydropyridine", "fr_epoxide", "fr_ester", "fr_ether", "fr_furan", "fr_guanido", "fr_halogen", "fr_hdrzine", "fr_hdrzone", "fr_imidazole", "fr_imide", "fr_isocyan", "fr_isothiocyan", "fr_ketone", "fr_ketone_Topliss", "fr_lactam", "fr_lactone", "fr_methoxy", "fr_morpholine", "fr_nitrile", "fr_nitro", "fr_nitro_arom", "fr_nitro_arom_nonortho", "fr_nitroso", "fr_oxazole", "fr_oxime", "fr_para_hydroxylation", "fr_phenol", "fr_phenol_noOrthoHbond", "fr_phos_acid", "fr_phos_ester", "fr_piperdine", "fr_piperzine", "fr_priamide", "fr_prisulfonamd", "fr_pyridine", "fr_quatN", "fr_sulfide", "fr_sulfonamd", "fr_sulfone", "fr_term_acetylene", "fr_tetrazole", "fr_thiazole", "fr_thiocyan", "fr_thiophene", "fr_unbrch_alkane", "fr_urea", "qed"], "feature_length": 187, "n_tot": 642, "train_percent": 0.8, "split_method": "RandomSplit", "n_train": 513, "n_test": 129, "in_shape": 187, "original_param": {"bootstrap": true, "max_depth": null, "max_features": "auto", "min_samples_leaf": 1, "min_samples_split": 2, "n_estimators": 100}, "predictions_stats": {"r2_raw": [0.8659575878857153, 0.8580872628326134, 0.86190098612629, 0.8591673168956504, 0.863209843415074], "r2_avg": 0.8616645994310685, "r2_std": 0.0028251429950310264, "mse_raw": [1.7125510611086137, 1.8131038138408437, 1.7643789679480983, 1.7993048400493865, 1.7476567611227265], "mse_avg": 1.7673990888139337, "mse_std": 0.036094558114926054, "rmse_raw": [1.308644742131574, 1.3465154339408234, 1.3282992764991248, 1.341381690664289, 1.321989697812629], "rmse_avg": 1.329366168209688, "rmse_std": 0.013589688496250522, "time_raw": [1.6823310852050781, 1.841390609741211, 2.238089084625244, 3.4680352210998535, 2.2371859550476074], "time_avg": 2.2934063911437987, "time_std": 0.6266905019488228}, "scaled_predictions_stats": {"r2_raw_scaled": [0.8659575878857153, 0.8580872628326134, 0.86190098612629, 0.8591673168956505, 0.863209843415074], "r2_avg_scaled": 0.8616645994310685, "r2_std_scaled": 0.0028251429950310065, "mse_raw_scaled": [0.004346328093214508, 0.004601523552185074, 0.0044778634924353255, 0.004566502775982046, 0.004435423766720748], "mse_avg_scaled": 0.00448552833610754, "mse_std_scaled": 9.160532232277588e-05, "rmse_raw_scaled": [0.06592668726103647, 0.06783453067711956, 0.06691684012590049, 0.06757590381180296, 0.0665989772197798], "rmse_avg_scaled": 0.06697058781912786, "rmse_std_scaled": 0.0006846190678211824}}