<?xml version="1.0" encoding="UTF-8" standalone="yes"?>
<PredictionRegistry xmlns="http://www.qsardb.org/QDB">
    <Prediction>
        <Id>Eq.11.train</Id>
        <Name>Training set</Name>
        <Labels></Labels>
        <Cargos>values ucum</Cargos>
        <ModelId>Eq.11</ModelId>
        <Type>training</Type>
        <Application>Codessa 2.7.16</Application>
    </Prediction>
    <Prediction>
        <Id>Eq.11.valid</Id>
        <Name>Validation set</Name>
        <Labels></Labels>
        <Cargos>values ucum</Cargos>
        <ModelId>Eq.11</ModelId>
        <Type>validation</Type>
        <Application>Codessa 2.7.16</Application>
    </Prediction>
</PredictionRegistry>
