<?xml version="1.0" encoding="UTF-8" standalone="yes"?>
<ModelRegistry xmlns="http://www.qsardb.org/QDB">
    <Model>
        <Id>Model_16</Id>
        <Name>Table 6A</Name>
        <Labels></Labels>
        <Cargos>pmml</Cargos>
        <PropertyId>BP</PropertyId>
    </Model>
    <Model>
        <Id>Model_17</Id>
        <Name>Table 6B</Name>
        <Labels></Labels>
        <Cargos>pmml</Cargos>
        <PropertyId>D</PropertyId>
    </Model>
    <Model>
        <Id>Model_7</Id>
        <Name>Table 6C</Name>
        <Labels></Labels>
        <Cargos>pmml</Cargos>
        <PropertyId>MR</PropertyId>
    </Model>
    <Model>
        <Id>Model_18</Id>
        <Name>Table 6D</Name>
        <Labels></Labels>
        <Cargos>pmml</Cargos>
        <PropertyId>RI</PropertyId>
    </Model>
    <Model>
        <Id>Model_19</Id>
        <Name>Table 6E</Name>
        <Labels></Labels>
        <Cargos>pmml</Cargos>
        <PropertyId>CT</PropertyId>
    </Model>
    <Model>
        <Id>Model_20</Id>
        <Name>Table 6F</Name>
        <Labels></Labels>
        <Cargos>pmml</Cargos>
        <PropertyId>CP</PropertyId>
    </Model>
    <Model>
        <Id>Model_21</Id>
        <Name>Table 6G</Name>
        <Labels></Labels>
        <Cargos>pmml</Cargos>
        <PropertyId>ST</PropertyId>
    </Model>
    <Model>
        <Id>Model_8</Id>
        <Name>Table 6H</Name>
        <Labels></Labels>
        <Cargos>pmml</Cargos>
        <PropertyId>MV</PropertyId>
    </Model>
    <Model>
        <Id>Model_9</Id>
        <Name>Table 6I</Name>
        <Labels></Labels>
        <Cargos>pmml</Cargos>
        <PropertyId>HC</PropertyId>
    </Model>
    <Model>
        <Id>Model_10</Id>
        <Name>Table 6J</Name>
        <Labels></Labels>
        <Cargos>pmml</Cargos>
        <PropertyId>E</PropertyId>
    </Model>
    <Model>
        <Id>Model_11</Id>
        <Name>Table 6K</Name>
        <Labels></Labels>
        <Cargos>pmml</Cargos>
        <PropertyId>HV</PropertyId>
    </Model>
    <Model>
        <Id>Model_12</Id>
        <Name>Table 6L</Name>
        <Labels></Labels>
        <Cargos>pmml</Cargos>
        <PropertyId>HA</PropertyId>
    </Model>
    <Model>
        <Id>Model_13</Id>
        <Name>Table 6M</Name>
        <Labels></Labels>
        <Cargos>pmml</Cargos>
        <PropertyId>HF</PropertyId>
    </Model>
    <Model>
        <Id>Model_14</Id>
        <Name>Table 6N</Name>
        <Labels></Labels>
        <Cargos>pmml</Cargos>
        <PropertyId>HFL</PropertyId>
    </Model>
    <Model>
        <Id>Model_15</Id>
        <Name>Table 6O</Name>
        <Labels></Labels>
        <Cargos>pmml</Cargos>
        <PropertyId>HFG</PropertyId>
    </Model>
</ModelRegistry>
