Molecules Remaining,Time needed (s),Total Time passed (min),Predicted Time Left (min)
3000.0,80.8002768,-80.85634519999999,2020.01
2999.0,78.66588349999999,-159.52846089999997,1992.33
2998.0,85.659366,-245.1948408,2090.37
2997.0,93.62576610000002,-338.8264438,2275.97
2996.0,87.85490399999998,-426.68813520000003,2209.65
2995.0,76.53898980000002,-503.2305194,1959.93
2994.0,72.9220752,-576.1591970999999,1839.29
2993.0,77.9304568,-654.0937922999999,1930.51
2992.0,67.41998990000002,-721.5176127,1708.58
2991.0,61.07921539999995,-782.6044817,1540.9
2990.0,61.27848770000003,-843.8864281,1528.04
2989.0,61.199586299999964,-905.0918373999999,1524.6
2988.0,62.08250970000006,-967.1786933999999,1544.14
2987.0,58.756427500000086,-1025.9435413,1468.3
2986.0,57.43148120000001,-1083.3795949,1431.64
2985.0,56.33642080000004,-1139.7200196000001,1403.2
2984.0,56.45294169999988,-1196.1777311,1403.71
2983.0,56.378377699999874,-1252.559909,1401.54
2982.0,56.8798311999999,-1309.4434427,1412.79
2981.0,56.19399529999987,-1365.6410175,1396.75
2980.0,56.343368300000066,-1421.9879834,1399.03
2979.0,56.109223000000156,-1478.1008424000001,1393.15
2978.0,56.24830789999987,-1534.3544323,1395.74
2977.0,55.87168420000012,-1590.230859,1386.45
2976.0,56.00810739999997,-1646.2424885,1388.86
2975.0,56.481985299999906,-1702.7285035,1399.81
2974.0,56.30901410000001,-1759.0423419,1395.65
2973.0,56.164914299999964,-1815.2108439,1391.6
2972.0,56.6368159000001,-1871.8530588,1402.29
2971.0,55.937352000000146,-1927.7940208,1385.46
2970.0,55.88417070000014,-1983.6875143,1383.18
2969.0,56.34804030000009,-2040.0391932,1393.77
2968.0,55.88419419999991,-2095.9272579999997,1382.52
2967.0,55.675111200000174,-2151.6083011,1376.71
2966.0,55.83110739999984,-2207.4444608,1379.84
2965.0,55.676933499999905,-2263.125784,1375.77
2964.0,55.81265549999989,-2318.9435028999997,1378.47
2963.0,56.128593999999794,-2375.0757988,1385.69
2962.0,55.75831769999968,-2430.8388359,1376.52
2961.0,55.64139299999988,-2486.4837992999996,1373.02
2960.0,55.47976619999963,-2541.9670963999997,1368.59
2959.0,55.93194769999991,-2597.9031978999997,1378.91
2958.0,55.55463980000013,-2653.4615188999996,1369.62
2957.0,55.691094599999815,-2709.1562414,1372.24
2956.0,56.81272279999985,-2765.9738368,1398.86
2955.0,55.37817529999984,-2821.3556968,1364.43
2954.0,55.396664399999736,-2876.7568631999998,1363.68
2953.0,55.96543819999988,-2932.7260721999996,1376.91
2952.0,58.60697769999979,-2991.3367117999996,1440.39
2951.0,56.63797419999992,-3047.9800634999997,1393.75
2950.0,55.725905799999964,-3103.7112466999997,1370.38
2949.0,55.40993810000009,-3159.1270175,1361.85
2948.0,55.99414210000032,-3215.1254104,1375.31
2947.0,56.041686500000196,-3271.1729253,1376.26
2946.0,55.40179719999969,-3326.5784672,1360.39
2945.0,55.392350100000385,-3381.9745929,1359.42
2944.0,55.670153599999594,-3437.6487947,1365.65
2943.0,55.3942490999998,-3493.0466948999997,1358.65
2942.0,55.49767380000003,-3548.5502539,1360.57
2941.0,55.56152460000021,-3604.1163272999997,1361.69
2940.0,61.144183599999906,-3665.2642619999997,1495.78
2939.0,55.22727300000042,-3720.4967217,1354.9
2938.0,55.26981360000036,-3775.7757655,1353.2
2937.0,57.42786419999993,-3833.2073099,1404.71
2936.0,55.744810700000016,-3888.9571779,1364.5
2935.0,55.15051119999998,-3944.1114585,1349.11
2934.0,55.15575369999988,-3999.2728500999997,1348.55
2933.0,54.87555659999998,-4054.1526599999997,1341.34
2932.0,55.715310500000214,-4109.8717676,1361.01
2931.0,54.913656300000184,-4164.7928792,1341.53
2930.0,55.56744040000012,-4220.3645219,1356.54
2929.0,54.76204140000027,-4275.1303167999995,1336.91
2928.0,54.77506540000013,-4329.9109748,1336.5
2927.0,56.764680500000395,-4386.679486,1383.92
2926.0,55.35908979999931,-4442.0424136,1350.28
2925.0,54.948543500000596,-4496.9958793999995,1339.5
2924.0,54.92955829999937,-4551.9293614,1338.45
2923.0,55.6251943999996,-4607.5584192,1354.71
2922.0,54.93849239999963,-4662.500788599999,1337.96
2921.0,54.6638411999993,-4717.1685198,1330.69
2920.0,55.77679420000004,-4772.9491204999995,1356.9
2919.0,56.04858090000016,-4829.0017863,1363.29
2918.0,54.68085350000001,-4883.6865308999995,1330.05
2917.0,54.572439499999746,-4938.2665356,1326.6
2916.0,54.43735940000079,-4992.7078339,1322.86
2915.0,55.44721450000088,-5048.1590309,1346.62
2914.0,55.09984589999931,-5103.2639349,1338.1
2913.0,54.92192929999965,-5158.1899611,1333.27
2912.0,54.8330519000001,-5213.0304219,1330.63
2911.0,54.36353910000071,-5267.3994998,1318.89
2910.0,55.003477099999145,-5322.408646,1333.66
2909.0,54.45757289999983,-5376.8720803999995,1320.28
2908.0,54.72163339999952,-5431.5976783,1326.02
2907.0,55.32433559999936,-5486.9259698,1340.07
2906.0,54.46861119999994,-5541.3985118,1319.26
2905.0,54.62241069999982,-5596.024890799999,1322.28
2904.0,54.573328700000275,-5650.6031142,1320.68
2903.0,54.78378890000022,-5705.3909617,1325.25
2902.0,54.35259959999985,-5759.7476778,1314.53
2901.0,54.6865401999994,-5814.4383714,1321.96
2900.0,54.20382619999964,-5868.6474624,1310.04
2899.0,54.22687219999989,-5922.8795689,1310.02
2898.0,54.14368319999994,-5977.0272364,1307.58
2897.0,54.33854640000027,-6031.3707583,1311.77
2896.0,54.35213709999971,-6085.7306553,1311.69
2895.0,53.962987600000815,-6139.6976229,1301.94
2894.0,54.071086599999944,-6193.7756164,1303.99
2893.0,54.12553670000034,-6247.9071996,1304.86
2892.0,54.49818950000008,-6302.4095092,1313.32
2891.0,54.17762849999963,-6356.5922837,1305.29
2890.0,55.15946790000089,-6411.7581166,1328.21
2889.0,54.557064999999966,-6466.3196882,1313.58
2888.0,54.27413539999998,-6520.5978783,1306.25
2887.0,54.18500119999953,-6574.7889967,1303.62
2886.0,54.215211499999896,-6629.008323999999,1303.87
2885.0,54.086434499999996,-6683.0988560999995,1300.35
2884.0,53.90921639999942,-6737.0132879,1295.65
2883.0,53.904765500000394,-6790.9222991999995,1295.06
2882.0,54.789768800000274,-6845.7169191,1315.69
2881.0,53.94693630000074,-6899.6699258,1295.34
2880.0,53.90392799999972,-6953.5800223,1293.7
2879.0,53.8493712999998,-7007.4356041,1291.94
2878.0,53.66140259999975,-7061.1015494,1287.01
2877.0,53.5524161000003,-7114.6589327,1283.94
2876.0,53.72438489999968,-7168.3892838,1287.56
2875.0,53.79616859999987,-7222.1940978,1288.85
2874.0,58.6234457999999,-7280.8216728,1403.12
2873.0,54.04728889999933,-7334.8746187,1294.83
2872.0,53.51288999999997,-7388.3930761,1280.84
2871.0,54.2694148999999,-7442.6690911,1298.25
2870.0,54.88352000000032,-7497.5569453,1312.51
2869.0,53.79593440000008,-7551.3571526999995,1286.36
2868.0,53.49681260000034,-7604.8604686,1278.63
2867.0,53.639156500000354,-7658.5039261,1281.5
2866.0,54.02513649999946,-7712.5333132999995,1290.23
2865.0,53.92855140000029,-7766.4669667,1287.56
2864.0,53.479911399999764,-7819.9513183,1276.46
2863.0,53.67958670000007,-7873.6351632,1280.67
2862.0,53.68591379999998,-7927.3254417,1280.4
2861.0,53.922743699999955,-7981.252485,1285.56
2860.0,53.44749780000075,-8034.7042515,1273.91
2859.0,53.65988610000022,-8088.3684836,1278.41
2858.0,54.27547729999969,-8142.648344,1292.56
2857.0,54.526388500000394,-8197.179004900001,1298.14
2856.0,53.53896109999914,-8250.722268000001,1274.39
2855.0,53.54730530000052,-8304.274549000002,1273.98
2854.0,53.60732879999887,-8357.886165,1274.95
2853.0,53.63133689999995,-8411.5220088,1275.08
2852.0,53.07066540000051,-8464.599132500001,1261.4
2851.0,54.04659299999912,-8518.6506523,1283.9
2850.0,53.741319400000066,-8572.3962716,1276.4
2849.0,54.18880779999927,-8626.589677400001,1286.46
2848.0,53.11797680000018,-8679.7119239,1260.83
2847.0,53.640736900000775,-8733.356991600001,1272.54
2846.0,53.342417699999714,-8786.703753200001,1265.15
2845.0,53.837058299999626,-8840.5452315,1276.31
2844.0,66.46872280000025,-8907.021555500001,1573.4
2843.0,53.7240898,-8960.750151600001,1274.71
2842.0,53.78561810000065,-9014.540130700001,1273.82
2841.0,53.232974900000045,-9067.7775559,1260.37
2840.0,53.58353290000014,-9121.366105500001,1268.09
2839.0,52.92085920000136,-9174.2914368,1252.11
2838.0,52.858569899999566,-9227.155305900002,1250.11
2837.0,54.62209079999957,-9281.7817137,1291.1
2836.0,52.91236679999929,-9334.698610500001,1250.74
2835.0,52.660791600001176,-9387.3638429,1244.15
2834.0,52.84155809999902,-9440.209723,1247.91
2833.0,52.67859189999945,-9492.8927031,1243.67
2832.0,53.81773669999893,-9546.7150213,1269.94
2831.0,52.55530749999889,-9599.2760653,1240.04
2830.0,52.96443480000016,-9652.2463358,1249.02
2829.0,52.63116770000124,-9704.882239300001,1240.82
2828.0,52.73085379999975,-9757.617618600001,1242.67
2827.0,52.61478850000094,-9810.2368979,1239.53
2826.0,53.20424129999992,-9863.445670000001,1252.88
2825.0,52.65757379999923,-9916.1077704,1239.72
2824.0,52.73021240000162,-9968.842566000001,1240.91
2823.0,53.64447889999974,-10022.4917122,1261.86
2822.0,52.449740799998835,-10074.9459625,1233.6
2821.0,53.00250950000009,-10127.9530766,1245.93
2820.0,53.93961130000025,-10181.897287400001,1267.46
2819.0,52.59318460000031,-10234.4950112,1235.67
2818.0,52.70442689999982,-10287.2054263,1237.66
2817.0,52.62384329999986,-10339.835985900001,1235.35
2816.0,52.446603600001254,-10392.287162100001,1230.77
2815.0,53.81779950000055,-10446.1095759,1262.3
2814.0,52.773349200000666,-10498.887697400001,1237.66
2813.0,52.641933799999606,-10551.534326,1234.03
2812.0,67.13673800000106,-10618.6756578,1571.44
2811.0,68.20749140000044,-10686.888701400001,1597.62
2810.0,82.63031339999907,-10769.5238092,1933.15
2809.0,76.79107330000079,-10846.3295505,1798.25
2808.0,76.08667199999945,-10922.423778800001,1780.51
2807.0,66.66339479999988,-10989.091929,1560.5
2806.0,73.79655869999988,-11062.8953161,1724.76
2805.0,65.84897689999889,-11128.7505091,1540.16
2804.0,65.59887549999985,-11194.3555477,1532.86
2803.0,70.49850289999995,-11264.860824000001,1646.15
2802.0,68.45334299999922,-11333.3189442,1598.62
2801.0,65.4736198999999,-11398.7974314,1528.61
2800.0,58.20509740000125,-11457.007239600001,1358.96
2799.0,57.66147170000113,-11514.673552100001,1345.02
2798.0,58.83715990000019,-11573.5156793,1371.75
2797.0,58.22968220000075,-11631.750163600002,1357.3
2796.0,60.998638900000515,-11692.757296000002,1420.95
2795.0,58.58846959999937,-11751.350674500001,1364.89
2794.0,58.011038099999496,-11809.366488900001,1350.75
2793.0,57.82469879999917,-11867.1959774,1345.89
2792.0,57.28907230000004,-11924.489988000001,1332.98
2791.0,57.229784799999834,-11981.724708700001,1331.07
2790.0,57.58946500000093,-12039.3189002,1338.91
2789.0,58.03900600000088,-12097.363011700001,1348.87
2788.0,58.621761100001095,-12155.9897084,1361.91
2787.0,59.29699719999917,-12215.2914246,1377.1
2786.0,57.8380416,-12273.1342616,1342.96
2785.0,57.82596989999911,-12330.966204100001,1342.04
2784.0,57.45483439999953,-12388.426975100001,1332.99
2783.0,57.91577839999991,-12446.3477236,1343.11
2782.0,57.500619799999185,-12503.855460100001,1333.1
2781.0,58.833529100000305,-12562.6938217,1363.32
2780.0,58.418560799998886,-12621.117425100001,1353.4
2779.0,60.33213020000039,-12681.454360900001,1396.99
2778.0,70.43272490000163,-12751.8949733,1629.47
2777.0,60.74971709999954,-12812.654063,1406.84
2776.0,61.16527429999951,-12873.825842900002,1414.92
2775.0,61.9308817000001,-12935.7628203,1432.07
2774.0,59.03773159999946,-12994.8073052,1365.05
2773.0,58.394210600001315,-13053.206200800001,1349.46
2772.0,59.254082800000106,-13112.468826100001,1368.68
2771.0,58.59147920000032,-13171.066490000001,1353.04
2770.0,57.438993499999924,-13228.510873700001,1326.0
2769.0,57.7473958999999,-13286.2632488,1332.49
2768.0,59.30873829999837,-13345.5768038,1367.9
2767.0,57.81396989999848,-13403.396877700001,1333.24
2766.0,56.99534010000025,-13460.397193,1313.82
2765.0,58.81370020000031,-13519.2160745,1354.99
2764.0,57.77109820000078,-13576.9922365,1330.76
2763.0,58.517293699998845,-13635.514573400002,1347.29
2762.0,58.199551800000336,-13693.7206745,1339.59
2761.0,58.12005019999924,-13751.845513600001,1337.25
2760.0,58.851251299998694,-13810.7034356,1353.51
2759.0,57.684451300001456,-13868.3942446,1326.37
2758.0,57.227040300000226,-13925.6263676,1315.31
2757.0,58.237745899999936,-13983.869082300002,1337.92
2756.0,58.69376349999948,-14042.567732000001,1347.95
2755.0,58.35875800000031,-14100.931279600001,1339.85
2754.0,56.64839440000105,-14157.5854579,1300.24
2753.0,58.26524360000076,-14215.855625600001,1336.55
2752.0,58.22170929999993,-14274.082307800001,1335.22
2751.0,57.29963560000033,-14331.3899089,1313.68
2750.0,57.30331330000081,-14388.6983959,1313.2
2749.0,57.30104990000109,-14446.0047154,1312.67
2748.0,57.33111370000006,-14503.341202900001,1312.88
2747.0,61.19591860000037,-14564.5422818,1400.53
2746.0,57.52243379999891,-14622.069971100002,1316.63
2745.0,56.95106670000132,-14679.027048700002,1302.81
2744.0,57.5972458999986,-14736.6306009,1317.0
2743.0,57.471849499999735,-14794.1083908,1313.72
2742.0,56.75704990000122,-14850.870677100002,1296.96
2741.0,58.25139390000004,-14909.1272716,1330.43
2740.0,57.74620329999925,-14966.8824353,1318.58
2739.0,57.29155130000072,-15024.179267900001,1307.72
2738.0,57.21873520000008,-15081.4030007,1305.55
2737.0,67.91329700000097,-15149.321323600001,1548.06
2736.0,70.85109000000011,-15220.1784466,1615.15
2735.0,70.76305219999995,-15290.947086200002,1612.81
2734.0,74.18726179999976,-15365.139725,1689.94
2733.0,62.03612520000024,-15427.1834973,1413.9
2732.0,65.67794680000043,-15492.8668376,1494.96
2731.0,85.7973662000004,-15578.6695595,1950.91
2730.0,77.52130829999987,-15656.198843,1764.3
2729.0,74.90508739999859,-15731.109688100001,1703.69
2728.0,70.62735440000142,-15801.743045300002,1605.95
2727.0,67.90587969999979,-15869.6547183,1543.39
2726.0,82.12829990000137,-15951.788595400001,1864.51
2725.0,119.0448421000001,-16070.844621400001,2700.27
2724.0,119.5179547000007,-16190.3749453,2713.0
2723.0,106.3874526999989,-16296.771131000001,2415.18
2722.0,100.85226429999966,-16397.6320217,2288.12
2721.0,99.125307899998,-16496.7660299,2247.8
2720.0,95.6044937000006,-16592.379326000002,2167.32
2719.0,80.15310939999836,-16672.5463279,1817.38
2718.0,84.2045681999989,-16756.769874600002,1906.91
2717.0,84.78276859999824,-16841.5619209,1919.57
2716.0,79.57139820000157,-16921.142171400003,1801.38
2715.0,61.76482250000117,-16982.9203295,1398.84
2714.0,57.3850867000001,-17040.3143682,1298.21
2713.0,62.08578960000159,-17102.4102926,1403.29
2712.0,67.48593339999934,-17169.9042486,1524.76
2711.0,57.33581719999711,-17227.2478492,1296.1
2710.0,68.27569210000001,-17295.5316933,1541.04
2709.0,59.70779380000022,-17355.249423,1348.56
2708.0,57.15844870000001,-17412.4166243,1290.07
2707.0,61.096209800001816,-17473.521943800002,1377.93
2706.0,57.87079420000009,-17531.4005315,1305.23
2705.0,57.090303299999505,-17588.4966055,1286.97
2704.0,60.22491020000234,-17648.7300971,1356.83
2703.0,57.71906879999733,-17706.4555377,1300.31
2702.0,61.597495699999854,-17768.0647767,1386.68
2701.0,63.75767320000159,-17831.831529900002,1434.91
2700.0,58.27695650000169,-17890.1193437,1311.64
2699.0,80.54055940000035,-17970.6666471,1809.83
2698.0,90.01985799999966,-18060.692499200002,2023.24
2697.0,90.76805179999792,-18151.4725203,2039.95
2696.0,77.86344860000099,-18229.347630700002,1750.28
2695.0,59.21985230000064,-18288.577525,1331.35
2694.0,60.20669000000271,-18348.793617400002,1351.57
2693.0,63.50019969999994,-18412.304511500002,1424.81
2692.0,61.40835660000084,-18473.718775,1377.74
2691.0,57.567081499997585,-18531.2949288,1291.22
2690.0,59.05962820000059,-18590.3638843,1323.81
2689.0,59.309082200001285,-18649.6823697,1329.0
2688.0,57.168149499997526,-18706.859217100002,1280.72
2687.0,56.82636429999911,-18763.6963666,1272.46
2686.0,57.36120619999929,-18821.0634493,1283.9
2685.0,57.35582930000237,-18878.4281081,1283.34
2684.0,58.15745049999896,-18936.593891200002,1300.73
2683.0,57.12723949999781,-18993.732671600003,1277.34
2682.0,56.40187909999804,-19050.1413947,1260.63
2681.0,55.975450800000544,-19106.1227134,1250.61
2680.0,57.17061999999714,-19163.3018444,1276.73
2679.0,61.06733080000049,-19224.3776157,1363.06
2678.0,63.42704689999664,-19287.813198300002,1415.31
2677.0,63.1409891000003,-19350.960267000002,1408.59
2676.0,58.04670130000159,-19409.013108400002,1294.79
2675.0,58.6668161000016,-19467.6878273,1307.74
2674.0,50.62896170000022,-19518.3223101,1128.73
2673.0,54.75294430000213,-19573.0867383,1219.34
2672.0,72.52726899999834,-19645.6197564,1613.74
2671.0,74.93482379999841,-19720.561159200002,1667.76
2670.0,56.96812250000221,-19777.5387927,1268.75
2669.0,54.33461779999925,-19831.8789033,1208.67
2668.0,53.61969769999996,-19885.508379900002,1192.19
2667.0,52.97344929999963,-19938.492384600002,1177.38
2666.0,54.78531709999879,-19993.2880138,1217.03
2665.0,50.1491446,-20043.4477774,1114.03
2664.0,50.19180970000161,-20093.6501048,1114.26
2663.0,50.171641900000395,-20143.827490800002,1113.39
2662.0,50.42712229999961,-20194.2646861,1118.62
2661.0,53.06312670000261,-20247.338664900002,1176.5
2660.0,49.80528419999973,-20297.149601600002,1104.23
2659.0,51.17891400000008,-20348.3384357,1133.95
2658.0,50.98282309999922,-20399.326952800002,1129.28
2657.0,50.66182560000016,-20449.9992718,1121.76
2656.0,49.817238100000395,-20499.822374,1102.67
2655.0,56.598361500000465,-20556.4311261,1251.8
2654.0,57.734076199998526,-20614.176036700002,1276.81
2653.0,54.99242830000003,-20669.180473200002,1215.96
2652.0,53.15938079999978,-20722.348689000002,1174.94
2651.0,53.32129259999783,-20775.6775234,1177.95
2650.0,51.33305130000008,-20827.02061,1133.73
2649.0,52.68586460000006,-20879.7193262,1162.95
2648.0,53.697881200001575,-20933.4278193,1184.87
2647.0,51.248609100002795,-20984.6865343,1130.61
2646.0,52.489484199999424,-21037.1861963,1157.32
2645.0,51.60700910000014,-21088.799148000002,1137.56
2644.0,56.06604879999941,-21144.871084000002,1235.05
2643.0,61.76452699999936,-21206.644175100002,1360.01
2642.0,52.00173619999987,-21258.658001300002,1145.5
2641.0,49.25549400000091,-21307.9240521,1084.2
2640.0,55.83512260000134,-21363.77119,1227.97
2639.0,49.08781119999912,-21412.8695935,1079.93
2638.0,49.64751679999972,-21462.5277335,1091.38
2637.0,49.62064409999948,-21512.159489100002,1090.41
2636.0,55.07716670000082,-21567.2474177,1209.53
2635.0,48.739285100000416,-21615.9974782,1070.61
2634.0,50.419847400000435,-21666.4232672,1106.62
2633.0,48.535075899999356,-21714.9645567,1065.05
2632.0,49.11808759999985,-21764.0893318,1077.29
2631.0,53.30438680000225,-21817.3999558,1168.45
2630.0,49.09609830000045,-21866.509671,1076.27
2629.0,48.9811809999992,-21915.5018879,1073.1
2628.0,52.919594200000574,-21968.4324078,1158.71
2627.0,49.13318209999852,-22017.5739103,1075.83
2626.0,48.626449199997296,-22066.2062299,1064.14
2625.0,50.038622100000794,-22116.250826800002,1094.51
2624.0,50.88821010000174,-22167.1448553,1112.7
2623.0,48.97764900000038,-22216.1334571,1070.68
2622.0,48.758314300001075,-22264.9024503,1065.38
2621.0,48.841846199997235,-22313.7547291,1066.78
2620.0,48.5550484000014,-22362.3208752,1060.13
2619.0,48.849000199999864,-22411.1810362,1066.11
2618.0,48.59024219999992,-22459.7770854,1060.09
2617.0,48.23070480000024,-22508.0189966,1051.85
2616.0,48.37051159999828,-22556.400715300002,1054.47
2615.0,48.13742120000097,-22604.5440938,1049.01
2614.0,48.644081400001596,-22653.1995427,1059.6
2613.0,54.18224709999777,-22707.3952834,1179.51
2612.0,51.09138779999921,-22758.495691800003,1112.26
2611.0,49.58609699999943,-22808.0926698,1078.99
2610.0,50.10042389999944,-22858.202751200002,1089.65
2609.0,49.11462639999809,-22907.3252241,1067.89
2608.0,49.932559000000765,-22957.268741300002,1085.15
2607.0,48.639257399998314,-23005.9192226,1056.76
2606.0,50.47038529999918,-23056.3984775,1095.95
2605.0,48.5689646000028,-23104.977716600002,1054.45
2604.0,61.826166900002136,-23166.815094600002,1340.9
2603.0,48.97881300000154,-23215.804808200002,1063.13
2602.0,48.85238440000103,-23264.6690558,1059.29
2601.0,48.736616300000605,-23313.411937700002,1056.37
2600.0,50.82571010000174,-23364.249696,1101.11
2599.0,54.20768490000046,-23418.4654306,1173.86
2598.0,48.67622820000179,-23467.1523572,1054.14
2597.0,48.98711539999931,-23516.1507567,1060.15
2596.0,61.864873599999555,-23578.0247456,1337.65
2595.0,49.45231159999821,-23627.486820000002,1070.06
2594.0,49.742998999998235,-23677.2375079,1075.26
2593.0,49.06869060000099,-23726.3175516,1060.33
2592.0,47.98370870000144,-23774.3076463,1036.5
2591.0,48.263076100000035,-23822.5820624,1042.06
2590.0,49.94257969999671,-23872.536222000002,1077.84
2589.0,48.787233600000036,-23921.3347177,1052.64
2588.0,48.188405000000785,-23969.5326126,1039.29
2587.0,48.017179500002385,-24017.5614365,1035.18
2586.0,47.90139069999714,-24065.4728274,1032.28
2585.0,47.89307310000004,-24113.3763534,1031.7
2584.0,48.35852750000049,-24161.7469322,1041.3
2583.0,48.10531710000214,-24209.858448,1035.48
2582.0,47.827180000000226,-24257.6975724,1029.09
2581.0,47.73009300000194,-24305.439495000002,1026.6
2580.0,47.93099129999973,-24353.3803837,1030.51
2579.0,48.05845050000062,-24401.4502661,1032.85
2578.0,65.88320569999996,-24467.3450147,1414.48
2577.0,67.01902559999871,-24534.3781224,1439.17
2576.0,63.27730330000122,-24597.6642245,1358.54
2575.0,87.96386789999815,-24685.637362100002,1886.31
2574.0,87.325582999998,-24772.970975700002,1873.16
2573.0,87.11391340000046,-24860.100804600002,1867.88
2572.0,84.78313249999701,-24944.8979102,1817.3
2571.0,87.29386769999837,-25032.2063538,1870.14
2570.0,85.24316230000113,-25117.4646278,1825.72
2569.0,49.06672120000076,-25166.5460237,1052.23
2568.0,48.071723199998814,-25214.6291157,1028.79
2567.0,47.932540199999494,-25262.5731728,1025.36
2566.0,53.18541399999958,-25315.7700708,1137.02
2565.0,50.19888389999687,-25365.9789415,1073.15
2564.0,46.879880100001174,-25412.8696322,1001.83
2563.0,52.05544440000085,-25464.9315111,1111.56
2562.0,47.02407750000202,-25511.9617723,1004.21
2561.0,47.194090300003154,-25559.1621296,1007.19
2560.0,47.420978999998624,-25606.5893571,1011.64
2559.0,47.51291760000095,-25654.111297800002,1013.21
2558.0,46.69935899999837,-25700.816882,995.51
2557.0,48.92752409999957,-25749.750821600002,1042.46
2556.0,46.77017150000029,-25796.527423300002,996.31
2555.0,46.39667399999962,-25842.9360538,987.88
2554.0,46.665845999999874,-25889.6082075,993.19
2553.0,46.562367400001676,-25936.1768693,990.62
2552.0,46.562380100000155,-25982.7508374,990.23
2551.0,46.52217449999807,-26029.2795662,988.98
2550.0,46.54395100000329,-26075.8312745,989.06
2549.0,46.67465060000177,-26122.5123205,991.44
2548.0,46.64044600000125,-26169.1616458,990.33
2547.0,46.60954700000002,-26215.777504,989.29
2546.0,46.30569729999843,-26262.089600900003,982.47
2545.0,46.650890300003084,-26308.746919,989.37
2544.0,46.30349270000079,-26355.0619376,981.65
2543.0,46.486756800000876,-26401.5575712,985.12
2542.0,46.35075909999796,-26447.9167018,981.87
2541.0,46.3151661999982,-26494.2451803,980.72
2540.0,46.92996010000206,-26541.1815496,993.32
2539.0,46.59185499999876,-26587.7808699,985.82
2538.0,47.701942300001974,-26635.4936596,1008.84
2537.0,46.532584900000074,-26682.0325338,983.83
2536.0,46.23867120000068,-26728.2775262,977.19
2535.0,46.20431610000014,-26774.4882073,976.07
2534.0,46.4185808000002,-26820.918596400003,980.2
2533.0,48.663530199999514,-26869.5884567,1027.1
2532.0,46.55230139999912,-26916.1521073,982.35
2531.0,46.430982899997616,-26962.5897013,979.31
2530.0,46.826515999997355,-27009.4284364,987.24
2529.0,46.1238173999991,-27055.5587668,972.09
2528.0,47.1394810999991,-27102.705825,993.03
2527.0,46.86690410000301,-27149.579987,986.95
2526.0,46.2094560000005,-27195.795886800002,972.74
2525.0,46.31344580000223,-27242.115749200002,974.51
2524.0,45.72910459999912,-27287.8547496,961.86
2523.0,45.96130769999945,-27333.822500500002,966.33
2522.0,46.214645899999596,-27380.0435795,971.27
2521.0,46.88692109999829,-27426.9373212,984.99
2520.0,46.46066320000318,-27473.404433300002,975.69
2519.0,48.13087679999808,-27521.548092,1010.27
2518.0,46.54731569999785,-27568.1077761,976.79
2517.0,45.982114800001,-27614.0986702,964.5
2516.0,45.894458799997665,-27660.0038412,962.26
2515.0,45.907829499999934,-27705.9181784,962.15
2514.0,45.630193099997996,-27751.5569516,955.96
2513.0,45.83614350000062,-27797.3998661,959.88
2512.0,45.77873919999911,-27843.185272900002,958.3
2511.0,45.80738279999787,-27888.999259,958.52
2510.0,46.31449200000134,-27935.322624,968.72
2509.0,46.26580909999757,-27981.5953493,967.34
2508.0,45.848981499999354,-28027.4513018,958.26
2507.0,45.669170599998324,-28073.1304735,954.11
2506.0,45.72310320000179,-28118.8633261,954.85
2505.0,46.47756130000198,-28165.348263300002,970.19
2504.0,46.63038550000056,-28211.985231500003,973.01
2503.0,45.6348536000005,-28257.626591300002,951.91
2502.0,45.696767700002965,-28303.3308776,952.77
2501.0,46.2235757999988,-28349.5611131,963.35
2500.0,45.781250299998646,-28395.3502405,953.79
2499.0,48.00929139999789,-28443.3663167,999.7
2498.0,46.021003000001656,-28489.3991944,958.09
2497.0,45.70594119999805,-28535.1174959,951.08
2496.0,45.83515439999974,-28580.959415600002,953.37
2495.0,45.85613039999953,-28626.8221918,953.42
2494.0,45.67935439999928,-28672.5144467,949.38
2493.0,45.7360030000018,-28718.257129600002,950.16
2492.0,45.50050300000294,-28763.7696918,944.9
2491.0,45.61495950000244,-28809.3913031,946.89
2490.0,45.59049249999953,-28854.9945239,946.0
2489.0,45.95901109999977,-28900.9662947,953.25
2488.0,45.48834440000064,-28946.4676829,943.14
2487.0,45.5225532000004,-28991.9970503,943.45
2486.0,45.57531129999916,-29037.5791682,944.17
2485.0,49.66339750000043,-29087.254775100002,1028.28
2484.0,45.2370058000015,-29132.5043931,936.58
2483.0,45.06528729999991,-29177.5775613,932.48
2482.0,46.05777769999986,-29223.647567,952.59
2481.0,44.98776480000015,-29268.6421548,930.16
2480.0,47.648992700000235,-29316.3047425,984.64
2479.0,45.36512080000102,-29361.6826406,937.26
2478.0,45.099005600000964,-29406.7942401,931.3
2477.0,45.10317399999985,-29451.9127147,931.0
2476.0,45.22604560000036,-29497.1516409,933.16
2475.0,44.998014000000694,-29542.1624104,928.09
2474.0,45.12543629999709,-29587.3030741,930.33
2473.0,44.83881829999882,-29632.1548865,924.06
2472.0,45.09026199999789,-29677.2534934,928.85
2471.0,44.90392559999964,-29722.1642905,924.65
2470.0,44.88595880000139,-29767.062124300002,923.9
2469.0,45.11433029999898,-29812.189428100002,928.22
2468.0,44.954022499998246,-29857.156489,924.56
2467.0,44.78244840000116,-29901.952493200002,920.66
2466.0,44.88830339999913,-29946.8534945,922.45
2465.0,44.83486569999877,-29991.7027948,920.98
2464.0,45.15904969999974,-30036.872587,927.25
2463.0,44.62736519999817,-30081.510796900002,916.0
2462.0,45.37630870000066,-30126.898743600002,930.94
2461.0,44.84406329999911,-30171.7496846,919.7
2460.0,46.461955200000375,-30218.2184073,952.41
2459.0,44.927692199999,-30263.1588096,920.7
2458.0,44.842376700002205,-30308.015527,918.52
2457.0,44.651140800000576,-30352.6734633,914.24
2456.0,44.79550139999992,-30397.482584,916.81
2455.0,44.711939099997835,-30442.208194400002,914.73
2454.0,44.6944313999993,-30486.9098409,914.0
2453.0,44.58630070000072,-30531.5072427,911.42
2452.0,44.58178390000103,-30576.102464800002,910.95
2451.0,44.439197499999864,-30620.5537435,907.68
2450.0,44.31114190000153,-30664.877928500002,904.69
2449.0,44.856900900002074,-30709.7416764,915.43
2448.0,44.910438999999315,-30754.6655957,916.17
2447.0,44.42402450000009,-30799.0966497,905.9
2446.0,44.647288399999525,-30843.756549600002,910.05
2445.0,44.45268009999927,-30888.2227988,905.73
2444.0,44.60692080000081,-30932.836754,908.49
2443.0,44.62820190000275,-30977.4780375,908.55
2442.0,44.467851900000824,-31021.9585925,904.93
2441.0,44.82817369999975,-31066.8004163,911.87
2440.0,47.15333649999957,-31113.96164,958.7
2439.0,44.64541300000201,-31158.6207557,907.51
2438.0,44.60007039999982,-31203.2317398,906.13
2437.0,44.61710420000236,-31247.8672048,906.1
2436.0,44.55969390000246,-31292.4378423,904.56
2435.0,44.082718900001055,-31336.534234400002,894.53
2434.0,44.38341539999965,-31380.9303688,900.23
2433.0,45.048124500000995,-31425.9885316,913.33
2432.0,44.255397100001574,-31470.2576614,896.94
2431.0,44.032347799999116,-31514.3057377,892.03
2430.0,44.475272399999085,-31558.7943189,900.61
2429.0,44.03544989999864,-31602.843709200002,891.37
2428.0,44.27208400000018,-31647.1295295,895.76
2427.0,44.05184290000034,-31691.1882944,890.96
2426.0,44.11594350000087,-31735.3175698,891.87
2425.0,44.41795010000351,-31779.742410400002,897.6
2424.0,44.76253440000073,-31824.5120703,904.19
2423.0,43.91479260000051,-31868.4398334,886.74
2422.0,44.07148810000217,-31912.524097100002,889.5
2421.0,44.62475389999963,-31957.1613851,900.28
2420.0,44.41439569999784,-32001.5828728,895.7
2419.0,46.443682799999806,-32048.0398586,936.16
2418.0,44.35752560000037,-32092.410694500002,893.88
2417.0,43.77244730000166,-32136.1980697,881.67
2416.0,44.05189950000204,-32180.257529500002,886.9
2415.0,43.79776609999681,-32224.0677043,881.44
2414.0,44.16209589999926,-32268.2431402,888.38
2413.0,43.70687619999808,-32311.9635778,878.89
2412.0,43.958885899999586,-32355.936788400002,883.56
2411.0,43.804212999999436,-32399.7482035,880.1
2410.0,43.930360199999996,-32443.6858982,882.26
2409.0,44.10524929999883,-32487.7986142,885.41
2408.0,43.66191169999729,-32531.4742492,876.16
2407.0,43.711218699998426,-32575.1927318,876.77
2406.0,43.715132400000584,-32618.922469600002,876.49
2405.0,43.753088299999945,-32662.682893100002,876.88
2404.0,47.83642779999718,-32710.527902100002,958.19
2403.0,43.800014700002066,-32754.3398602,877.23
2402.0,44.20961340000213,-32798.5646277,884.92
2401.0,44.60679389999859,-32843.1787023,892.49
2400.0,43.69401440000365,-32886.8801183,873.91
2399.0,45.06176150000101,-32931.9617372,900.81
2398.0,43.88674850000098,-32975.8596027,877.04
2397.0,43.59390649999841,-33019.4668649,870.8
2396.0,43.66177059999609,-33063.1358824,871.78
2395.0,43.99244339999859,-33107.1355509,878.0
2394.0,43.66600820000167,-33150.8088285,871.15
2393.0,43.65337840000575,-33194.4753229,870.52
2392.0,43.542783599994436,-33238.0314442,867.96
2391.0,43.49909409999964,-33281.5443991,866.72
2390.0,43.67058189999807,-33325.2232973,869.77
2389.0,43.56452910000371,-33368.8003439,867.3
2388.0,43.41319339999609,-33412.2277434,863.93
2387.0,43.434111599999596,-33455.6731088,863.98
2386.0,43.63633359999949,-33499.3213098,867.63
2385.0,43.22474549999606,-33542.5603586,859.1
2384.0,43.72759269999369,-33586.3002513,868.7
2383.0,43.54102899999998,-33629.8551165,864.66
2382.0,43.431971999998495,-33673.2944707,862.13
2381.0,43.42818399999669,-33716.7365099,861.69
2380.0,43.87743889999547,-33760.6280104,870.22
2379.0,44.01224440000078,-33804.6490113,872.54
2378.0,46.114555400003155,-33850.7739314,913.77
2377.0,43.86956099999952,-33894.6526421,869.05
2376.0,43.29693899999984,-33937.964075,857.3
2375.0,43.176071399997454,-33981.154193200004,854.53
2374.0,43.5425436000005,-34024.7110279,861.4
2373.0,43.55324799999653,-34068.275642500004,861.26
2372.0,43.398275999999896,-34111.6866542,857.84
2371.0,43.28387169999769,-34154.9850025,855.22
2370.0,43.3098744999952,-34198.304338300004,855.37
2369.0,43.16482799999358,-34241.4826831,852.15
2368.0,43.55040849999932,-34285.0458989,859.38
2367.0,42.86907300000166,-34327.928090400004,845.61
2366.0,43.24277710000024,-34371.1854422,852.59
2365.0,43.377621999999974,-34414.5706234,854.9
2364.0,43.24917230000574,-34457.834122500004,852.01
2363.0,42.911105700004555,-34500.760081,845.0
2362.0,43.26493599999958,-34544.041894,851.59
2361.0,43.14281579999806,-34587.1926293,848.84
2360.0,43.276136299995414,-34630.4824786,851.09
2359.0,43.35099920000357,-34673.8481117,852.21
2358.0,45.533759899997676,-34719.3958787,894.67
2357.0,43.08184009999968,-34762.4924167,846.27
2356.0,43.41154249999818,-34805.9117135,852.3
2355.0,43.07021379999787,-34848.9893326,845.26
2354.0,42.78979769999569,-34891.7924894,839.4
2353.0,42.88630099999864,-34934.692899,840.93
2352.0,42.88574399999925,-34977.5892743,840.56
2351.0,42.66656890000013,-35020.2691306,835.92
2350.0,43.04962560000422,-35063.326149,843.04
2349.0,42.98641130000033,-35106.3272399,841.46
2348.0,42.72910640000191,-35149.0701289,836.07
2347.0,42.89032029999362,-35191.975285500004,838.86
2346.0,42.73107829999935,-35234.7167647,835.4
2345.0,42.82195969999884,-35277.5526584,836.81
2344.0,42.67066250000062,-35320.231139,833.5
2343.0,42.85675320000155,-35363.1018882,836.77
2342.0,42.63688939999702,-35405.7510813,832.14
2341.0,43.08084969999618,-35448.842748200004,840.42
2340.0,42.55182720000448,-35491.402214,829.78
2339.0,42.612493799999356,-35534.024423,830.59
2338.0,43.32714880000276,-35577.3641009,844.14
2337.0,45.24474139999802,-35622.6245396,881.08
2336.0,42.85294719999365,-35665.492515800004,834.27
2335.0,42.619022400001995,-35708.1192244,829.3
2334.0,42.346131199999945,-35750.4748357,823.64
2333.0,42.33782439999777,-35792.826273700004,823.12
2332.0,42.87397910000436,-35835.715187,833.17
2331.0,42.320550100004766,-35878.0494446,822.09
2330.0,42.87471820000064,-35920.9316968,832.47
2329.0,42.63545069999964,-35963.5749441,827.49
2328.0,42.28288810000231,-36005.8727049,820.3
2327.0,42.02658070000325,-36047.9139008,814.97
2326.0,42.785822600002575,-36090.7166278,829.31
2325.0,42.507715499996266,-36133.232012500004,823.59
2324.0,42.35961429999588,-36175.6018142,820.37
2323.0,42.415219499998784,-36218.0263005,821.09
2322.0,42.339789600002405,-36260.3808448,819.28
2321.0,42.303597099999024,-36302.6985516,818.22
2320.0,46.76701940000203,-36349.4796968,904.04
2319.0,42.48601999999664,-36391.9806872,821.16
2318.0,42.36200700000336,-36434.3577714,818.3
2317.0,42.85064550000243,-36477.2163546,827.36
2316.0,45.142556999999215,-36522.3741476,871.19
2315.0,47.610913500000606,-36569.9970551,918.42
2314.0,42.98569989999669,-36612.9928873,829.04
2313.0,41.97036749999825,-36654.9780846,809.01
2312.0,42.26586649999808,-36697.2642834,814.31
2311.0,42.321474399999715,-36739.5977319,815.04
2310.0,41.89393399999972,-36781.5066359,806.47
2309.0,42.04596979999769,-36823.5666234,809.03
2308.0,42.04626370000187,-36865.6207253,808.69
2307.0,41.980459400001564,-36907.615056,807.08
2306.0,41.84085779999441,-36949.468897,804.05
2305.0,41.95579379999981,-36991.4399026,805.9
2304.0,42.02740059999633,-37033.476341,806.92
2303.0,42.075263200000336,-37075.5654838,807.49
2302.0,41.81315259999974,-37117.3938938,802.12
2301.0,41.990482299996074,-37159.4008389,805.16
2300.0,41.960956499999156,-37201.3769903,804.25
2299.0,41.59926479999558,-37242.9913771,796.98
2298.0,41.868354199999885,-37284.8752505,801.77
2297.0,42.03105090000463,-37326.9184721,804.54
2296.0,42.37986929999897,-37369.306127100004,810.86
2295.0,44.36080940000102,-37413.681259900004,848.35
2294.0,41.872961200002464,-37455.5684642,800.54
2293.0,41.60240619999968,-37497.1833593,794.96
2292.0,41.58593359999941,-37538.7833576,794.29
2291.0,42.23423360000015,-37581.025415000004,806.3
2290.0,41.66063810000196,-37622.7015204,795.04
2289.0,42.28283940000256,-37664.9993325,806.53
2288.0,41.72022250000009,-37706.7347628,795.48
2287.0,41.68487119999918,-37748.435021,794.44
2286.0,41.50134199999593,-37789.951791600004,790.6
2285.0,41.565461199999845,-37831.5271195,791.47
2284.0,41.81031630000507,-37873.3574105,795.78
2283.0,41.60394340000494,-37914.9773845,791.52
2282.0,41.444154299999354,-37956.4296229,788.13
2281.0,41.67525179999939,-37998.1202724,792.17
2280.0,42.23742179999681,-38040.3720171,802.5
2279.0,41.65285650000442,-38082.0396874,791.07
2278.0,41.36003200000414,-38123.4151744,785.16
2277.0,42.24206509999931,-38165.66596,801.52
2276.0,41.37766759999795,-38207.0591254,784.82
2275.0,41.85069549999753,-38248.9220895,793.41
2274.0,41.38672890000453,-38290.3258139,784.29
2273.0,43.35287600000447,-38333.69304,821.12
2272.0,41.0910281999968,-38374.799485,778.05
2271.0,41.516965099996014,-38416.3274004,785.7
2270.0,41.371178500005044,-38457.713779,782.61
2269.0,41.15782079999917,-38498.885715000004,778.23
2268.0,41.0356879999963,-38539.9329513,775.58
2267.0,41.0400335000013,-38580.9875093,775.31
2266.0,41.08656260000134,-38622.0893685,775.85
2265.0,41.41592500000115,-38663.5132085,781.72
2264.0,40.90890260000015,-38704.4375528,771.83
2263.0,41.23377359999722,-38745.6861856,777.59
2262.0,41.12181689999852,-38786.8231965,775.15
2261.0,41.13999760000297,-38827.9789302,775.15
2260.0,40.9683184999958,-38868.9632883,771.57
2259.0,42.262285800003156,-38911.2408695,795.55
2258.0,40.77988259999984,-38952.029116,767.38
2257.0,41.31918130000122,-38993.3643638,777.13
2256.0,40.73307829999976,-39034.1118737,765.8
2255.0,41.0989350000018,-39075.2275633,772.31
2254.0,40.669146100000944,-39115.9115784,763.91
2253.0,41.57050429999799,-39157.491812500004,780.46
2252.0,40.92885300000489,-39198.428586,768.11
2251.0,44.20057029999589,-39242.6371017,829.05
2250.0,41.85715219999838,-39284.5025687,784.88
2249.0,40.85406260000309,-39325.3647979,765.7
2248.0,40.80882630000269,-39366.1917545,764.49
2247.0,40.82274429999961,-39407.0225411,764.41
2246.0,40.58624899999995,-39447.6187612,759.64
2245.0,40.78003579999495,-39488.4067905,762.92
2244.0,40.66529119999905,-39529.0882354,760.44
2243.0,41.02783469999849,-39570.1244221,766.87
2242.0,40.75535360000504,-39610.8945794,761.45
2241.0,40.993393099997775,-39651.9042183,765.55
2240.0,40.951697099997546,-39692.8705781,764.43
2239.0,40.68559280000045,-39733.5723501,759.13
2238.0,40.65411640000093,-39774.2357368,758.2
2237.0,40.73851480000303,-39814.9878014,759.43
2236.0,40.44457390000025,-39855.4404556,753.62
2235.0,40.4586793999988,-39895.914296,753.54
2234.0,40.575580799995805,-39936.5058572,755.38
2233.0,44.01389550000022,-39980.534109,818.94
2232.0,40.409363899998425,-40020.9580659,751.7
2231.0,40.7990690000006,-40061.7693683,758.51
2230.0,40.503027600003406,-40102.286631200004,752.69
2229.0,42.868352999998024,-40145.1705248,796.22
2228.0,40.64724660000502,-40185.8287702,754.74
2227.0,40.42733579999913,-40226.2664507,750.27
2226.0,40.314016600001196,-40266.5885659,747.83
2225.0,40.413077500001236,-40307.0177558,749.32
2224.0,40.29658429999836,-40347.3278163,746.83
2223.0,40.23916889999964,-40387.5754393,745.43
2222.0,40.46351310000318,-40428.047935,749.24
2221.0,40.40386649999709,-40468.4664956,747.81
2220.0,40.07672140000068,-40508.5593509,741.43
2219.0,39.98822179999843,-40548.5625277,739.45
2218.0,40.27807670000038,-40588.848947700004,744.47
2217.0,40.31867010000133,-40629.1791693,744.89
2216.0,40.30936179999844,-40669.5036493,744.38
2215.0,40.065127299996675,-40709.5771907,739.54
2214.0,40.34951290000026,-40749.9431821,744.44
2213.0,40.33546290000231,-40790.2959981,743.85
2212.0,40.182669399997394,-40830.4951246,740.7
2211.0,40.19156320000184,-40870.6995936,740.53
2210.0,40.04877119999583,-40910.7581381,737.57
2209.0,40.24661650000053,-40951.0198573,740.87
2208.0,40.503278500000306,-40991.5312442,745.25
2207.0,42.87268580000091,-41034.4123165,788.44
2206.0,40.06437959999312,-41074.4894874,736.58
2205.0,40.15806439999869,-41114.655642800004,737.9
2204.0,39.63977100000193,-41154.3080818,728.06
2203.0,39.915473699998984,-41194.2319025,732.77
2202.0,40.071681899993564,-41234.3201555,735.31
2201.0,39.791757300001336,-41274.1204121,729.85
2200.0,40.36181300000317,-41314.4913757,739.95
2199.0,39.92152519999945,-41354.4260499,731.57
2198.0,39.81094989999838,-41394.2520816,729.21
2197.0,39.636886699998286,-41433.8974849,725.69
2196.0,39.58898830000544,-41473.503298100004,724.48
2195.0,40.08907299999555,-41513.600590300004,733.28
2194.0,39.699190300001646,-41553.3166893,725.84
2193.0,39.75849450000533,-41593.091544200004,726.58
2192.0,39.66651319999801,-41632.766693,724.58
2191.0,39.734060800001316,-41672.5089927,725.48
2190.0,39.498290700001235,-41712.0243386,720.85
2189.0,39.56680200000119,-41751.5996459,721.76
2188.0,39.54661689999921,-41791.1546129,721.07
2187.0,39.910551200002374,-41831.0820064,727.36
2186.0,40.03732509999827,-41871.133168,729.34
2185.0,42.661767699995835,-41913.809676,776.74
2184.0,39.70794190000015,-41953.5331468,722.75
2183.0,39.18569450000359,-41992.7312167,712.86
2182.0,39.352960799995344,-42032.1077156,715.56
2181.0,39.52604469999642,-42071.6427343,718.38
2180.0,39.219479300001694,-42110.8800856,712.49
2179.0,39.23099340000044,-42150.1266695,712.37
2178.0,39.28957249999803,-42189.4248376,713.1
2177.0,42.25881919999665,-42231.6996995,766.58
2176.0,52.94882630000211,-42284.6602474,959.9
2175.0,44.312386600002355,-42328.982485500004,803.35
2174.0,53.50163710000197,-42382.4981121,969.07
2173.0,42.75902860000497,-42425.2662523,774.53
2172.0,45.01098020000063,-42470.2917369,814.65
2171.0,43.15050380000321,-42513.4565203,780.7
2170.0,46.77828649999719,-42560.250092300004,845.83
2169.0,41.30581989999337,-42601.5707714,746.72
2168.0,38.71863300000405,-42640.2979157,699.57
2167.0,39.288824499999464,-42679.5953878,709.48
2166.0,38.82377450000058,-42718.434572,700.78
2165.0,38.67076570000063,-42757.1210185,697.69
2164.0,39.306902600001195,-42796.4457955,708.82
2163.0,54.76352499999484,-42851.220985500004,986.78
2162.0,39.49733579999884,-42890.7269483,711.94
2161.0,39.23158000000694,-42929.9671326,706.5
2160.0,39.641574799999944,-42969.6262794,713.54
2159.0,39.16132759999891,-43008.8036075,704.59
2158.0,38.744453300001624,-43047.5591656,696.76
2157.0,38.843125899998995,-43086.4183311,698.2
2156.0,38.71137219999946,-43125.1471601,695.52
2155.0,39.15343230000144,-43164.317641300004,703.12
2154.0,38.575496500001464,-43202.909112400004,692.44
2153.0,38.66310859999794,-43241.589589,693.68
2152.0,38.43063819999952,-43280.0377877,689.19
2151.0,38.55493349999597,-43318.6056722,691.09
2150.0,38.946841900004074,-43357.5679572,697.79
2149.0,38.67924989999301,-43396.2560533,692.69
2148.0,38.44136399999843,-43434.7161376,688.11
2147.0,38.62933340000018,-43473.358301500004,691.14
2146.0,38.253540099998645,-43511.620581,684.11
2145.0,38.60574700000143,-43550.2436272,690.07
2144.0,42.87947819999681,-43593.1319718,766.02
2143.0,39.223057600000175,-43632.3658578,700.53
2142.0,38.55039599999873,-43670.9325359,688.14
2141.0,40.42100229999778,-43711.3713606,721.14
2140.0,39.089447099999234,-43750.4695359,697.12
2139.0,38.374994500001776,-43788.853518100004,684.05
2138.0,38.278142399998615,-43827.1420226,681.99
2137.0,38.381256399996346,-43865.5391136,683.5
2136.0,38.32523590000346,-43903.8799442,682.19
2135.0,38.44852840000385,-43942.3374273,684.06
2134.0,38.25213310000254,-43980.6053073,680.25
2133.0,38.38662939999631,-44019.0093919,682.32
2132.0,38.17089140000462,-44057.1958786,678.17
2131.0,38.08920489999582,-44095.2938395,676.4
2130.0,38.531400799998664,-44133.8339439,683.92
2129.0,38.05062539999926,-44171.9006624,675.09
2128.0,38.140950499997416,-44210.0503319,676.36
2127.0,38.35654120000254,-44248.422022,679.86
2126.0,37.892384999999194,-44286.3240695,671.34
2125.0,38.293677300003765,-44324.6267249,678.11
2124.0,38.06238850000227,-44362.7060264,673.71
2123.0,38.18549739999435,-44400.909064600004,675.56
2122.0,38.01247109999531,-44438.9380412,672.19
2121.0,38.00042869999743,-44476.9472677,671.66
2120.0,37.69299270000192,-44514.6564776,665.92
2119.0,38.0924337999968,-44552.7579785,672.64
2118.0,37.82743029999983,-44590.594257000004,667.66
2117.0,41.97357809999812,-44632.5840458,740.4
2116.0,42.70130509999581,-44675.2942861,752.95
2115.0,38.06280610000249,-44713.3660361,670.95
2114.0,37.81366590000107,-44751.1885175,666.16
2113.0,37.925809400003345,-44789.1281867,667.81
2112.0,37.77264070000092,-44826.9160932,664.8
2111.0,37.9757399999944,-44864.9007243,668.05
2110.0,37.67326270000194,-44902.5917323,662.43
2109.0,37.724185700004455,-44940.3257361,663.0
2108.0,37.90842430000339,-44978.2502301,665.92
2107.0,37.95284050000191,-45016.2119702,666.39
2106.0,37.830548000005365,-45054.0550854,663.93
2105.0,37.96133440000267,-45092.0295345,665.9
2104.0,37.69791960000293,-45129.7416341,660.97
2103.0,37.618568400001095,-45167.3692313,659.27
2102.0,37.70370240000193,-45205.082992100004,660.44
2101.0,38.26714060000086,-45243.3589784,669.98
2100.0,37.40824469999643,-45280.7832425,654.66
2099.0,37.731196900000214,-45318.5233945,659.97
2098.0,37.36405229999946,-45355.9043311,653.25
2097.0,37.64514520000375,-45393.5585868,657.84
2096.0,37.403470400000515,-45430.9711644,653.32
2095.0,37.46507510000083,-45468.4453959,654.08
2094.0,39.02235379999911,-45507.4854844,680.91
2093.0,40.423935900005745,-45547.9190944,705.03
2092.0,37.189821400002984,-45585.1179387,648.4
2091.0,37.34037729999545,-45622.475855900004,650.65
2090.0,37.2785509000023,-45659.7633449,649.27
2089.0,37.364015899998776,-45697.1437692,650.44
2088.0,37.37287919999653,-45734.5255834,650.29
2087.0,37.452315200003795,-45771.9935126,651.36
2086.0,37.20843310000055,-45809.2110681,646.81
2085.0,37.46189299999969,-45846.6833791,650.9
2084.0,37.52851609999925,-45884.2213015,651.74
2083.0,37.397880099997565,-45921.629561300004,649.17
2082.0,37.0804255999974,-45958.7202661,643.35
2081.0,37.54080019999674,-45996.2784095,651.01
2080.0,37.448053100000834,-46033.744667,649.1
2079.0,37.45637059999717,-46071.2112602,648.93
2078.0,37.082389900002454,-46108.3046178,642.15
2077.0,37.97605050000129,-46146.2986927,657.29
2076.0,37.079435899999226,-46183.3927279,641.49
2075.0,38.110409799999616,-46221.5207585,658.97
2074.0,37.090568300001905,-46258.6203673,641.07
2073.0,37.33582249999745,-46295.9656969,644.97
2072.0,37.208447400000296,-46333.1832805,642.47
2071.0,37.55378629999905,-46370.7462953,648.11
2070.0,39.29228560000047,-46410.052675700004,677.76
2069.0,47.96288160000404,-46458.0277168,826.8
2068.0,37.9453624999951,-46495.9825776,654.11
2067.0,37.11020970000391,-46533.1089281,639.24
2066.0,37.036689900000056,-46570.1595731,637.65
2065.0,36.932572400000936,-46607.1055481,635.55
2064.0,37.012815399997635,-46644.1286818,636.62
2063.0,37.004461500000616,-46681.142244200004,636.17
2062.0,37.26268759999948,-46718.4226702,640.29
2061.0,37.30357619999995,-46755.7354742,640.69
2060.0,36.756669800000964,-46792.501419,631.0
2059.0,37.21507850000489,-46829.7287439,638.54
2058.0,36.96442629999365,-46866.7110958,633.94
2057.0,36.80104120000033,-46903.5291701,630.83
2056.0,36.79858509999758,-46940.3460827,630.48
2055.0,36.856408600004215,-46977.2204788,631.16
2054.0,36.68523589999677,-47013.9149099,627.93
2053.0,36.59904259999894,-47050.5323625,626.15
2052.0,36.846089299993764,-47087.3875739,630.06
2051.0,37.0110629999981,-47124.4082296,632.58
2050.0,36.54860539999936,-47160.9671258,624.38
2049.0,41.17640769999707,-47202.1526457,703.0
2048.0,36.97764489999827,-47239.1418195,631.16
2047.0,36.70562310000241,-47275.8704847,626.14
2046.0,40.540684200001124,-47316.4297803,691.15
2045.0,37.37156169999798,-47353.8103124,636.93
2044.0,36.93762080000306,-47390.7571902,629.18
2043.0,36.96427969999786,-47427.735847,629.32
2042.0,36.599406999994244,-47464.3521399,622.81
2041.0,36.731426099999226,-47501.0928185,624.74
2040.0,36.62954449999961,-47537.7394287,622.7
2039.0,37.50529180000012,-47575.2544936,637.26
2038.0,36.46589279999898,-47611.7380417,619.33
2037.0,36.60182799999893,-47648.3515012,621.31
2036.0,36.67323570000008,-47685.0340176,622.22
2035.0,36.488850800000364,-47721.5331741,618.79
2034.0,36.377444800004014,-47757.9200108,616.6
2033.0,36.42327680000017,-47794.3535144,617.07
2032.0,36.61964440000156,-47830.9913918,620.09
2031.0,36.41016089999903,-47867.4122763,616.25
2030.0,36.15654689999792,-47903.5780658,611.65
2029.0,36.364155999996,-47939.956635200004,614.85
2028.0,36.351442700004554,-47976.3173414,614.34
2027.0,36.22079130000202,-48012.5476453,611.83
2026.0,36.2529607999968,-48048.810041900004,612.07
2025.0,37.47838000000047,-48086.3069675,632.43
2024.0,37.02674500000285,-48123.3518504,624.53
2023.0,36.14958479999768,-48159.5110578,609.44
2022.0,36.10221199999796,-48195.6225348,608.32
2021.0,38.299749099998735,-48233.9319236,644.99
2020.0,36.65630390000297,-48270.5975368,617.08
2019.0,36.350577000004705,-48306.9598091,611.6
2018.0,35.9546812999979,-48342.9238298,604.64
2017.0,36.23789239999314,-48379.1738915,609.09
2016.0,36.11245909999707,-48415.2957038,606.69
2015.0,36.327868400003354,-48451.6339899,610.0
2014.0,35.93835260000196,-48487.5913156,603.17
2013.0,35.767771300001186,-48523.3696822,600.01
2012.0,35.9834467000037,-48559.362661600004,603.32
2011.0,35.958758300002955,-48595.3309765,602.61
2010.0,36.24550530000124,-48631.5954943,607.11
2009.0,35.8010215999966,-48667.4088452,599.38
2008.0,35.74176439999428,-48703.1601714,598.08
2007.0,35.86442399999942,-48739.0342667,599.83
2006.0,35.702955500004464,-48774.7468658,596.84
2005.0,36.081163700000616,-48810.8376954,602.85
2004.0,36.27640870000323,-48847.123709600004,605.81
2003.0,35.78692030000093,-48882.9203327,597.35
2002.0,35.687216099999205,-48918.6168871,595.38
