<?xml version="1.0" encoding="UTF-8" standalone="yes"?>
<DescriptorRegistry xmlns="http://www.qsardb.org/QDB">
    <Descriptor>
        <Id>nOO</Id>
        <Name>Number of O-O bonds</Name>
        <Labels></Labels>
        <Cargos>values</Cargos>
    </Descriptor>
    <Descriptor>
        <Id>nOOH</Id>
        <Name>Number of O-OH bonds</Name>
        <Labels></Labels>
        <Cargos>values</Cargos>
    </Descriptor>
    <Descriptor>
        <Id>OB</Id>
        <Name>Oxygen Balance according to TDG definition</Name>
        <Description>OB = -1600(2 nC + 0.5 nH - nO)/Mw</Description>
        <Labels></Labels>
        <Cargos>values</Cargos>
    </Descriptor>
    <Descriptor>
        <Id>nsingle</Id>
        <Name>Number of single bonds</Name>
        <Labels></Labels>
        <Cargos>values</Cargos>
        <Application>Codessa 2.7.16</Application>
    </Descriptor>
    <Descriptor>
        <Id>nC</Id>
        <Name>Number of carbon atoms</Name>
        <Labels></Labels>
        <Cargos>values</Cargos>
        <Application>Codessa 2.7.16</Application>
    </Descriptor>
    <Descriptor>
        <Id>nH</Id>
        <Name>Number of hydrogen atoms</Name>
        <Labels></Labels>
        <Cargos>values</Cargos>
        <Application>Codessa 2.7.16</Application>
    </Descriptor>
    <Descriptor>
        <Id>nO</Id>
        <Name>Number of oxygen atoms</Name>
        <Labels></Labels>
        <Cargos>values</Cargos>
        <Application>Codessa 2.7.16</Application>
    </Descriptor>
    <Descriptor>
        <Id>MW</Id>
        <Name>Molecular weight</Name>
        <Labels></Labels>
        <Cargos>values</Cargos>
        <Application>Codessa 2.7.16</Application>
    </Descriptor>
</DescriptorRegistry>
