<?xml version="1.0" encoding="UTF-8" standalone="yes"?>
<CompoundRegistry xmlns="http://www.qsardb.org/QDB">
    <Compound>
        <Id>1</Id>
        <Name>methane </Name>
        <Labels></Labels>
        <Cargos>mdl-molfile</Cargos>
        <InChI>InChI=1S/CH4/h1H4</InChI>
    </Compound>
    <Compound>
        <Id>2</Id>
        <Name>ethane </Name>
        <Labels></Labels>
        <Cargos>mdl-molfile</Cargos>
        <InChI>InChI=1S/C2H6/c1-2/h1-2H3</InChI>
    </Compound>
    <Compound>
        <Id>3</Id>
        <Name>propane </Name>
        <Labels></Labels>
        <Cargos>mdl-molfile</Cargos>
        <InChI>InChI=1S/C3H8/c1-3-2/h3H2,1-2H3</InChI>
    </Compound>
    <Compound>
        <Id>4</Id>
        <Name>butane </Name>
        <Labels></Labels>
        <Cargos>mdl-molfile</Cargos>
        <InChI>InChI=1S/C4H10/c1-3-4-2/h3-4H2,1-2H3</InChI>
    </Compound>
    <Compound>
        <Id>5</Id>
        <Name>2-methylpropane </Name>
        <Labels></Labels>
        <Cargos>mdl-molfile</Cargos>
        <InChI>InChI=1S/C4H10/c1-4(2)3/h4H,1-3H3</InChI>
    </Compound>
    <Compound>
        <Id>6</Id>
        <Name>pentane </Name>
        <Labels></Labels>
        <Cargos>mdl-molfile</Cargos>
        <InChI>InChI=1S/C5H12/c1-3-5-4-2/h3-5H2,1-2H3</InChI>
    </Compound>
    <Compound>
        <Id>7</Id>
        <Name>2-methylbutane </Name>
        <Labels></Labels>
        <Cargos>mdl-molfile</Cargos>
        <InChI>InChI=1S/C5H12/c1-4-5(2)3/h5H,4H2,1-3H3</InChI>
    </Compound>
    <Compound>
        <Id>8</Id>
        <Name>2,2-dimethylpropane </Name>
        <Labels></Labels>
        <Cargos>mdl-molfile</Cargos>
        <InChI>InChI=1S/C5H12/c1-5(2,3)4/h1-4H3</InChI>
    </Compound>
    <Compound>
        <Id>9</Id>
        <Name>hexane </Name>
        <Labels></Labels>
        <Cargos>mdl-molfile</Cargos>
        <InChI>InChI=1S/C6H14/c1-3-5-6-4-2/h3-6H2,1-2H3</InChI>
    </Compound>
    <Compound>
        <Id>10</Id>
        <Name>2-methylpentane </Name>
        <Labels></Labels>
        <Cargos>mdl-molfile</Cargos>
        <InChI>InChI=1S/C6H14/c1-4-5-6(2)3/h6H,4-5H2,1-3H3</InChI>
    </Compound>
    <Compound>
        <Id>11</Id>
        <Name>3-methylpentane </Name>
        <Labels></Labels>
        <Cargos>mdl-molfile</Cargos>
        <InChI>InChI=1S/C6H14/c1-4-6(3)5-2/h6H,4-5H2,1-3H3</InChI>
    </Compound>
    <Compound>
        <Id>12</Id>
        <Name>2,2-dimethylbutane </Name>
        <Labels></Labels>
        <Cargos>mdl-molfile</Cargos>
        <InChI>InChI=1S/C6H14/c1-5-6(2,3)4/h5H2,1-4H3</InChI>
    </Compound>
    <Compound>
        <Id>13</Id>
        <Name>2,3-dimethylbutane </Name>
        <Labels></Labels>
        <Cargos>mdl-molfile</Cargos>
        <InChI>InChI=1S/C6H14/c1-5(2)6(3)4/h5-6H,1-4H3</InChI>
    </Compound>
    <Compound>
        <Id>14</Id>
        <Name>heptane </Name>
        <Labels></Labels>
        <Cargos>mdl-molfile</Cargos>
        <InChI>InChI=1S/C7H16/c1-3-5-7-6-4-2/h3-7H2,1-2H3</InChI>
    </Compound>
    <Compound>
        <Id>15</Id>
        <Name>2-methylhexane </Name>
        <Labels></Labels>
        <Cargos>mdl-molfile</Cargos>
        <InChI>InChI=1S/C7H16/c1-4-5-6-7(2)3/h7H,4-6H2,1-3H3</InChI>
    </Compound>
    <Compound>
        <Id>16</Id>
        <Name>3-methylhexane </Name>
        <Labels></Labels>
        <Cargos>mdl-molfile</Cargos>
        <InChI>InChI=1S/C7H16/c1-4-6-7(3)5-2/h7H,4-6H2,1-3H3</InChI>
    </Compound>
    <Compound>
        <Id>17</Id>
        <Name>2,2-dimethylpentane </Name>
        <Labels></Labels>
        <Cargos>mdl-molfile</Cargos>
        <InChI>InChI=1S/C7H16/c1-5-6-7(2,3)4/h5-6H2,1-4H3</InChI>
    </Compound>
    <Compound>
        <Id>18</Id>
        <Name>2,3-dimethylpentane </Name>
        <Labels></Labels>
        <Cargos>mdl-molfile</Cargos>
        <InChI>InChI=1S/C7H16/c1-5-7(4)6(2)3/h6-7H,5H2,1-4H3</InChI>
    </Compound>
    <Compound>
        <Id>19</Id>
        <Name>2,4-dimethylpentane </Name>
        <Labels></Labels>
        <Cargos>mdl-molfile</Cargos>
        <InChI>InChI=1S/C7H16/c1-6(2)5-7(3)4/h6-7H,5H2,1-4H3</InChI>
    </Compound>
    <Compound>
        <Id>20</Id>
        <Name>3,3-dimethylpentane </Name>
        <Labels></Labels>
        <Cargos>mdl-molfile</Cargos>
        <InChI>InChI=1S/C7H16/c1-5-7(3,4)6-2/h5-6H2,1-4H3</InChI>
    </Compound>
    <Compound>
        <Id>21</Id>
        <Name>3-ethylpentane </Name>
        <Labels></Labels>
        <Cargos>mdl-molfile</Cargos>
        <InChI>InChI=1S/C7H16/c1-4-7(5-2)6-3/h7H,4-6H2,1-3H3</InChI>
    </Compound>
    <Compound>
        <Id>22</Id>
        <Name>2,2,3-trimethylbutane </Name>
        <Labels></Labels>
        <Cargos>mdl-molfile</Cargos>
        <InChI>InChI=1S/C7H16/c1-6(2)7(3,4)5/h6H,1-5H3</InChI>
    </Compound>
    <Compound>
        <Id>23</Id>
        <Name>octane </Name>
        <Labels></Labels>
        <Cargos>mdl-molfile</Cargos>
        <InChI>InChI=1S/C8H18/c1-3-5-7-8-6-4-2/h3-8H2,1-2H3</InChI>
    </Compound>
    <Compound>
        <Id>24</Id>
        <Name>2-methylheptane </Name>
        <Labels></Labels>
        <Cargos>mdl-molfile</Cargos>
        <InChI>InChI=1S/C8H18/c1-4-5-6-7-8(2)3/h8H,4-7H2,1-3H3</InChI>
    </Compound>
    <Compound>
        <Id>25</Id>
        <Name>3-methylheptane </Name>
        <Labels></Labels>
        <Cargos>mdl-molfile</Cargos>
        <InChI>InChI=1S/C8H18/c1-4-6-7-8(3)5-2/h8H,4-7H2,1-3H3</InChI>
    </Compound>
    <Compound>
        <Id>26</Id>
        <Name>4-methylheptane </Name>
        <Labels></Labels>
        <Cargos>mdl-molfile</Cargos>
        <InChI>InChI=1S/C8H18/c1-4-6-8(3)7-5-2/h8H,4-7H2,1-3H3</InChI>
    </Compound>
    <Compound>
        <Id>27</Id>
        <Name>2,2-dimethylhexane </Name>
        <Labels></Labels>
        <Cargos>mdl-molfile</Cargos>
        <InChI>InChI=1S/C8H18/c1-5-6-7-8(2,3)4/h5-7H2,1-4H3</InChI>
    </Compound>
    <Compound>
        <Id>28</Id>
        <Name>2,3-dimethylhexane </Name>
        <Labels></Labels>
        <Cargos>mdl-molfile</Cargos>
        <InChI>InChI=1S/C8H18/c1-5-6-8(4)7(2)3/h7-8H,5-6H2,1-4H3</InChI>
    </Compound>
    <Compound>
        <Id>29</Id>
        <Name>2,4-dimethylhexane </Name>
        <Labels></Labels>
        <Cargos>mdl-molfile</Cargos>
        <InChI>InChI=1S/C8H18/c1-5-8(4)6-7(2)3/h7-8H,5-6H2,1-4H3</InChI>
    </Compound>
    <Compound>
        <Id>30</Id>
        <Name>2,5-dimethylhexane </Name>
        <Labels></Labels>
        <Cargos>mdl-molfile</Cargos>
        <InChI>InChI=1S/C8H18/c1-7(2)5-6-8(3)4/h7-8H,5-6H2,1-4H3</InChI>
    </Compound>
    <Compound>
        <Id>31</Id>
        <Name>3,3-dimethylhexane </Name>
        <Labels></Labels>
        <Cargos>mdl-molfile</Cargos>
        <InChI>InChI=1S/C8H18/c1-5-7-8(3,4)6-2/h5-7H2,1-4H3</InChI>
    </Compound>
    <Compound>
        <Id>32</Id>
        <Name>3,4-dimethylhexane </Name>
        <Labels></Labels>
        <Cargos>mdl-molfile</Cargos>
        <InChI>InChI=1S/C8H18/c1-5-7(3)8(4)6-2/h7-8H,5-6H2,1-4H3</InChI>
    </Compound>
    <Compound>
        <Id>33</Id>
        <Name>3-ethylhexane </Name>
        <Labels></Labels>
        <Cargos>mdl-molfile</Cargos>
        <InChI>InChI=1S/C8H18/c1-4-7-8(5-2)6-3/h8H,4-7H2,1-3H3</InChI>
    </Compound>
    <Compound>
        <Id>34</Id>
        <Name>2,2,3-trimethylpentane </Name>
        <Labels></Labels>
        <Cargos>mdl-molfile</Cargos>
        <InChI>InChI=1S/C8H18/c1-6-7(2)8(3,4)5/h7H,6H2,1-5H3</InChI>
    </Compound>
    <Compound>
        <Id>35</Id>
        <Name>2,2,4-trimethylpentane </Name>
        <Labels></Labels>
        <Cargos>mdl-molfile</Cargos>
        <InChI>InChI=1S/C8H18/c1-7(2)6-8(3,4)5/h7H,6H2,1-5H3</InChI>
    </Compound>
    <Compound>
        <Id>36</Id>
        <Name>2,3,3-trimethylpentane </Name>
        <Labels></Labels>
        <Cargos>mdl-molfile</Cargos>
        <InChI>InChI=1S/C8H18/c1-6-8(4,5)7(2)3/h7H,6H2,1-5H3</InChI>
    </Compound>
    <Compound>
        <Id>37</Id>
        <Name>2,3,4-trimethylpentane </Name>
        <Labels></Labels>
        <Cargos>mdl-molfile</Cargos>
        <InChI>InChI=1S/C8H18/c1-6(2)8(5)7(3)4/h6-8H,1-5H3</InChI>
    </Compound>
    <Compound>
        <Id>38</Id>
        <Name>2-methyl-3-ethylpentane </Name>
        <Labels></Labels>
        <Cargos>mdl-molfile</Cargos>
        <InChI>InChI=1S/C8H18/c1-5-8(6-2)7(3)4/h7-8H,5-6H2,1-4H3</InChI>
    </Compound>
    <Compound>
        <Id>39</Id>
        <Name>3-methyl-3-ethylpentane </Name>
        <Labels></Labels>
        <Cargos>mdl-molfile</Cargos>
        <InChI>InChI=1S/C8H18/c1-5-8(4,6-2)7-3/h5-7H2,1-4H3</InChI>
    </Compound>
    <Compound>
        <Id>40</Id>
        <Name>2,2,3,3-tetramethylbutane </Name>
        <Labels></Labels>
        <Cargos>mdl-molfile</Cargos>
        <InChI>InChI=1S/C8H18/c1-7(2,3)8(4,5)6/h1-6H3</InChI>
    </Compound>
    <Compound>
        <Id>41</Id>
        <Name>nonane </Name>
        <Labels></Labels>
        <Cargos>mdl-molfile</Cargos>
        <InChI>InChI=1S/C9H20/c1-3-5-7-9-8-6-4-2/h3-9H2,1-2H3</InChI>
    </Compound>
    <Compound>
        <Id>42</Id>
        <Name>2-methyloctane </Name>
        <Labels></Labels>
        <Cargos>mdl-molfile</Cargos>
        <InChI>InChI=1S/C9H20/c1-4-5-6-7-8-9(2)3/h9H,4-8H2,1-3H3</InChI>
    </Compound>
    <Compound>
        <Id>43</Id>
        <Name>3-methyloctane </Name>
        <Labels></Labels>
        <Cargos>mdl-molfile</Cargos>
        <InChI>InChI=1S/C9H20/c1-4-6-7-8-9(3)5-2/h9H,4-8H2,1-3H3</InChI>
    </Compound>
    <Compound>
        <Id>44</Id>
        <Name>4-methyloctane </Name>
        <Labels></Labels>
        <Cargos>mdl-molfile</Cargos>
        <InChI>InChI=1S/C9H20/c1-4-6-8-9(3)7-5-2/h9H,4-8H2,1-3H3</InChI>
    </Compound>
    <Compound>
        <Id>45</Id>
        <Name>2,2-dimethylheptane </Name>
        <Labels></Labels>
        <Cargos>mdl-molfile</Cargos>
        <InChI>InChI=1S/C9H20/c1-5-6-7-8-9(2,3)4/h5-8H2,1-4H3</InChI>
    </Compound>
    <Compound>
        <Id>46</Id>
        <Name>2,3-dimethylheptane </Name>
        <Labels></Labels>
        <Cargos>mdl-molfile</Cargos>
        <InChI>InChI=1S/C9H20/c1-5-6-7-9(4)8(2)3/h8-9H,5-7H2,1-4H3</InChI>
    </Compound>
    <Compound>
        <Id>47</Id>
        <Name>2,4-dimethylheptane </Name>
        <Labels></Labels>
        <Cargos>mdl-molfile</Cargos>
        <InChI>InChI=1S/C9H20/c1-5-6-9(4)7-8(2)3/h8-9H,5-7H2,1-4H3</InChI>
    </Compound>
    <Compound>
        <Id>48</Id>
        <Name>2,5-dimethylheptane </Name>
        <Labels></Labels>
        <Cargos>mdl-molfile</Cargos>
        <InChI>InChI=1S/C9H20/c1-5-9(4)7-6-8(2)3/h8-9H,5-7H2,1-4H3</InChI>
    </Compound>
    <Compound>
        <Id>49</Id>
        <Name>2,6-dimethylheptane </Name>
        <Labels></Labels>
        <Cargos>mdl-molfile</Cargos>
        <InChI>InChI=1S/C9H20/c1-8(2)6-5-7-9(3)4/h8-9H,5-7H2,1-4H3</InChI>
    </Compound>
    <Compound>
        <Id>50</Id>
        <Name>3,3-dimethylheptane </Name>
        <Labels></Labels>
        <Cargos>mdl-molfile</Cargos>
        <InChI>InChI=1S/C9H20/c1-5-7-8-9(3,4)6-2/h5-8H2,1-4H3</InChI>
    </Compound>
    <Compound>
        <Id>51</Id>
        <Name>3,4-dimethylheptane </Name>
        <Labels></Labels>
        <Cargos>mdl-molfile</Cargos>
        <InChI>InChI=1S/C9H20/c1-5-7-9(4)8(3)6-2/h8-9H,5-7H2,1-4H3</InChI>
    </Compound>
    <Compound>
        <Id>52</Id>
        <Name>3,5-dimethylheptane </Name>
        <Labels></Labels>
        <Cargos>mdl-molfile</Cargos>
        <InChI>InChI=1S/C9H20/c1-5-8(3)7-9(4)6-2/h8-9H,5-7H2,1-4H3</InChI>
    </Compound>
    <Compound>
        <Id>53</Id>
        <Name>4,4-dimethylheptane </Name>
        <Labels></Labels>
        <Cargos>mdl-molfile</Cargos>
        <InChI>InChI=1S/C9H20/c1-5-7-9(3,4)8-6-2/h5-8H2,1-4H3</InChI>
    </Compound>
    <Compound>
        <Id>54</Id>
        <Name>3-ethylheptane </Name>
        <Labels></Labels>
        <Cargos>mdl-molfile</Cargos>
        <InChI>InChI=1S/C9H20/c1-4-7-8-9(5-2)6-3/h9H,4-8H2,1-3H3</InChI>
    </Compound>
    <Compound>
        <Id>55</Id>
        <Name>4-ethylheptane </Name>
        <Labels></Labels>
        <Cargos>mdl-molfile</Cargos>
        <InChI>InChI=1S/C9H20/c1-4-7-9(6-3)8-5-2/h9H,4-8H2,1-3H3</InChI>
    </Compound>
    <Compound>
        <Id>56</Id>
        <Name>2,2,3-trimethylhexane </Name>
        <Labels></Labels>
        <Cargos>mdl-molfile</Cargos>
        <InChI>InChI=1S/C9H20/c1-6-7-8(2)9(3,4)5/h8H,6-7H2,1-5H3</InChI>
    </Compound>
    <Compound>
        <Id>57</Id>
        <Name>2,2,4-trimethylhexane </Name>
        <Labels></Labels>
        <Cargos>mdl-molfile</Cargos>
        <InChI>InChI=1S/C9H20/c1-6-8(2)7-9(3,4)5/h8H,6-7H2,1-5H3</InChI>
    </Compound>
    <Compound>
        <Id>58</Id>
        <Name>2,2,5-trimethylhexane </Name>
        <Labels></Labels>
        <Cargos>mdl-molfile</Cargos>
        <InChI>InChI=1S/C9H20/c1-8(2)6-7-9(3,4)5/h8H,6-7H2,1-5H3</InChI>
    </Compound>
    <Compound>
        <Id>59</Id>
        <Name>2,3,3-trimethylhexane </Name>
        <Labels></Labels>
        <Cargos>mdl-molfile</Cargos>
        <InChI>InChI=1S/C9H20/c1-6-7-9(4,5)8(2)3/h8H,6-7H2,1-5H3</InChI>
    </Compound>
    <Compound>
        <Id>60</Id>
        <Name>2,3,4-trimethylhexane </Name>
        <Labels></Labels>
        <Cargos>mdl-molfile</Cargos>
        <InChI>InChI=1S/C9H20/c1-6-8(4)9(5)7(2)3/h7-9H,6H2,1-5H3</InChI>
    </Compound>
    <Compound>
        <Id>61</Id>
        <Name>2,3,5-trimethylhexane </Name>
        <Labels></Labels>
        <Cargos>mdl-molfile</Cargos>
        <InChI>InChI=1S/C9H20/c1-7(2)6-9(5)8(3)4/h7-9H,6H2,1-5H3</InChI>
    </Compound>
    <Compound>
        <Id>62</Id>
        <Name>2,4,4-trimethylhexane </Name>
        <Labels></Labels>
        <Cargos>mdl-molfile</Cargos>
        <InChI>InChI=1S/C9H20/c1-6-9(4,5)7-8(2)3/h8H,6-7H2,1-5H3</InChI>
    </Compound>
    <Compound>
        <Id>63</Id>
        <Name>3,3,4-trimethylhexane </Name>
        <Labels></Labels>
        <Cargos>mdl-molfile</Cargos>
        <InChI>InChI=1S/C9H20/c1-6-8(3)9(4,5)7-2/h8H,6-7H2,1-5H3</InChI>
    </Compound>
    <Compound>
        <Id>64</Id>
        <Name>2-methyl-3-ethylhexane </Name>
        <Labels></Labels>
        <Cargos>mdl-molfile</Cargos>
        <InChI>InChI=1S/C9H20/c1-5-7-9(6-2)8(3)4/h8-9H,5-7H2,1-4H3</InChI>
    </Compound>
    <Compound>
        <Id>65</Id>
        <Name>2-methyl-4-ethylhexane </Name>
        <Labels></Labels>
        <Cargos>mdl-molfile</Cargos>
        <InChI>InChI=1S/C9H20/c1-5-9(6-2)7-8(3)4/h8-9H,5-7H2,1-4H3</InChI>
    </Compound>
    <Compound>
        <Id>66</Id>
        <Name>3-methyl-3-ethylhexane </Name>
        <Labels></Labels>
        <Cargos>mdl-molfile</Cargos>
        <InChI>InChI=1S/C9H20/c1-5-8-9(4,6-2)7-3/h5-8H2,1-4H3</InChI>
    </Compound>
    <Compound>
        <Id>67</Id>
        <Name>3-methyl-4-ethylhexane </Name>
        <Labels></Labels>
        <Cargos>mdl-molfile</Cargos>
        <InChI>InChI=1S/C9H20/c1-5-8(4)9(6-2)7-3/h8-9H,5-7H2,1-4H3</InChI>
    </Compound>
    <Compound>
        <Id>68</Id>
        <Name>2,2,3,3-tetramethylpentane </Name>
        <Labels></Labels>
        <Cargos>mdl-molfile</Cargos>
        <InChI>InChI=1S/C9H20/c1-7-9(5,6)8(2,3)4/h7H2,1-6H3</InChI>
    </Compound>
    <Compound>
        <Id>69</Id>
        <Name>2,2,3,4-tetramethylpentane </Name>
        <Labels></Labels>
        <Cargos>mdl-molfile</Cargos>
        <InChI>InChI=1S/C9H20/c1-7(2)8(3)9(4,5)6/h7-8H,1-6H3</InChI>
    </Compound>
    <Compound>
        <Id>70</Id>
        <Name>2,2,4,4-tetramethylpentane </Name>
        <Labels></Labels>
        <Cargos>mdl-molfile</Cargos>
        <InChI>InChI=1S/C9H20/c1-8(2,3)7-9(4,5)6/h7H2,1-6H3</InChI>
    </Compound>
    <Compound>
        <Id>71</Id>
        <Name>2,3,3,4-tetramethylpentane </Name>
        <Labels></Labels>
        <Cargos>mdl-molfile</Cargos>
        <InChI>InChI=1S/C9H20/c1-7(2)9(5,6)8(3)4/h7-8H,1-6H3</InChI>
    </Compound>
    <Compound>
        <Id>72</Id>
        <Name>2,2-dimethyl-3-ethylpentane </Name>
        <Labels></Labels>
        <Cargos>mdl-molfile</Cargos>
        <InChI>InChI=1S/C9H20/c1-6-8(7-2)9(3,4)5/h8H,6-7H2,1-5H3</InChI>
    </Compound>
    <Compound>
        <Id>73</Id>
        <Name>2,3-dimethyl-3-ethylpentane </Name>
        <Labels></Labels>
        <Cargos>mdl-molfile</Cargos>
        <InChI>InChI=1S/C9H20/c1-6-9(5,7-2)8(3)4/h8H,6-7H2,1-5H3</InChI>
    </Compound>
    <Compound>
        <Id>74</Id>
        <Name>2,4-dimethyl-3-ethylpentane </Name>
        <Labels></Labels>
        <Cargos>mdl-molfile</Cargos>
        <InChI>InChI=1S/C9H20/c1-6-9(7(2)3)8(4)5/h7-9H,6H2,1-5H3</InChI>
    </Compound>
    <Compound>
        <Id>75</Id>
        <Name>3,3-diethylpentane </Name>
        <Labels></Labels>
        <Cargos>mdl-molfile</Cargos>
        <InChI>InChI=1S/C9H20/c1-5-9(6-2,7-3)8-4/h5-8H2,1-4H3</InChI>
    </Compound>
    <Compound>
        <Id>76</Id>
        <Name>decane </Name>
        <Labels></Labels>
        <Cargos>mdl-molfile</Cargos>
        <InChI>InChI=1S/C10H22/c1-3-5-7-9-10-8-6-4-2/h3-10H2,1-2H3</InChI>
    </Compound>
    <Compound>
        <Id>77</Id>
        <Name>2-methylnonane </Name>
        <Labels></Labels>
        <Cargos>mdl-molfile</Cargos>
        <InChI>InChI=1S/C10H22/c1-4-5-6-7-8-9-10(2)3/h10H,4-9H2,1-3H3</InChI>
    </Compound>
    <Compound>
        <Id>78</Id>
        <Name>3-methylnonane </Name>
        <Labels></Labels>
        <Cargos>mdl-molfile</Cargos>
        <InChI>InChI=1S/C10H22/c1-4-6-7-8-9-10(3)5-2/h10H,4-9H2,1-3H3</InChI>
    </Compound>
    <Compound>
        <Id>79</Id>
        <Name>4-methylnonane </Name>
        <Labels></Labels>
        <Cargos>mdl-molfile</Cargos>
        <InChI>InChI=1S/C10H22/c1-4-6-7-9-10(3)8-5-2/h10H,4-9H2,1-3H3</InChI>
    </Compound>
    <Compound>
        <Id>80</Id>
        <Name>5-methylnonane </Name>
        <Labels></Labels>
        <Cargos>mdl-molfile</Cargos>
        <InChI>InChI=1S/C10H22/c1-4-6-8-10(3)9-7-5-2/h10H,4-9H2,1-3H3</InChI>
    </Compound>
    <Compound>
        <Id>81</Id>
        <Name>2,2-dimethyloctane </Name>
        <Labels></Labels>
        <Cargos>mdl-molfile</Cargos>
        <InChI>InChI=1S/C10H22/c1-5-6-7-8-9-10(2,3)4/h5-9H2,1-4H3</InChI>
    </Compound>
    <Compound>
        <Id>82</Id>
        <Name>2,3-dimethyloctane </Name>
        <Labels></Labels>
        <Cargos>mdl-molfile</Cargos>
        <InChI>InChI=1S/C10H22/c1-5-6-7-8-10(4)9(2)3/h9-10H,5-8H2,1-4H3</InChI>
    </Compound>
    <Compound>
        <Id>83</Id>
        <Name>2,4-dimethyloctane </Name>
        <Labels></Labels>
        <Cargos>mdl-molfile</Cargos>
        <InChI>InChI=1S/C10H22/c1-5-6-7-10(4)8-9(2)3/h9-10H,5-8H2,1-4H3</InChI>
    </Compound>
    <Compound>
        <Id>84</Id>
        <Name>2,5-dimethyloctane </Name>
        <Labels></Labels>
        <Cargos>mdl-molfile</Cargos>
        <InChI>InChI=1S/C10H22/c1-5-6-10(4)8-7-9(2)3/h9-10H,5-8H2,1-4H3</InChI>
    </Compound>
    <Compound>
        <Id>85</Id>
        <Name>2,6-dimethyloctane </Name>
        <Labels></Labels>
        <Cargos>mdl-molfile</Cargos>
        <InChI>InChI=1S/C10H22/c1-5-10(4)8-6-7-9(2)3/h9-10H,5-8H2,1-4H3</InChI>
    </Compound>
    <Compound>
        <Id>86</Id>
        <Name>2,7-dimethyloctane </Name>
        <Labels></Labels>
        <Cargos>mdl-molfile</Cargos>
        <InChI>InChI=1S/C10H22/c1-9(2)7-5-6-8-10(3)4/h9-10H,5-8H2,1-4H3</InChI>
    </Compound>
    <Compound>
        <Id>87</Id>
        <Name>3,3-dimethyloctane </Name>
        <Labels></Labels>
        <Cargos>mdl-molfile</Cargos>
        <InChI>InChI=1S/C10H22/c1-5-7-8-9-10(3,4)6-2/h5-9H2,1-4H3</InChI>
    </Compound>
    <Compound>
        <Id>88</Id>
        <Name>3,4-dimethyloctane </Name>
        <Labels></Labels>
        <Cargos>mdl-molfile</Cargos>
        <InChI>InChI=1S/C10H22/c1-5-7-8-10(4)9(3)6-2/h9-10H,5-8H2,1-4H3</InChI>
    </Compound>
    <Compound>
        <Id>89</Id>
        <Name>3,5-dimethyloctane </Name>
        <Labels></Labels>
        <Cargos>mdl-molfile</Cargos>
        <InChI>InChI=1S/C10H22/c1-5-7-10(4)8-9(3)6-2/h9-10H,5-8H2,1-4H3</InChI>
    </Compound>
    <Compound>
        <Id>90</Id>
        <Name>3,6-dimethyloctane </Name>
        <Labels></Labels>
        <Cargos>mdl-molfile</Cargos>
        <InChI>InChI=1S/C10H22/c1-5-9(3)7-8-10(4)6-2/h9-10H,5-8H2,1-4H3</InChI>
    </Compound>
    <Compound>
        <Id>91</Id>
        <Name>4,4-dimethyloctane </Name>
        <Labels></Labels>
        <Cargos>mdl-molfile</Cargos>
        <InChI>InChI=1S/C10H22/c1-5-7-9-10(3,4)8-6-2/h5-9H2,1-4H3</InChI>
    </Compound>
    <Compound>
        <Id>92</Id>
        <Name>4,5-dimethyloctane </Name>
        <Labels></Labels>
        <Cargos>mdl-molfile</Cargos>
        <InChI>InChI=1S/C10H22/c1-5-7-9(3)10(4)8-6-2/h9-10H,5-8H2,1-4H3</InChI>
    </Compound>
    <Compound>
        <Id>93</Id>
        <Name>3-ethyloctane </Name>
        <Labels></Labels>
        <Cargos>mdl-molfile</Cargos>
        <InChI>InChI=1S/C10H22/c1-4-7-8-9-10(5-2)6-3/h10H,4-9H2,1-3H3</InChI>
    </Compound>
    <Compound>
        <Id>94</Id>
        <Name>4-ethyloctane </Name>
        <Labels></Labels>
        <Cargos>mdl-molfile</Cargos>
        <InChI>InChI=1S/C10H22/c1-4-7-9-10(6-3)8-5-2/h10H,4-9H2,1-3H3</InChI>
    </Compound>
    <Compound>
        <Id>95</Id>
        <Name>2,2,3-trimethylheptane </Name>
        <Labels></Labels>
        <Cargos>mdl-molfile</Cargos>
        <InChI>InChI=1S/C10H22/c1-6-7-8-9(2)10(3,4)5/h9H,6-8H2,1-5H3</InChI>
    </Compound>
    <Compound>
        <Id>96</Id>
        <Name>2,2,4-trimethylheptane </Name>
        <Labels></Labels>
        <Cargos>mdl-molfile</Cargos>
        <InChI>InChI=1S/C10H22/c1-6-7-9(2)8-10(3,4)5/h9H,6-8H2,1-5H3</InChI>
    </Compound>
    <Compound>
        <Id>97</Id>
        <Name>2,2,5-trimethylheptane </Name>
        <Labels></Labels>
        <Cargos>mdl-molfile</Cargos>
        <InChI>InChI=1S/C10H22/c1-6-9(2)7-8-10(3,4)5/h9H,6-8H2,1-5H3</InChI>
    </Compound>
    <Compound>
        <Id>98</Id>
        <Name>2,2,6-trimethylheptane </Name>
        <Labels></Labels>
        <Cargos>mdl-molfile</Cargos>
        <InChI>InChI=1S/C10H22/c1-9(2)7-6-8-10(3,4)5/h9H,6-8H2,1-5H3</InChI>
    </Compound>
    <Compound>
        <Id>99</Id>
        <Name>2,3,3-trimethylheptane </Name>
        <Labels></Labels>
        <Cargos>mdl-molfile</Cargos>
        <InChI>InChI=1S/C10H22/c1-6-7-8-10(4,5)9(2)3/h9H,6-8H2,1-5H3</InChI>
    </Compound>
    <Compound>
        <Id>100</Id>
        <Name>2,3,4-trimethylheptane </Name>
        <Labels></Labels>
        <Cargos>mdl-molfile</Cargos>
        <InChI>InChI=1S/C10H22/c1-6-7-9(4)10(5)8(2)3/h8-10H,6-7H2,1-5H3</InChI>
    </Compound>
    <Compound>
        <Id>101</Id>
        <Name>2,3,5-trimethylheptane </Name>
        <Labels></Labels>
        <Cargos>mdl-molfile</Cargos>
        <InChI>InChI=1S/C10H22/c1-6-9(4)7-10(5)8(2)3/h8-10H,6-7H2,1-5H3</InChI>
    </Compound>
    <Compound>
        <Id>102</Id>
        <Name>2,3,6-trimethylheptane </Name>
        <Labels></Labels>
        <Cargos>mdl-molfile</Cargos>
        <InChI>InChI=1S/C10H22/c1-8(2)6-7-10(5)9(3)4/h8-10H,6-7H2,1-5H3</InChI>
    </Compound>
    <Compound>
        <Id>103</Id>
        <Name>2,4,4-trimethylheptane </Name>
        <Labels></Labels>
        <Cargos>mdl-molfile</Cargos>
        <InChI>InChI=1S/C10H22/c1-6-7-10(4,5)8-9(2)3/h9H,6-8H2,1-5H3</InChI>
    </Compound>
    <Compound>
        <Id>104</Id>
        <Name>2,4,5-trimethylheptane </Name>
        <Labels></Labels>
        <Cargos>mdl-molfile</Cargos>
        <InChI>InChI=1S/C10H22/c1-6-9(4)10(5)7-8(2)3/h8-10H,6-7H2,1-5H3</InChI>
    </Compound>
    <Compound>
        <Id>105</Id>
        <Name>2,4,6-trimethylheptane </Name>
        <Labels></Labels>
        <Cargos>mdl-molfile</Cargos>
        <InChI>InChI=1S/C10H22/c1-8(2)6-10(5)7-9(3)4/h8-10H,6-7H2,1-5H3</InChI>
    </Compound>
    <Compound>
        <Id>106</Id>
        <Name>2,5,5-trimethylheptane </Name>
        <Labels></Labels>
        <Cargos>mdl-molfile</Cargos>
        <InChI>InChI=1S/C10H22/c1-6-10(4,5)8-7-9(2)3/h9H,6-8H2,1-5H3</InChI>
    </Compound>
    <Compound>
        <Id>107</Id>
        <Name>3,3,4-trimethylheptane </Name>
        <Labels></Labels>
        <Cargos>mdl-molfile</Cargos>
        <InChI>InChI=1S/C10H22/c1-6-8-9(3)10(4,5)7-2/h9H,6-8H2,1-5H3</InChI>
    </Compound>
    <Compound>
        <Id>108</Id>
        <Name>3,3,5-trimethylheptane </Name>
        <Labels></Labels>
        <Cargos>mdl-molfile</Cargos>
        <InChI>InChI=1S/C10H22/c1-6-9(3)8-10(4,5)7-2/h9H,6-8H2,1-5H3</InChI>
    </Compound>
    <Compound>
        <Id>109</Id>
        <Name>3,4,4-trimethylheptane </Name>
        <Labels></Labels>
        <Cargos>mdl-molfile</Cargos>
        <InChI>InChI=1S/C10H22/c1-6-8-10(4,5)9(3)7-2/h9H,6-8H2,1-5H3</InChI>
    </Compound>
    <Compound>
        <Id>110</Id>
        <Name>3,4,5-trimethylheptane </Name>
        <Labels></Labels>
        <Cargos>mdl-molfile</Cargos>
        <InChI>InChI=1S/C10H22/c1-6-8(3)10(5)9(4)7-2/h8-10H,6-7H2,1-5H3</InChI>
    </Compound>
    <Compound>
        <Id>111</Id>
        <Name>2-methyl-3-ethylheptane </Name>
        <Labels></Labels>
        <Cargos>mdl-molfile</Cargos>
        <InChI>InChI=1S/C10H22/c1-5-7-8-10(6-2)9(3)4/h9-10H,5-8H2,1-4H3</InChI>
    </Compound>
    <Compound>
        <Id>112</Id>
        <Name>2-methyl-4-ethylheptane </Name>
        <Labels></Labels>
        <Cargos>mdl-molfile</Cargos>
        <InChI>InChI=1S/C10H22/c1-5-7-10(6-2)8-9(3)4/h9-10H,5-8H2,1-4H3</InChI>
    </Compound>
    <Compound>
        <Id>113</Id>
        <Name>2-methyl-5-ethylheptane </Name>
        <Labels></Labels>
        <Cargos>mdl-molfile</Cargos>
        <InChI>InChI=1S/C10H22/c1-5-10(6-2)8-7-9(3)4/h9-10H,5-8H2,1-4H3</InChI>
    </Compound>
    <Compound>
        <Id>114</Id>
        <Name>3-methyl-3-ethylheptane </Name>
        <Labels></Labels>
        <Cargos>mdl-molfile</Cargos>
        <InChI>InChI=1S/C10H22/c1-5-8-9-10(4,6-2)7-3/h5-9H2,1-4H3</InChI>
    </Compound>
    <Compound>
        <Id>115</Id>
        <Name>3-methyl-4-ethylheptane </Name>
        <Labels></Labels>
        <Cargos>mdl-molfile</Cargos>
        <InChI>InChI=1S/C10H22/c1-5-8-10(7-3)9(4)6-2/h9-10H,5-8H2,1-4H3</InChI>
    </Compound>
    <Compound>
        <Id>116</Id>
        <Name>3-methyl-5-ethylheptane </Name>
        <Labels></Labels>
        <Cargos>mdl-molfile</Cargos>
        <InChI>InChI=1S/C10H22/c1-5-9(4)8-10(6-2)7-3/h9-10H,5-8H2,1-4H3</InChI>
    </Compound>
    <Compound>
        <Id>117</Id>
        <Name>4-methyl-3-ethylheptane </Name>
        <Labels></Labels>
        <Cargos>mdl-molfile</Cargos>
        <InChI>InChI=1S/C10H22/c1-5-8-9(4)10(6-2)7-3/h9-10H,5-8H2,1-4H3</InChI>
    </Compound>
    <Compound>
        <Id>118</Id>
        <Name>4-methyl-4-ethylheptane </Name>
        <Labels></Labels>
        <Cargos>mdl-molfile</Cargos>
        <InChI>InChI=1S/C10H22/c1-5-8-10(4,7-3)9-6-2/h5-9H2,1-4H3</InChI>
    </Compound>
    <Compound>
        <Id>119</Id>
        <Name>4-propylheptane </Name>
        <Labels></Labels>
        <Cargos>mdl-molfile</Cargos>
        <InChI>InChI=1S/C10H22/c1-4-7-10(8-5-2)9-6-3/h10H,4-9H2,1-3H3</InChI>
    </Compound>
    <Compound>
        <Id>120</Id>
        <Name>4-isopropylheptane </Name>
        <Labels></Labels>
        <Cargos>mdl-molfile</Cargos>
        <InChI>InChI=1S/C10H22/c1-5-7-10(8-6-2)9(3)4/h9-10H,5-8H2,1-4H3</InChI>
    </Compound>
    <Compound>
        <Id>121</Id>
        <Name>2,2,3,3-tetramethylhexane </Name>
        <Labels></Labels>
        <Cargos>mdl-molfile</Cargos>
        <InChI>InChI=1S/C10H22/c1-7-8-10(5,6)9(2,3)4/h7-8H2,1-6H3</InChI>
    </Compound>
    <Compound>
        <Id>122</Id>
        <Name>2,2,3,4-tetramethylhexane </Name>
        <Labels></Labels>
        <Cargos>mdl-molfile</Cargos>
        <InChI>InChI=1S/C10H22/c1-7-8(2)9(3)10(4,5)6/h8-9H,7H2,1-6H3</InChI>
    </Compound>
    <Compound>
        <Id>123</Id>
        <Name>2,2,3,5-tetramethylhexane </Name>
        <Labels></Labels>
        <Cargos>mdl-molfile</Cargos>
        <InChI>InChI=1S/C10H22/c1-8(2)7-9(3)10(4,5)6/h8-9H,7H2,1-6H3</InChI>
    </Compound>
    <Compound>
        <Id>124</Id>
        <Name>2,2,4,4-tetramethylhexane </Name>
        <Labels></Labels>
        <Cargos>mdl-molfile</Cargos>
        <InChI>InChI=1S/C10H22/c1-7-10(5,6)8-9(2,3)4/h7-8H2,1-6H3</InChI>
    </Compound>
    <Compound>
        <Id>125</Id>
        <Name>2,2,4,5-tetramethylhexane </Name>
        <Labels></Labels>
        <Cargos>mdl-molfile</Cargos>
        <InChI>InChI=1S/C10H22/c1-8(2)9(3)7-10(4,5)6/h8-9H,7H2,1-6H3</InChI>
    </Compound>
    <Compound>
        <Id>126</Id>
        <Name>2,2,5,5-tetramethylhexane </Name>
        <Labels></Labels>
        <Cargos>mdl-molfile</Cargos>
        <InChI>InChI=1S/C10H22/c1-9(2,3)7-8-10(4,5)6/h7-8H2,1-6H3</InChI>
    </Compound>
    <Compound>
        <Id>127</Id>
        <Name>2,3,3,4-tetramethylhexane </Name>
        <Labels></Labels>
        <Cargos>mdl-molfile</Cargos>
        <InChI>InChI=1S/C10H22/c1-7-9(4)10(5,6)8(2)3/h8-9H,7H2,1-6H3</InChI>
    </Compound>
    <Compound>
        <Id>128</Id>
        <Name>2,3,3,5-tetramethylhexane </Name>
        <Labels></Labels>
        <Cargos>mdl-molfile</Cargos>
        <InChI>InChI=1S/C10H22/c1-8(2)7-10(5,6)9(3)4/h8-9H,7H2,1-6H3</InChI>
    </Compound>
    <Compound>
        <Id>129</Id>
        <Name>2,3,4,4-tetramethylhexane </Name>
        <Labels></Labels>
        <Cargos>mdl-molfile</Cargos>
        <InChI>InChI=1S/C10H22/c1-7-10(5,6)9(4)8(2)3/h8-9H,7H2,1-6H3</InChI>
    </Compound>
    <Compound>
        <Id>130</Id>
        <Name>2,3,4,5-tetramethylhexane </Name>
        <Labels></Labels>
        <Cargos>mdl-molfile</Cargos>
        <InChI>InChI=1S/C10H22/c1-7(2)9(5)10(6)8(3)4/h7-10H,1-6H3</InChI>
    </Compound>
    <Compound>
        <Id>131</Id>
        <Name>3,3,4,4-tetramethylhexane </Name>
        <Labels></Labels>
        <Cargos>mdl-molfile</Cargos>
        <InChI>InChI=1S/C10H22/c1-7-9(3,4)10(5,6)8-2/h7-8H2,1-6H3</InChI>
    </Compound>
    <Compound>
        <Id>132</Id>
        <Name>2,2-dimethyl-3-ethylhexane </Name>
        <Labels></Labels>
        <Cargos>mdl-molfile</Cargos>
        <InChI>InChI=1S/C10H22/c1-6-8-9(7-2)10(3,4)5/h9H,6-8H2,1-5H3</InChI>
    </Compound>
    <Compound>
        <Id>133</Id>
        <Name>2,2-dimethyl-4-ethylhexane </Name>
        <Labels></Labels>
        <Cargos>mdl-molfile</Cargos>
        <InChI>InChI=1S/C10H22/c1-6-9(7-2)8-10(3,4)5/h9H,6-8H2,1-5H3</InChI>
    </Compound>
    <Compound>
        <Id>134</Id>
        <Name>2,3-dimethyl-3-ethylhexane </Name>
        <Labels></Labels>
        <Cargos>mdl-molfile</Cargos>
        <InChI>InChI=1S/C10H22/c1-6-8-10(5,7-2)9(3)4/h9H,6-8H2,1-5H3</InChI>
    </Compound>
    <Compound>
        <Id>135</Id>
        <Name>2,3-dimethyl-4-ethylhexane </Name>
        <Labels></Labels>
        <Cargos>mdl-molfile</Cargos>
        <InChI>InChI=1S/C10H22/c1-6-10(7-2)9(5)8(3)4/h8-10H,6-7H2,1-5H3</InChI>
    </Compound>
    <Compound>
        <Id>136</Id>
        <Name>2,4-dimethyl-3-ethylhexane </Name>
        <Labels></Labels>
        <Cargos>mdl-molfile</Cargos>
        <InChI>InChI=1S/C10H22/c1-6-9(5)10(7-2)8(3)4/h8-10H,6-7H2,1-5H3</InChI>
    </Compound>
    <Compound>
        <Id>137</Id>
        <Name>2,4-dimethyl-4-ethylhexane </Name>
        <Labels></Labels>
        <Cargos>mdl-molfile</Cargos>
        <InChI>InChI=1S/C10H22/c1-6-10(5,7-2)8-9(3)4/h9H,6-8H2,1-5H3</InChI>
    </Compound>
    <Compound>
        <Id>138</Id>
        <Name>2,5-dimethyl-3-ethylhexane </Name>
        <Labels></Labels>
        <Cargos>mdl-molfile</Cargos>
        <InChI>InChI=1S/C10H22/c1-6-10(9(4)5)7-8(2)3/h8-10H,6-7H2,1-5H3</InChI>
    </Compound>
    <Compound>
        <Id>139</Id>
        <Name>3,3-dimethyl-4-ethylhexane </Name>
        <Labels></Labels>
        <Cargos>mdl-molfile</Cargos>
        <InChI>InChI=1S/C10H22/c1-6-9(7-2)10(4,5)8-3/h9H,6-8H2,1-5H3</InChI>
    </Compound>
    <Compound>
        <Id>140</Id>
        <Name>3,4-dimethyl-3-ethylhexane </Name>
        <Labels></Labels>
        <Cargos>mdl-molfile</Cargos>
        <InChI>InChI=1S/C10H22/c1-6-9(4)10(5,7-2)8-3/h9H,6-8H2,1-5H3</InChI>
    </Compound>
    <Compound>
        <Id>141</Id>
        <Name>3,3-diethylhexane </Name>
        <Labels></Labels>
        <Cargos>mdl-molfile</Cargos>
        <InChI>InChI=1S/C10H22/c1-5-9-10(6-2,7-3)8-4/h5-9H2,1-4H3</InChI>
    </Compound>
    <Compound>
        <Id>142</Id>
        <Name>3,4-diethylhexane </Name>
        <Labels></Labels>
        <Cargos>mdl-molfile</Cargos>
        <InChI>InChI=1S/C10H22/c1-5-9(6-2)10(7-3)8-4/h9-10H,5-8H2,1-4H3</InChI>
    </Compound>
    <Compound>
        <Id>143</Id>
        <Name>2-methyl-3-isopropylhexane </Name>
        <Labels></Labels>
        <Cargos>mdl-molfile</Cargos>
        <InChI>InChI=1S/C10H22/c1-6-7-10(8(2)3)9(4)5/h8-10H,6-7H2,1-5H3</InChI>
    </Compound>
    <Compound>
        <Id>144</Id>
        <Name>2,2,3,3,4-pentamethylpentane </Name>
        <Labels></Labels>
        <Cargos>mdl-molfile</Cargos>
        <InChI>InChI=1S/C10H22/c1-8(2)10(6,7)9(3,4)5/h8H,1-7H3</InChI>
    </Compound>
    <Compound>
        <Id>145</Id>
        <Name>2,2,3,4,4-pentamethylpentane </Name>
        <Labels></Labels>
        <Cargos>mdl-molfile</Cargos>
        <InChI>InChI=1S/C10H22/c1-8(9(2,3)4)10(5,6)7/h8H,1-7H3</InChI>
    </Compound>
    <Compound>
        <Id>146</Id>
        <Name>2,2,3-trimethyl-3-ethylpentane </Name>
        <Labels></Labels>
        <Cargos>mdl-molfile</Cargos>
        <InChI>InChI=1S/C10H22/c1-7-10(6,8-2)9(3,4)5/h7-8H2,1-6H3</InChI>
    </Compound>
    <Compound>
        <Id>147</Id>
        <Name>2,2,4-trimethyl-3-ethylpentane </Name>
        <Labels></Labels>
        <Cargos>mdl-molfile</Cargos>
        <InChI>InChI=1S/C10H22/c1-7-9(8(2)3)10(4,5)6/h8-9H,7H2,1-6H3</InChI>
    </Compound>
    <Compound>
        <Id>148</Id>
        <Name>2,3,4-trimethyl-3-ethylpentane </Name>
        <Labels></Labels>
        <Cargos>mdl-molfile</Cargos>
        <InChI>InChI=1S/C10H22/c1-7-10(6,8(2)3)9(4)5/h8-9H,7H2,1-6H3</InChI>
    </Compound>
    <Compound>
        <Id>149</Id>
        <Name>2-methyl-3,3-diethylpentane </Name>
        <Labels></Labels>
        <Cargos>mdl-molfile</Cargos>
        <InChI>InChI=1S/C10H22/c1-6-10(7-2,8-3)9(4)5/h9H,6-8H2,1-5H3</InChI>
    </Compound>
    <Compound>
        <Id>150</Id>
        <Name>2,4-dimethyl-3-isopropylpentane </Name>
        <Labels></Labels>
        <Cargos>mdl-molfile</Cargos>
        <InChI>InChI=1S/C10H22/c1-7(2)10(8(3)4)9(5)6/h7-10H,1-6H3</InChI>
    </Compound>
</CompoundRegistry>
