<?xml version="1.0" encoding="UTF-8" standalone="yes"?>
<DescriptorRegistry xmlns="http://www.qsardb.org/QDB">
    <Descriptor>
        <Id>m11</Id>
        <Name>MEDV-11</Name>
        <Labels></Labels>
        <Cargos>values</Cargos>
    </Descriptor>
    <Descriptor>
        <Id>m12</Id>
        <Name>MEDV-12</Name>
        <Labels></Labels>
        <Cargos>values</Cargos>
    </Descriptor>
    <Descriptor>
        <Id>m13</Id>
        <Name>MEDV-13</Name>
        <Labels></Labels>
        <Cargos>values</Cargos>
    </Descriptor>
    <Descriptor>
        <Id>m14</Id>
        <Name>MEDV-14</Name>
        <Labels></Labels>
        <Cargos>values</Cargos>
    </Descriptor>
    <Descriptor>
        <Id>m22</Id>
        <Name>MEDV-22</Name>
        <Labels></Labels>
        <Cargos>values</Cargos>
    </Descriptor>
    <Descriptor>
        <Id>m23</Id>
        <Name>MEDV-23</Name>
        <Labels></Labels>
        <Cargos>values</Cargos>
    </Descriptor>
    <Descriptor>
        <Id>m24</Id>
        <Name>MEDV-24</Name>
        <Labels></Labels>
        <Cargos>values</Cargos>
    </Descriptor>
    <Descriptor>
        <Id>m33</Id>
        <Name>MEDV-33</Name>
        <Labels></Labels>
        <Cargos>values</Cargos>
    </Descriptor>
    <Descriptor>
        <Id>m34</Id>
        <Name>MEDV-34</Name>
        <Labels></Labels>
        <Cargos>values</Cargos>
    </Descriptor>
    <Descriptor>
        <Id>m44</Id>
        <Name>MEDV-44</Name>
        <Labels></Labels>
        <Cargos>values</Cargos>
    </Descriptor>
</DescriptorRegistry>
