<?xml version="1.0" encoding="UTF-8" standalone="yes"?>
<ModelRegistry xmlns="http://www.qsardb.org/QDB">
    <Model>
        <Id>Eq.(i)</Id>
        <Name>Full model, descriptors from DRAGON</Name>
        <Description>In order to predict chemicals without experimental activity it is suggested to use the full model developed from all available (n=460) chemicals with wider domain of applicability. Robustness: Q2LOO = 0.819; Q2BOOT = 0.817; RMSECV = 0.43</Description>
        <Labels></Labels>
        <Cargos>pmml bibtex</Cargos>
        <PropertyId>pk(OH)</PropertyId>
    </Model>
    <Model>
        <Id>Tab1.D1</Id>
        <Name>Model with descripors from DRAGON, split by K-ANN</Name>
        <Description>Kohonen Artificial Neural Network (K-ANN) Structural information from DRAGON descriptors and response were used as variables to build a Kohonen map (12 3 12 neurons, 500 epochs). Selection of the training set chemicals was performed by the minimal distance from the centroid of each cell in the top map. The remaining objects were used for the prediction set.</Description>
        <Labels></Labels>
        <Cargos>pmml bibtex</Cargos>
        <PropertyId>pk(OH)</PropertyId>
    </Model>
    <Model>
        <Id>Tab1.D2</Id>
        <Name>Model with descripors from DRAGON, split by Random selection by response</Name>
        <Description>The random by response splitting was obtained by ordering the chemicals according to their descending kinetic constant value, and then putting the most and the least reactive in the training set and one out every two chemicals in the prediction set (50% of the full dataset).</Description>
        <Labels></Labels>
        <Cargos>pmml bibtex</Cargos>
        <PropertyId>pk(OH)</PropertyId>
    </Model>
    <Model>
        <Id>Tab1.D3</Id>
        <Name>Model with descripors from DRAGON, split by K-means clustering</Name>
        <Description>K-means clustering was based on the standardized predictor variables (DRAGON zero-, mono-, and bi-dimensional descriptors). Data was grouped into chemical classes as determined by the supplied number of clusters (K) employing the similarity principle. Representatives into training and prediction sets were selected randomly from the members of each cluster.</Description>
        <Labels></Labels>
        <Cargos>pmml bibtex</Cargos>
        <PropertyId>pk(OH)</PropertyId>
    </Model>
    <Model>
        <Id>Eq.(ii)</Id>
        <Name>Full model, descriptors from QSPR-THESAURUS</Name>
        <Description>In order to predict chemicals without experimental activity it is suggested to use the full model developed from all available (n=460) chemicals with wider domain of applicability. Robustness: Q2LOO = 0.801; Q2BOOT = 0.797; RMSECV = 0.45</Description>
        <Labels></Labels>
        <Cargos>pmml bibtex</Cargos>
        <PropertyId>pk(OH)</PropertyId>
    </Model>
    <Model>
        <Id>Tab1.O1</Id>
        <Name>Model with descriptors from QSPR-THESAURUS, split by K-ANN</Name>
        <Description>Kohonen Artificial Neural Network (K-ANN) Structural information from DRAGON descriptors and response were used as variables to build a Kohonen map (12 3 12 neurons, 500 epochs). Selection of the training set chemicals was performed by the minimal distance from the centroid of each cell in the top map. The remaining objects were used for the prediction set.</Description>
        <Labels></Labels>
        <Cargos>pmml bibtex</Cargos>
        <PropertyId>pk(OH)</PropertyId>
    </Model>
    <Model>
        <Id>Tab1.O2</Id>
        <Name>Model with descriptors from QSPR-THESAURUS, split by Random selection by response</Name>
        <Description>The random by response splitting was obtained by ordering the chemicals according to their descending kinetic constant value, and then putting the most and the least reactive in the training set and one out every two chemicals in the prediction set (50% of the full dataset).</Description>
        <Labels></Labels>
        <Cargos>pmml bibtex</Cargos>
        <PropertyId>pk(OH)</PropertyId>
    </Model>
    <Model>
        <Id>Tab1.O3</Id>
        <Name>Model with descriptors from QSPR-THESAURUS, split by K-means clustering</Name>
        <Description>K-means clustering was based on the standardized predictor variables (DRAGON zero-, mono-, and bi-dimensional descriptors). Data was grouped into chemical classes as determined by the supplied number of clusters (K) employing the similarity principle. Representatives into training and prediction sets were selected randomly from the members of each cluster.</Description>
        <Labels></Labels>
        <Cargos>pmml bibtex</Cargos>
        <PropertyId>pk(OH)</PropertyId>
    </Model>
</ModelRegistry>
