<?xml version="1.0" encoding="UTF-8" standalone="yes"?>
<DescriptorRegistry xmlns="http://www.qsardb.org/QDB">
    <Descriptor>
        <Id>nN_natom</Id>
        <Name>Relative number of N atoms</Name>
        <Labels></Labels>
        <Cargos>values</Cargos>
        <Application>Codessa 2.7.16</Application>
    </Descriptor>
    <Descriptor>
        <Id>nNO2</Id>
        <Name>Number of NO2 groups</Name>
        <Labels></Labels>
        <Cargos>values</Cargos>
        <Application></Application>
    </Descriptor>
    <Descriptor>
        <Id>nsingle</Id>
        <Name>Number of single bonds</Name>
        <Description>The number of single bonds in the original article was determined from bond distances of DFT calculations. Due to conjugation, the number of single bonds might be different when calculated directly from  SMILES.</Description>
        <Labels></Labels>
        <Cargos>values</Cargos>
        <Application>Codessa 2.7.16</Application>
    </Descriptor>
</DescriptorRegistry>
