{"algorithm": "rf", "dataset": "Lipophilicity-ID.csv", "task_type": "regression", "target_name": "exp", "feat_meth": [0, 2], "random_seed": 35, "opt_iter": null, "cv_folds": null, "tuned": false, "run_name": "RL020_20210514-173209", "date": "05/14/2021 17:32:09", "tune_time": null, "mysql_params": {"user": "user", "password": "dolphin", "host": "localhost", "database": "featurized_datasets"}, "neo4j_params": null, "selected_feat_string": "rdkit2d-morgan3counts", "feat_method_name": ["rdkit2d", "morgan3counts"], "feat_time": 5.331271648406982, "test_percent": 0.2, "val_percent": 0, "scaler_method": "standard", "feature_list": ["BalabanJ", "BertzCT", "Chi0", "Chi0n", "Chi0v", "Chi1", "Chi1n", "Chi1v", "Chi2n", "Chi2v", "Chi3n", "Chi3v", "Chi4n", "Chi4v", "EState_VSA1", "EState_VSA10", "EState_VSA11", "EState_VSA2", "EState_VSA3", "EState_VSA4", "EState_VSA5", "EState_VSA6", "EState_VSA7", "EState_VSA8", "EState_VSA9", "ExactMolWt", "FpDensityMorgan1", "FpDensityMorgan2", "FpDensityMorgan3", "FractionCSP3", "HallKierAlpha", "HeavyAtomCount", "HeavyAtomMolWt", "Ipc", "Kappa1", "Kappa2", "Kappa3", "LabuteASA", "MaxAbsEStateIndex", "MaxAbsPartialCharge", "MaxEStateIndex", "MaxPartialCharge", "MinAbsEStateIndex", "MinAbsPartialCharge", "MinEStateIndex", "MinPartialCharge", "MolMR", "MolWt", "NHOHCount", "NOCount", "NumAliphaticCarbocycles", "NumAliphaticHeterocycles", "NumAliphaticRings", "NumAromaticCarbocycles", "NumAromaticHeterocycles", "NumAromaticRings", "NumHAcceptors", "NumHDonors", "NumHeteroatoms", "NumRadicalElectrons", "NumRotatableBonds", "NumSaturatedCarbocycles", "NumSaturatedHeterocycles", "NumSaturatedRings", "NumValenceElectrons", "PEOE_VSA1", "PEOE_VSA10", "PEOE_VSA11", "PEOE_VSA12", "PEOE_VSA13", "PEOE_VSA14", "PEOE_VSA2", "PEOE_VSA3", "PEOE_VSA4", "PEOE_VSA5", "PEOE_VSA6", "PEOE_VSA7", "PEOE_VSA8", "PEOE_VSA9", "RingCount", "SMR_VSA1", "SMR_VSA10", "SMR_VSA2", "SMR_VSA3", "SMR_VSA4", "SMR_VSA5", "SMR_VSA6", "SMR_VSA7", "SMR_VSA8", "SMR_VSA9", "TPSA", "VSA_EState1", "VSA_EState10", "VSA_EState2", "VSA_EState3", "VSA_EState4", "VSA_EState5", "VSA_EState6", "VSA_EState7", "VSA_EState8", "VSA_EState9", "fr_Al_COO", "fr_Al_OH", "fr_Al_OH_noTert", "fr_ArN", "fr_Ar_COO", "fr_Ar_N", "fr_Ar_NH", "fr_Ar_OH", "fr_COO", "fr_COO2", "fr_C_O", "fr_C_O_noCOO", "fr_C_S", "fr_HOCCN", "fr_Imine", "fr_NH0", "fr_NH1", "fr_NH2", "fr_N_O", "fr_Ndealkylation1", "fr_Ndealkylation2", "fr_Nhpyrrole", "fr_SH", "fr_aldehyde", "fr_alkyl_carbamate", "fr_alkyl_halide", "fr_allylic_oxid", "fr_amide", "fr_amidine", "fr_aniline", "fr_aryl_methyl", "fr_azide", "fr_azo", "fr_barbitur", "fr_benzene", "fr_benzodiazepine", "fr_bicyclic", "fr_diazo", "fr_dihydropyridine", "fr_epoxide", "fr_ester", "fr_ether", "fr_furan", "fr_guanido", "fr_halogen", "fr_hdrzine", "fr_hdrzone", "fr_imidazole", "fr_imide", "fr_isocyan", "fr_isothiocyan", "fr_ketone", "fr_ketone_Topliss", "fr_lactam", "fr_lactone", "fr_methoxy", "fr_morpholine", "fr_nitrile", "fr_nitro", "fr_nitro_arom", "fr_nitro_arom_nonortho", "fr_nitroso", "fr_oxazole", "fr_oxime", "fr_para_hydroxylation", "fr_phenol", "fr_phenol_noOrthoHbond", "fr_phos_acid", "fr_phos_ester", "fr_piperdine", "fr_piperzine", "fr_priamide", "fr_prisulfonamd", "fr_pyridine", "fr_quatN", "fr_sulfide", "fr_sulfonamd", "fr_sulfone", "fr_term_acetylene", "fr_tetrazole", "fr_thiazole", "fr_thiocyan", "fr_thiophene", "fr_unbrch_alkane", "fr_urea", "qed", "m3-0", "m3-1", "m3-2", "m3-3", "m3-4", "m3-5", "m3-6", "m3-7", "m3-8", "m3-9", "m3-10", "m3-11", "m3-12", "m3-13", "m3-14", "m3-15", "m3-16", "m3-17", "m3-18", "m3-19", "m3-20", "m3-21", "m3-22", "m3-23", "m3-24", "m3-25", "m3-26", "m3-27", "m3-28", "m3-29", "m3-30", "m3-31", "m3-32", "m3-33", "m3-34", "m3-35", "m3-36", "m3-37", "m3-38", "m3-39", "m3-40", "m3-41", "m3-42", "m3-43", "m3-44", "m3-45", "m3-46", "m3-47", "m3-48", "m3-49", "m3-50", "m3-51", "m3-52", "m3-53", "m3-54", "m3-55", "m3-56", "m3-57", "m3-58", "m3-59", "m3-60", "m3-61", "m3-62", "m3-63", "m3-64", "m3-65", "m3-66", "m3-67", "m3-68", "m3-69", "m3-70", "m3-71", "m3-72", "m3-73", "m3-74", "m3-75", "m3-76", "m3-77", "m3-78", "m3-79", "m3-80", "m3-81", "m3-82", "m3-83", "m3-84", "m3-85", "m3-86", "m3-87", "m3-88", "m3-89", "m3-90", "m3-91", "m3-92", "m3-93", "m3-94", "m3-95", "m3-96", "m3-97", "m3-98", "m3-99", "m3-100", "m3-101", "m3-102", "m3-103", "m3-104", "m3-105", "m3-106", "m3-107", "m3-108", "m3-109", "m3-110", "m3-111", "m3-112", "m3-113", "m3-114", "m3-115", "m3-116", "m3-117", "m3-118", "m3-119", "m3-120", "m3-121", "m3-122", "m3-123", "m3-124", "m3-125", "m3-126", "m3-127", "m3-128", "m3-129", "m3-130", "m3-131", "m3-132", "m3-133", "m3-134", "m3-135", "m3-136", "m3-137", "m3-138", "m3-139", "m3-140", "m3-141", "m3-142", "m3-143", "m3-144", "m3-145", "m3-146", "m3-147", "m3-148", "m3-149", "m3-150", "m3-151", "m3-152", "m3-153", "m3-154", "m3-155", "m3-156", "m3-157", "m3-158", "m3-159", "m3-160", "m3-161", "m3-162", "m3-163", "m3-164", "m3-165", "m3-166", "m3-167", "m3-168", "m3-169", "m3-170", "m3-171", "m3-172", "m3-173", "m3-174", "m3-175", "m3-176", "m3-177", "m3-178", "m3-179", "m3-180", "m3-181", "m3-182", "m3-183", "m3-184", "m3-185", "m3-186", "m3-187", "m3-188", "m3-189", "m3-190", "m3-191", "m3-192", "m3-193", "m3-194", "m3-195", "m3-196", "m3-197", "m3-198", "m3-199", "m3-200", "m3-201", "m3-202", "m3-203", "m3-204", "m3-205", "m3-206", "m3-207", "m3-208", "m3-209", "m3-210", "m3-211", "m3-212", "m3-213", "m3-214", "m3-215", "m3-216", "m3-217", "m3-218", "m3-219", "m3-220", "m3-221", "m3-222", "m3-223", "m3-224", "m3-225", "m3-226", "m3-227", "m3-228", "m3-229", "m3-230", "m3-231", "m3-232", "m3-233", "m3-234", "m3-235", "m3-236", "m3-237", "m3-238", "m3-239", "m3-240", "m3-241", "m3-242", "m3-243", "m3-244", "m3-245", "m3-246", "m3-247", "m3-248", "m3-249", "m3-250", "m3-251", "m3-252", "m3-253", "m3-254", "m3-255", "m3-256", "m3-257", "m3-258", "m3-259", "m3-260", "m3-261", "m3-262", "m3-263", "m3-264", "m3-265", "m3-266", "m3-267", "m3-268", "m3-269", "m3-270", "m3-271", "m3-272", "m3-273", "m3-274", "m3-275", "m3-276", "m3-277", "m3-278", "m3-279", "m3-280", "m3-281", "m3-282", "m3-283", "m3-284", "m3-285", "m3-286", "m3-287", "m3-288", "m3-289", "m3-290", "m3-291", "m3-292", "m3-293", "m3-294", "m3-295", "m3-296", "m3-297", "m3-298", "m3-299", "m3-300", "m3-301", "m3-302", "m3-303", "m3-304", "m3-305", "m3-306", "m3-307", "m3-308", "m3-309", "m3-310", "m3-311", "m3-312", "m3-313", "m3-314", "m3-315", "m3-316", "m3-317", "m3-318", "m3-319", "m3-320", "m3-321", "m3-322", "m3-323", "m3-324", "m3-325", "m3-326", "m3-327", "m3-328", "m3-329", "m3-330", "m3-331", "m3-332", "m3-333", "m3-334", "m3-335", "m3-336", "m3-337", "m3-338", "m3-339", "m3-340", "m3-341", "m3-342", "m3-343", "m3-344", "m3-345", "m3-346", "m3-347", "m3-348", "m3-349", "m3-350", "m3-351", "m3-352", "m3-353", "m3-354", "m3-355", "m3-356", "m3-357", "m3-358", "m3-359", "m3-360", "m3-361", "m3-362", "m3-363", "m3-364", "m3-365", "m3-366", "m3-367", "m3-368", "m3-369", "m3-370", "m3-371", "m3-372", "m3-373", "m3-374", "m3-375", "m3-376", "m3-377", "m3-378", "m3-379", "m3-380", "m3-381", "m3-382", "m3-383", "m3-384", "m3-385", "m3-386", "m3-387", "m3-388", "m3-389", "m3-390", "m3-391", "m3-392", "m3-393", "m3-394", "m3-395", "m3-396", "m3-397", "m3-398", "m3-399", "m3-400", "m3-401", "m3-402", "m3-403", "m3-404", "m3-405", "m3-406", "m3-407", "m3-408", "m3-409", "m3-410", "m3-411", "m3-412", "m3-413", "m3-414", "m3-415", "m3-416", "m3-417", "m3-418", "m3-419", "m3-420", "m3-421", "m3-422", "m3-423", "m3-424", "m3-425", "m3-426", "m3-427", "m3-428", "m3-429", "m3-430", "m3-431", "m3-432", "m3-433", "m3-434", "m3-435", "m3-436", "m3-437", "m3-438", "m3-439", "m3-440", "m3-441", "m3-442", "m3-443", "m3-444", "m3-445", "m3-446", "m3-447", "m3-448", "m3-449", "m3-450", "m3-451", "m3-452", "m3-453", "m3-454", "m3-455", "m3-456", "m3-457", "m3-458", "m3-459", "m3-460", "m3-461", "m3-462", "m3-463", "m3-464", "m3-465", "m3-466", "m3-467", "m3-468", "m3-469", "m3-470", "m3-471", "m3-472", "m3-473", "m3-474", "m3-475", "m3-476", "m3-477", "m3-478", "m3-479", "m3-480", "m3-481", "m3-482", "m3-483", "m3-484", "m3-485", "m3-486", "m3-487", "m3-488", "m3-489", "m3-490", "m3-491", "m3-492", "m3-493", "m3-494", "m3-495", "m3-496", "m3-497", "m3-498", "m3-499", "m3-500", "m3-501", "m3-502", "m3-503", "m3-504", "m3-505", "m3-506", "m3-507", "m3-508", "m3-509", "m3-510", "m3-511", "m3-512", "m3-513", "m3-514", "m3-515", "m3-516", "m3-517", "m3-518", "m3-519", "m3-520", "m3-521", "m3-522", "m3-523", "m3-524", "m3-525", "m3-526", "m3-527", "m3-528", "m3-529", "m3-530", "m3-531", "m3-532", "m3-533", "m3-534", "m3-535", "m3-536", "m3-537", "m3-538", "m3-539", "m3-540", "m3-541", "m3-542", "m3-543", "m3-544", "m3-545", "m3-546", "m3-547", "m3-548", "m3-549", "m3-550", "m3-551", "m3-552", "m3-553", "m3-554", "m3-555", "m3-556", "m3-557", "m3-558", "m3-559", "m3-560", "m3-561", "m3-562", "m3-563", "m3-564", "m3-565", "m3-566", "m3-567", "m3-568", "m3-569", "m3-570", "m3-571", "m3-572", "m3-573", "m3-574", "m3-575", "m3-576", "m3-577", "m3-578", "m3-579", "m3-580", "m3-581", "m3-582", "m3-583", "m3-584", "m3-585", "m3-586", "m3-587", "m3-588", "m3-589", "m3-590", "m3-591", "m3-592", "m3-593", "m3-594", "m3-595", "m3-596", "m3-597", "m3-598", "m3-599", "m3-600", "m3-601", "m3-602", "m3-603", "m3-604", "m3-605", "m3-606", "m3-607", "m3-608", "m3-609", "m3-610", "m3-611", "m3-612", "m3-613", "m3-614", "m3-615", "m3-616", "m3-617", "m3-618", "m3-619", "m3-620", "m3-621", "m3-622", "m3-623", "m3-624", "m3-625", "m3-626", "m3-627", "m3-628", "m3-629", "m3-630", "m3-631", "m3-632", "m3-633", "m3-634", "m3-635", "m3-636", "m3-637", "m3-638", "m3-639", "m3-640", "m3-641", "m3-642", "m3-643", "m3-644", "m3-645", "m3-646", "m3-647", "m3-648", "m3-649", "m3-650", "m3-651", "m3-652", "m3-653", "m3-654", "m3-655", "m3-656", "m3-657", "m3-658", "m3-659", "m3-660", "m3-661", "m3-662", "m3-663", "m3-664", "m3-665", "m3-666", "m3-667", "m3-668", "m3-669", "m3-670", "m3-671", "m3-672", "m3-673", "m3-674", "m3-675", "m3-676", "m3-677", "m3-678", "m3-679", "m3-680", "m3-681", "m3-682", "m3-683", "m3-684", "m3-685", "m3-686", "m3-687", "m3-688", "m3-689", "m3-690", "m3-691", "m3-692", "m3-693", "m3-694", "m3-695", "m3-696", "m3-697", "m3-698", "m3-699", "m3-700", "m3-701", "m3-702", "m3-703", "m3-704", "m3-705", "m3-706", "m3-707", "m3-708", "m3-709", "m3-710", "m3-711", "m3-712", "m3-713", "m3-714", "m3-715", "m3-716", "m3-717", "m3-718", "m3-719", "m3-720", "m3-721", "m3-722", "m3-723", "m3-724", "m3-725", "m3-726", "m3-727", "m3-728", "m3-729", "m3-730", "m3-731", "m3-732", "m3-733", "m3-734", "m3-735", "m3-736", "m3-737", "m3-738", "m3-739", "m3-740", "m3-741", "m3-742", "m3-743", "m3-744", "m3-745", "m3-746", "m3-747", "m3-748", "m3-749", "m3-750", "m3-751", "m3-752", "m3-753", "m3-754", "m3-755", "m3-756", "m3-757", "m3-758", "m3-759", "m3-760", "m3-761", "m3-762", "m3-763", "m3-764", "m3-765", "m3-766", "m3-767", "m3-768", "m3-769", "m3-770", "m3-771", "m3-772", "m3-773", "m3-774", "m3-775", "m3-776", "m3-777", "m3-778", "m3-779", "m3-780", "m3-781", "m3-782", "m3-783", "m3-784", "m3-785", "m3-786", "m3-787", "m3-788", "m3-789", "m3-790", "m3-791", "m3-792", "m3-793", "m3-794", "m3-795", "m3-796", "m3-797", "m3-798", "m3-799", "m3-800", "m3-801", "m3-802", "m3-803", "m3-804", "m3-805", "m3-806", "m3-807", "m3-808", "m3-809", "m3-810", "m3-811", "m3-812", "m3-813", "m3-814", "m3-815", "m3-816", "m3-817", "m3-818", "m3-819", "m3-820", "m3-821", "m3-822", "m3-823", "m3-824", "m3-825", "m3-826", "m3-827", "m3-828", "m3-829", "m3-830", "m3-831", "m3-832", "m3-833", "m3-834", "m3-835", "m3-836", "m3-837", "m3-838", "m3-839", "m3-840", "m3-841", "m3-842", "m3-843", "m3-844", "m3-845", "m3-846", "m3-847", "m3-848", "m3-849", "m3-850", "m3-851", "m3-852", "m3-853", "m3-854", "m3-855", "m3-856", "m3-857", "m3-858", "m3-859", "m3-860", "m3-861", "m3-862", "m3-863", "m3-864", "m3-865", "m3-866", "m3-867", "m3-868", "m3-869", "m3-870", "m3-871", "m3-872", "m3-873", "m3-874", "m3-875", "m3-876", "m3-877", "m3-878", "m3-879", "m3-880", "m3-881", "m3-882", "m3-883", "m3-884", "m3-885", "m3-886", "m3-887", "m3-888", "m3-889", "m3-890", "m3-891", "m3-892", "m3-893", "m3-894", "m3-895", "m3-896", "m3-897", "m3-898", "m3-899", "m3-900", "m3-901", "m3-902", "m3-903", "m3-904", "m3-905", "m3-906", "m3-907", "m3-908", "m3-909", "m3-910", "m3-911", "m3-912", "m3-913", "m3-914", "m3-915", "m3-916", "m3-917", "m3-918", "m3-919", "m3-920", "m3-921", "m3-922", "m3-923", "m3-924", "m3-925", "m3-926", "m3-927", "m3-928", "m3-929", "m3-930", "m3-931", "m3-932", "m3-933", "m3-934", "m3-935", "m3-936", "m3-937", "m3-938", "m3-939", "m3-940", "m3-941", "m3-942", "m3-943", "m3-944", "m3-945", "m3-946", "m3-947", "m3-948", "m3-949", "m3-950", "m3-951", "m3-952", "m3-953", "m3-954", "m3-955", "m3-956", "m3-957", "m3-958", "m3-959", "m3-960", "m3-961", "m3-962", "m3-963", "m3-964", "m3-965", "m3-966", "m3-967", "m3-968", "m3-969", "m3-970", "m3-971", "m3-972", "m3-973", "m3-974", "m3-975", "m3-976", "m3-977", "m3-978", "m3-979", "m3-980", "m3-981", "m3-982", "m3-983", "m3-984", "m3-985", "m3-986", "m3-987", "m3-988", "m3-989", "m3-990", "m3-991", "m3-992", "m3-993", "m3-994", "m3-995", "m3-996", "m3-997", "m3-998", "m3-999", "m3-1000", "m3-1001", "m3-1002", "m3-1003", "m3-1004", "m3-1005", "m3-1006", "m3-1007", "m3-1008", "m3-1009", "m3-1010", "m3-1011", "m3-1012", "m3-1013", "m3-1014", "m3-1015", "m3-1016", "m3-1017", "m3-1018", "m3-1019", "m3-1020", "m3-1021", "m3-1022", "m3-1023", "m3-1024", "m3-1025", "m3-1026", "m3-1027", "m3-1028", "m3-1029", "m3-1030", "m3-1031", "m3-1032", "m3-1033", "m3-1034", "m3-1035", "m3-1036", "m3-1037", "m3-1038", "m3-1039", "m3-1040", "m3-1041", "m3-1042", "m3-1043", "m3-1044", "m3-1045", "m3-1046", "m3-1047", "m3-1048", "m3-1049", "m3-1050", "m3-1051", "m3-1052", "m3-1053", "m3-1054", "m3-1055", "m3-1056", "m3-1057", "m3-1058", "m3-1059", "m3-1060", "m3-1061", "m3-1062", "m3-1063", "m3-1064", "m3-1065", "m3-1066", "m3-1067", "m3-1068", "m3-1069", "m3-1070", "m3-1071", "m3-1072", "m3-1073", "m3-1074", "m3-1075", "m3-1076", "m3-1077", "m3-1078", "m3-1079", "m3-1080", "m3-1081", "m3-1082", "m3-1083", "m3-1084", "m3-1085", "m3-1086", "m3-1087", "m3-1088", "m3-1089", "m3-1090", "m3-1091", "m3-1092", "m3-1093", "m3-1094", "m3-1095", "m3-1096", "m3-1097", "m3-1098", "m3-1099", "m3-1100", "m3-1101", "m3-1102", "m3-1103", "m3-1104", "m3-1105", "m3-1106", "m3-1107", "m3-1108", "m3-1109", "m3-1110", "m3-1111", "m3-1112", "m3-1113", "m3-1114", "m3-1115", "m3-1116", "m3-1117", "m3-1118", "m3-1119", "m3-1120", "m3-1121", "m3-1122", "m3-1123", "m3-1124", "m3-1125", "m3-1126", "m3-1127", "m3-1128", "m3-1129", "m3-1130", "m3-1131", "m3-1132", "m3-1133", "m3-1134", "m3-1135", "m3-1136", "m3-1137", "m3-1138", "m3-1139", "m3-1140", "m3-1141", "m3-1142", "m3-1143", "m3-1144", "m3-1145", "m3-1146", "m3-1147", "m3-1148", "m3-1149", "m3-1150", "m3-1151", "m3-1152", "m3-1153", "m3-1154", "m3-1155", "m3-1156", "m3-1157", "m3-1158", "m3-1159", "m3-1160", "m3-1161", "m3-1162", "m3-1163", "m3-1164", "m3-1165", "m3-1166", "m3-1167", "m3-1168", "m3-1169", "m3-1170", "m3-1171", "m3-1172", "m3-1173", "m3-1174", "m3-1175", "m3-1176", "m3-1177", "m3-1178", "m3-1179", "m3-1180", "m3-1181", "m3-1182", "m3-1183", "m3-1184", "m3-1185", "m3-1186", "m3-1187", "m3-1188", "m3-1189", "m3-1190", "m3-1191", "m3-1192", "m3-1193", "m3-1194", "m3-1195", "m3-1196", "m3-1197", "m3-1198", "m3-1199", "m3-1200", "m3-1201", "m3-1202", "m3-1203", "m3-1204", "m3-1205", "m3-1206", "m3-1207", "m3-1208", "m3-1209", "m3-1210", "m3-1211", "m3-1212", "m3-1213", "m3-1214", "m3-1215", "m3-1216", "m3-1217", "m3-1218", "m3-1219", "m3-1220", "m3-1221", "m3-1222", "m3-1223", "m3-1224", "m3-1225", "m3-1226", "m3-1227", "m3-1228", "m3-1229", "m3-1230", "m3-1231", "m3-1232", "m3-1233", "m3-1234", "m3-1235", "m3-1236", "m3-1237", "m3-1238", "m3-1239", "m3-1240", "m3-1241", "m3-1242", "m3-1243", "m3-1244", "m3-1245", "m3-1246", "m3-1247", "m3-1248", "m3-1249", "m3-1250", "m3-1251", "m3-1252", "m3-1253", "m3-1254", "m3-1255", "m3-1256", "m3-1257", "m3-1258", "m3-1259", "m3-1260", "m3-1261", "m3-1262", "m3-1263", "m3-1264", "m3-1265", "m3-1266", "m3-1267", "m3-1268", "m3-1269", "m3-1270", "m3-1271", "m3-1272", "m3-1273", "m3-1274", "m3-1275", "m3-1276", "m3-1277", "m3-1278", "m3-1279", "m3-1280", "m3-1281", "m3-1282", "m3-1283", "m3-1284", "m3-1285", "m3-1286", "m3-1287", "m3-1288", "m3-1289", "m3-1290", "m3-1291", "m3-1292", "m3-1293", "m3-1294", "m3-1295", "m3-1296", "m3-1297", "m3-1298", "m3-1299", "m3-1300", "m3-1301", "m3-1302", "m3-1303", "m3-1304", "m3-1305", "m3-1306", "m3-1307", "m3-1308", "m3-1309", "m3-1310", "m3-1311", "m3-1312", "m3-1313", "m3-1314", "m3-1315", "m3-1316", "m3-1317", "m3-1318", "m3-1319", "m3-1320", "m3-1321", "m3-1322", "m3-1323", "m3-1324", "m3-1325", "m3-1326", "m3-1327", "m3-1328", "m3-1329", "m3-1330", "m3-1331", "m3-1332", "m3-1333", "m3-1334", "m3-1335", "m3-1336", "m3-1337", "m3-1338", "m3-1339", "m3-1340", "m3-1341", "m3-1342", "m3-1343", "m3-1344", "m3-1345", "m3-1346", "m3-1347", "m3-1348", "m3-1349", "m3-1350", "m3-1351", "m3-1352", "m3-1353", "m3-1354", "m3-1355", "m3-1356", "m3-1357", "m3-1358", "m3-1359", "m3-1360", "m3-1361", "m3-1362", "m3-1363", "m3-1364", "m3-1365", "m3-1366", "m3-1367", "m3-1368", "m3-1369", "m3-1370", "m3-1371", "m3-1372", "m3-1373", "m3-1374", "m3-1375", "m3-1376", "m3-1377", "m3-1378", "m3-1379", "m3-1380", "m3-1381", "m3-1382", "m3-1383", "m3-1384", "m3-1385", "m3-1386", "m3-1387", "m3-1388", "m3-1389", "m3-1390", "m3-1391", "m3-1392", "m3-1393", "m3-1394", "m3-1395", "m3-1396", "m3-1397", "m3-1398", "m3-1399", "m3-1400", "m3-1401", "m3-1402", "m3-1403", "m3-1404", "m3-1405", "m3-1406", "m3-1407", "m3-1408", "m3-1409", "m3-1410", "m3-1411", "m3-1412", "m3-1413", "m3-1414", "m3-1415", "m3-1416", "m3-1417", "m3-1418", "m3-1419", "m3-1420", "m3-1421", "m3-1422", "m3-1423", "m3-1424", "m3-1425", "m3-1426", "m3-1427", "m3-1428", "m3-1429", "m3-1430", "m3-1431", "m3-1432", "m3-1433", "m3-1434", "m3-1435", "m3-1436", "m3-1437", "m3-1438", "m3-1439", "m3-1440", "m3-1441", "m3-1442", "m3-1443", "m3-1444", "m3-1445", "m3-1446", "m3-1447", "m3-1448", "m3-1449", "m3-1450", "m3-1451", "m3-1452", "m3-1453", "m3-1454", "m3-1455", "m3-1456", "m3-1457", "m3-1458", "m3-1459", "m3-1460", "m3-1461", "m3-1462", "m3-1463", "m3-1464", "m3-1465", "m3-1466", "m3-1467", "m3-1468", "m3-1469", "m3-1470", "m3-1471", "m3-1472", "m3-1473", "m3-1474", "m3-1475", "m3-1476", "m3-1477", "m3-1478", "m3-1479", "m3-1480", "m3-1481", "m3-1482", "m3-1483", "m3-1484", "m3-1485", "m3-1486", "m3-1487", "m3-1488", "m3-1489", "m3-1490", "m3-1491", "m3-1492", "m3-1493", "m3-1494", "m3-1495", "m3-1496", "m3-1497", "m3-1498", "m3-1499", "m3-1500", "m3-1501", "m3-1502", "m3-1503", "m3-1504", "m3-1505", "m3-1506", "m3-1507", "m3-1508", "m3-1509", "m3-1510", "m3-1511", "m3-1512", "m3-1513", "m3-1514", "m3-1515", "m3-1516", "m3-1517", "m3-1518", "m3-1519", "m3-1520", "m3-1521", "m3-1522", "m3-1523", "m3-1524", "m3-1525", "m3-1526", "m3-1527", "m3-1528", "m3-1529", "m3-1530", "m3-1531", "m3-1532", "m3-1533", "m3-1534", "m3-1535", "m3-1536", "m3-1537", "m3-1538", "m3-1539", "m3-1540", "m3-1541", "m3-1542", "m3-1543", "m3-1544", "m3-1545", "m3-1546", "m3-1547", "m3-1548", "m3-1549", "m3-1550", "m3-1551", "m3-1552", "m3-1553", "m3-1554", "m3-1555", "m3-1556", "m3-1557", "m3-1558", "m3-1559", "m3-1560", "m3-1561", "m3-1562", "m3-1563", "m3-1564", "m3-1565", "m3-1566", "m3-1567", "m3-1568", "m3-1569", "m3-1570", "m3-1571", "m3-1572", "m3-1573", "m3-1574", "m3-1575", "m3-1576", "m3-1577", "m3-1578", "m3-1579", "m3-1580", "m3-1581", "m3-1582", "m3-1583", "m3-1584", "m3-1585", "m3-1586", "m3-1587", "m3-1588", "m3-1589", "m3-1590", "m3-1591", "m3-1592", "m3-1593", "m3-1594", "m3-1595", "m3-1596", "m3-1597", "m3-1598", "m3-1599", "m3-1600", "m3-1601", "m3-1602", "m3-1603", "m3-1604", "m3-1605", "m3-1606", "m3-1607", "m3-1608", "m3-1609", "m3-1610", "m3-1611", "m3-1612", "m3-1613", "m3-1614", "m3-1615", "m3-1616", "m3-1617", "m3-1618", "m3-1619", "m3-1620", "m3-1621", "m3-1622", "m3-1623", "m3-1624", "m3-1625", "m3-1626", "m3-1627", "m3-1628", "m3-1629", "m3-1630", "m3-1631", "m3-1632", "m3-1633", "m3-1634", "m3-1635", "m3-1636", "m3-1637", "m3-1638", "m3-1639", "m3-1640", "m3-1641", "m3-1642", "m3-1643", "m3-1644", "m3-1645", "m3-1646", "m3-1647", "m3-1648", "m3-1649", "m3-1650", "m3-1651", "m3-1652", "m3-1653", "m3-1654", "m3-1655", "m3-1656", "m3-1657", "m3-1658", "m3-1659", "m3-1660", "m3-1661", "m3-1662", "m3-1663", "m3-1664", "m3-1665", "m3-1666", "m3-1667", "m3-1668", "m3-1669", "m3-1670", "m3-1671", "m3-1672", "m3-1673", "m3-1674", "m3-1675", "m3-1676", "m3-1677", "m3-1678", "m3-1679", "m3-1680", "m3-1681", "m3-1682", "m3-1683", "m3-1684", "m3-1685", "m3-1686", "m3-1687", "m3-1688", "m3-1689", "m3-1690", "m3-1691", "m3-1692", "m3-1693", "m3-1694", "m3-1695", "m3-1696", "m3-1697", "m3-1698", "m3-1699", "m3-1700", "m3-1701", "m3-1702", "m3-1703", "m3-1704", "m3-1705", "m3-1706", "m3-1707", "m3-1708", "m3-1709", "m3-1710", "m3-1711", "m3-1712", "m3-1713", "m3-1714", "m3-1715", "m3-1716", "m3-1717", "m3-1718", "m3-1719", "m3-1720", "m3-1721", "m3-1722", "m3-1723", "m3-1724", "m3-1725", "m3-1726", "m3-1727", "m3-1728", "m3-1729", "m3-1730", "m3-1731", "m3-1732", "m3-1733", "m3-1734", "m3-1735", "m3-1736", "m3-1737", "m3-1738", "m3-1739", "m3-1740", "m3-1741", "m3-1742", "m3-1743", "m3-1744", "m3-1745", "m3-1746", "m3-1747", "m3-1748", "m3-1749", "m3-1750", "m3-1751", "m3-1752", "m3-1753", "m3-1754", "m3-1755", "m3-1756", "m3-1757", "m3-1758", "m3-1759", "m3-1760", "m3-1761", "m3-1762", "m3-1763", "m3-1764", "m3-1765", "m3-1766", "m3-1767", "m3-1768", "m3-1769", "m3-1770", "m3-1771", "m3-1772", "m3-1773", "m3-1774", "m3-1775", "m3-1776", "m3-1777", "m3-1778", "m3-1779", "m3-1780", "m3-1781", "m3-1782", "m3-1783", "m3-1784", "m3-1785", "m3-1786", "m3-1787", "m3-1788", "m3-1789", "m3-1790", "m3-1791", "m3-1792", "m3-1793", "m3-1794", "m3-1795", "m3-1796", "m3-1797", "m3-1798", "m3-1799", "m3-1800", "m3-1801", "m3-1802", "m3-1803", "m3-1804", "m3-1805", "m3-1806", "m3-1807", "m3-1808", "m3-1809", "m3-1810", "m3-1811", "m3-1812", "m3-1813", "m3-1814", "m3-1815", "m3-1816", "m3-1817", "m3-1818", "m3-1819", "m3-1820", "m3-1821", "m3-1822", "m3-1823", "m3-1824", "m3-1825", "m3-1826", "m3-1827", "m3-1828", "m3-1829", "m3-1830", "m3-1831", "m3-1832", "m3-1833", "m3-1834", "m3-1835", "m3-1836", "m3-1837", "m3-1838", "m3-1839", "m3-1840", "m3-1841", "m3-1842", "m3-1843", "m3-1844", "m3-1845", "m3-1846", "m3-1847", "m3-1848", "m3-1849", "m3-1850", "m3-1851", "m3-1852", "m3-1853", "m3-1854", "m3-1855", "m3-1856", "m3-1857", "m3-1858", "m3-1859", "m3-1860", "m3-1861", "m3-1862", "m3-1863", "m3-1864", "m3-1865", "m3-1866", "m3-1867", "m3-1868", "m3-1869", "m3-1870", "m3-1871", "m3-1872", "m3-1873", "m3-1874", "m3-1875", "m3-1876", "m3-1877", "m3-1878", "m3-1879", "m3-1880", "m3-1881", "m3-1882", "m3-1883", "m3-1884", "m3-1885", "m3-1886", "m3-1887", "m3-1888", "m3-1889", "m3-1890", "m3-1891", "m3-1892", "m3-1893", "m3-1894", "m3-1895", "m3-1896", "m3-1897", "m3-1898", "m3-1899", "m3-1900", "m3-1901", "m3-1902", "m3-1903", "m3-1904", "m3-1905", "m3-1906", "m3-1907", "m3-1908", "m3-1909", "m3-1910", "m3-1911", "m3-1912", "m3-1913", "m3-1914", "m3-1915", "m3-1916", "m3-1917", "m3-1918", "m3-1919", "m3-1920", "m3-1921", "m3-1922", "m3-1923", "m3-1924", "m3-1925", "m3-1926", "m3-1927", "m3-1928", "m3-1929", "m3-1930", "m3-1931", "m3-1932", "m3-1933", "m3-1934", "m3-1935", "m3-1936", "m3-1937", "m3-1938", "m3-1939", "m3-1940", "m3-1941", "m3-1942", "m3-1943", "m3-1944", "m3-1945", "m3-1946", "m3-1947", "m3-1948", "m3-1949", "m3-1950", "m3-1951", "m3-1952", "m3-1953", "m3-1954", "m3-1955", "m3-1956", "m3-1957", "m3-1958", "m3-1959", "m3-1960", "m3-1961", "m3-1962", "m3-1963", "m3-1964", "m3-1965", "m3-1966", "m3-1967", "m3-1968", "m3-1969", "m3-1970", "m3-1971", "m3-1972", "m3-1973", "m3-1974", "m3-1975", "m3-1976", "m3-1977", "m3-1978", "m3-1979", "m3-1980", "m3-1981", "m3-1982", "m3-1983", "m3-1984", "m3-1985", "m3-1986", "m3-1987", "m3-1988", "m3-1989", "m3-1990", "m3-1991", "m3-1992", "m3-1993", "m3-1994", "m3-1995", "m3-1996", "m3-1997", "m3-1998", "m3-1999", "m3-2000", "m3-2001", "m3-2002", "m3-2003", "m3-2004", "m3-2005", "m3-2006", "m3-2007", "m3-2008", "m3-2009", "m3-2010", "m3-2011", "m3-2012", "m3-2013", "m3-2014", "m3-2015", "m3-2016", "m3-2017", "m3-2018", "m3-2019", "m3-2020", "m3-2021", "m3-2022", "m3-2023", "m3-2024", "m3-2025", "m3-2026", "m3-2027", "m3-2028", "m3-2029", "m3-2030", "m3-2031", "m3-2032", "m3-2033", "m3-2034", "m3-2035", "m3-2036", "m3-2037", "m3-2038", "m3-2039", "m3-2040", "m3-2041", "m3-2042", "m3-2043", "m3-2044", "m3-2045", "m3-2046", "m3-2047"], "feature_length": 2235, "n_tot": 4199, "train_percent": 0.8, "split_method": "RandomSplit", "n_train": 3359, "n_test": 840, "in_shape": 2235, "original_param": {"bootstrap": true, "max_depth": null, "max_features": "auto", "min_samples_leaf": 1, "min_samples_split": 2, "n_estimators": 100}, "predictions_stats": {"r2_raw": [0.20897382584318347, 0.2074717018715886, 0.21186496602884874, 0.21217931213232544, 0.2103340080023366], "r2_avg": 0.21016476277565657, "r2_std": 0.0017691044044669648, "mse_raw": [1.2223879700304263, 1.2247092311117416, 1.2179202354622296, 1.217434470379013, 1.220286054363513], "mse_avg": 1.2205475922693847, "mse_std": 0.002733831082205832, "rmse_raw": [1.1056165565106315, 1.1066658172690351, 1.1035942349714543, 1.1033741298304094, 1.1046655848552145], "rmse_avg": 1.104783264687349, "rmse_std": 0.001237067559899356, "time_raw": [48.65709829330444, 48.408199310302734, 48.46188282966614, 48.66861438751221, 48.220130443573], "time_avg": 48.483185052871704, "time_std": 0.16727476027090868}, "scaled_predictions_stats": {"r2_raw_scaled": [0.20897382584318347, 0.2074717018715886, 0.21186496602884886, 0.21217931213232544, 0.21033400800233637], "r2_avg_scaled": 0.21016476277565657, "r2_std_scaled": 0.001769104404466982, "mse_raw_scaled": [0.035597035784645896, 0.03566463299257246, 0.03546693134055812, 0.03545278542496165, 0.03553582611222941], "mse_avg_scaled": 0.035543442330993505, "mse_std_scaled": 7.961161697299187e-05, "rmse_raw_scaled": [0.18867176732263335, 0.1888508220595623, 0.18832666125792735, 0.18828910065365348, 0.18850948547017313], "rmse_avg_scaled": 0.1885295673527899, "rmse_std_scaled": 0.00021110367916370837}}