<?xml version="1.0" encoding="UTF-8" standalone="yes"?>
<CompoundRegistry xmlns="http://www.qsardb.org/QDB">
    <Compound>
        <Id>1</Id>
        <Name>Alachlor</Name>
        <Labels></Labels>
        <Cargos>mdl-molfile</Cargos>
        <Cas>15972-60-8</Cas>
        <InChI>InChI=1S/C14H20ClNO2/c1-4-11-7-6-8-12(5-2)14(11)16(10-18-3)13(17)9-15/h6-8H,4-5,9-10H2,1-3H3</InChI>
    </Compound>
    <Compound>
        <Id>2</Id>
        <Name>Butachlor</Name>
        <Labels></Labels>
        <Cargos>mdl-molfile</Cargos>
        <Cas>23184-66-9</Cas>
        <InChI>InChI=1S/C17H26ClNO2/c1-4-7-11-21-13-19(16(20)12-18)17-14(5-2)9-8-10-15(17)6-3/h8-10H,4-7,11-13H2,1-3H3</InChI>
    </Compound>
    <Compound>
        <Id>3</Id>
        <Name>Propachlor</Name>
        <Labels></Labels>
        <Cargos>mdl-molfile</Cargos>
        <Cas>1918-16-7</Cas>
        <InChI>InChI=1S/C11H14ClNO/c1-9(2)13(11(14)8-12)10-6-4-3-5-7-10/h3-7,9H,8H2,1-2H3</InChI>
    </Compound>
    <Compound>
        <Id>4</Id>
        <Name>Aldicarb sulfone</Name>
        <Labels></Labels>
        <Cargos>mdl-molfile</Cargos>
        <Cas>1646-88-4</Cas>
        <InChI>InChI=1S/C7H14N2O4S/c1-7(2,14(4,11)12)5-9-13-6(10)8-3/h5H,1-4H3,(H,8,10)/b9-5+</InChI>
    </Compound>
    <Compound>
        <Id>5</Id>
        <Name>Butylate</Name>
        <Labels></Labels>
        <Cargos>mdl-molfile</Cargos>
        <Cas>2008-41-5</Cas>
        <InChI>InChI=1S/C11H23NOS/c1-6-14-11(13)12(7-9(2)3)8-10(4)5/h9-10H,6-8H2,1-5H3</InChI>
    </Compound>
    <Compound>
        <Id>6</Id>
        <Name>Carbaryl</Name>
        <Labels></Labels>
        <Cargos>mdl-molfile</Cargos>
        <Cas>63-25-2</Cas>
        <InChI>InChI=1S/C12H11NO2/c1-13-12(14)15-11-8-4-6-9-5-2-3-7-10(9)11/h2-8H,1H3,(H,13,14)</InChI>
    </Compound>
    <Compound>
        <Id>7</Id>
        <Name>Carbofuran</Name>
        <Labels></Labels>
        <Cargos>mdl-molfile</Cargos>
        <Cas>1563-66-2</Cas>
        <InChI>InChI=1S/C12H15NO3/c1-12(2)7-8-5-4-6-9(10(8)16-12)15-11(14)13-3/h4-6H,7H2,1-3H3,(H,13,14)</InChI>
    </Compound>
    <Compound>
        <Id>8</Id>
        <Name>Chlorpropham</Name>
        <Labels></Labels>
        <Cargos>mdl-molfile</Cargos>
        <Cas>101-21-3</Cas>
        <InChI>InChI=1S/C10H12ClNO2/c1-7(2)14-10(13)12-9-5-3-4-8(11)6-9/h3-7H,1-2H3,(H,12,13)</InChI>
    </Compound>
    <Compound>
        <Id>9</Id>
        <Name>Cycloate</Name>
        <Labels></Labels>
        <Cargos>mdl-molfile</Cargos>
        <Cas>1134-23-2</Cas>
        <InChI>InChI=1S/C11H21NOS/c1-3-12(11(13)14-4-2)10-8-6-5-7-9-10/h10H,3-9H2,1-2H3</InChI>
    </Compound>
    <Compound>
        <Id>10</Id>
        <Name>Diallate</Name>
        <Labels></Labels>
        <Cargos>mdl-molfile</Cargos>
        <Cas>2303-16-4</Cas>
        <InChI>InChI=1S/C10H17Cl2NOS/c1-7(2)13(8(3)4)10(14)15-6-9(12)5-11/h5,7-8H,6H2,1-4H3/b9-5-</InChI>
    </Compound>
    <Compound>
        <Id>11</Id>
        <Name>Methiocarb</Name>
        <Labels></Labels>
        <Cargos>mdl-molfile</Cargos>
        <Cas>2032-65-7</Cas>
        <InChI>InChI=1S/C11H15NO2S/c1-7-5-9(14-11(13)12-3)6-8(2)10(7)15-4/h5-6H,1-4H3,(H,12,13)</InChI>
    </Compound>
    <Compound>
        <Id>12</Id>
        <Name>Molinate</Name>
        <Labels></Labels>
        <Cargos>mdl-molfile</Cargos>
        <Cas>2212-67-1</Cas>
        <InChI>InChI=1S/C9H17NOS/c1-2-12-9(11)10-7-5-3-4-6-8-10/h2-8H2,1H3</InChI>
    </Compound>
    <Compound>
        <Id>13</Id>
        <Name>Methyl-N-phenylcarbamate</Name>
        <Labels></Labels>
        <Cargos>mdl-molfile</Cargos>
        <Cas>2603-10-3</Cas>
        <InChI>InChI=1S/C8H9NO2/c1-11-8(10)9-7-5-3-2-4-6-7/h2-6H,1H3,(H,9,10)</InChI>
    </Compound>
    <Compound>
        <Id>14</Id>
        <Name>Ethyl-N-phenylcarbamate</Name>
        <Labels></Labels>
        <Cargos>mdl-molfile</Cargos>
        <Cas>101-99-5</Cas>
        <InChI>InChI=1S/C9H11NO2/c1-2-12-9(11)10-8-6-4-3-5-7-8/h3-7H,2H2,1H3,(H,10,11)</InChI>
    </Compound>
    <Compound>
        <Id>15</Id>
        <Name>Methyl-N-(3,4-dichlorophenyl)carbamate</Name>
        <Labels></Labels>
        <Cargos>mdl-molfile</Cargos>
        <Cas>1918-18-9</Cas>
        <InChI>InChI=1S/C8H7Cl2NO2/c1-13-8(12)11-5-2-3-6(9)7(10)4-5/h2-4H,1H3,(H,11,12)</InChI>
    </Compound>
    <Compound>
        <Id>16</Id>
        <Name>Thiobencarb</Name>
        <Labels></Labels>
        <Cargos>mdl-molfile</Cargos>
        <Cas>28249-77-6</Cas>
        <InChI>InChI=1S/C12H16ClNOS/c1-3-14(4-2)12(15)16-9-10-5-7-11(13)8-6-10/h5-8H,3-4,9H2,1-2H3</InChI>
    </Compound>
    <Compound>
        <Id>17</Id>
        <Name>Vernolate</Name>
        <Labels></Labels>
        <Cargos>mdl-molfile</Cargos>
        <Cas>1929-77-7</Cas>
        <InChI>InChI=1S/C10H21NOS/c1-4-7-11(8-5-2)10(12)13-9-6-3/h4-9H2,1-3H3</InChI>
    </Compound>
    <Compound>
        <Id>18</Id>
        <Name>Butralin</Name>
        <Labels></Labels>
        <Cargos>mdl-molfile</Cargos>
        <Cas>33629-47-9</Cas>
        <InChI>InChI=1/C14H21N3O4/c1-6-9(2)15-13-11(16(18)19)7-10(14(3,4)5)8-12(13)17(20)21/h7-9,15H,6H2,1-5H3</InChI>
    </Compound>
    <Compound>
        <Id>19</Id>
        <Name>Dinitramine</Name>
        <Labels></Labels>
        <Cargos>mdl-molfile</Cargos>
        <Cas>29091-05-2</Cas>
        <InChI>InChI=1S/C11H13F3N4O4/c1-3-16(4-2)9-7(17(19)20)5-6(11(12,13)14)8(15)10(9)18(21)22/h5H,3-4,15H2,1-2H3</InChI>
    </Compound>
    <Compound>
        <Id>20</Id>
        <Name>Fluchloralin</Name>
        <Labels></Labels>
        <Cargos>mdl-molfile</Cargos>
        <Cas>33245-39-5</Cas>
        <InChI>InChI=1S/C12H13ClF3N3O4/c1-2-4-17(5-3-13)11-9(18(20)21)6-8(12(14,15)16)7-10(11)19(22)23/h6-7H,2-5H2,1H3</InChI>
    </Compound>
    <Compound>
        <Id>21</Id>
        <Name>Oryzalin</Name>
        <Labels></Labels>
        <Cargos>mdl-molfile</Cargos>
        <Cas>19044-88-3</Cas>
        <InChI>InChI=1S/C12H18N4O6S/c1-3-5-14(6-4-2)12-10(15(17)18)7-9(23(13,21)22)8-11(12)16(19)20/h7-8H,3-6H2,1-2H3,(H2,13,21,22)</InChI>
    </Compound>
    <Compound>
        <Id>22</Id>
        <Name>Profluralin</Name>
        <Labels></Labels>
        <Cargos>mdl-molfile</Cargos>
        <Cas>26399-36-0</Cas>
        <InChI>InChI=1S/C14H16F3N3O4/c1-2-5-18(8-9-3-4-9)13-11(19(21)22)6-10(14(15,16)17)7-12(13)20(23)24/h6-7,9H,2-5,8H2,1H3</InChI>
    </Compound>
    <Compound>
        <Id>23</Id>
        <Name>Trifluralin</Name>
        <Labels></Labels>
        <Cargos>mdl-molfile</Cargos>
        <Cas>1582-09-8</Cas>
        <InChI>InChI=1S/C13H16F3N3O4/c1-3-5-17(6-4-2)12-10(18(20)21)7-9(13(14,15)16)8-11(12)19(22)23/h7-8H,3-6H2,1-2H3</InChI>
    </Compound>
    <Compound>
        <Id>24</Id>
        <Name>Aldrin</Name>
        <Labels></Labels>
        <Cargos>mdl-molfile</Cargos>
        <Cas>309-00-2</Cas>
        <InChI>InChI=1S/C12H8Cl6/c13-8-9(14)11(16)7-5-2-1-4(3-5)6(7)10(8,15)12(11,17)18/h1-2,4-7H,3H2/t4-,5+,6+,7-,10+,11-</InChI>
    </Compound>
    <Compound>
        <Id>25</Id>
        <Name>Chlordane</Name>
        <Labels></Labels>
        <Cargos>mdl-molfile</Cargos>
        <Cas>12789-03-6</Cas>
        <InChI>InChI=1S/C10H6Cl8/c11-3-1-2-4(5(3)12)9(16)7(14)6(13)8(2,15)10(9,17)18/h2-5H,1H2</InChI>
    </Compound>
    <Compound>
        <Id>26</Id>
        <Name>Endosulfan</Name>
        <Labels></Labels>
        <Cargos>mdl-molfile</Cargos>
        <Cas>115-29-7</Cas>
        <InChI>InChI=1S/C9H6Cl6O3S/c10-5-6(11)8(13)4-2-18-19(16)17-1-3(4)7(5,12)9(8,14)15/h3-4H,1-2H2</InChI>
    </Compound>
    <Compound>
        <Id>27</Id>
        <Name>Lindane</Name>
        <Labels></Labels>
        <Cargos>mdl-molfile</Cargos>
        <Cas>58-89-9</Cas>
        <InChI>InChI=1S/C6H6Cl6/c7-1-2(8)4(10)6(12)5(11)3(1)9/h1-6H/t1-,2-,3-,4+,5+,6+</InChI>
    </Compound>
    <Compound>
        <Id>28</Id>
        <Name>Methoxychlor</Name>
        <Labels></Labels>
        <Cargos>mdl-molfile</Cargos>
        <Cas>72-43-5</Cas>
        <InChI>InChI=1S/C16H15Cl3O2/c1-20-13-7-3-11(4-8-13)15(16(17,18)19)12-5-9-14(21-2)10-6-12/h3-10,15H,1-2H3</InChI>
    </Compound>
    <Compound>
        <Id>29</Id>
        <Name>Carbophenothion</Name>
        <Labels></Labels>
        <Cargos>mdl-molfile</Cargos>
        <Cas>786-19-6</Cas>
        <InChI>InChI=1S/C11H16ClO2PS3/c1-3-13-15(16,14-4-2)18-9-17-11-7-5-10(12)6-8-11/h5-8H,3-4,9H2,1-2H3</InChI>
    </Compound>
    <Compound>
        <Id>30</Id>
        <Name>Chlorfenvinphos (cis)</Name>
        <Labels></Labels>
        <Cargos>mdl-molfile</Cargos>
        <Cas>18708-87-7</Cas>
        <InChI>InChI=1S/C12H14Cl3O4P/c1-3-17-20(16,18-4-2)19-12(8-13)10-6-5-9(14)7-11(10)15/h5-8H,3-4H2,1-2H3/b12-8-</InChI>
    </Compound>
    <Compound>
        <Id>31</Id>
        <Name>Chlorpyrifos</Name>
        <Labels></Labels>
        <Cargos>mdl-molfile</Cargos>
        <Cas>2921-88-2</Cas>
        <InChI>InChI=1S/C9H11Cl3NO3PS/c1-3-14-17(18,15-4-2)16-9-7(11)5-6(10)8(12)13-9/h5H,3-4H2,1-2H3</InChI>
    </Compound>
    <Compound>
        <Id>32</Id>
        <Name>Chlorpyrifos methyl</Name>
        <Labels></Labels>
        <Cargos>mdl-molfile</Cargos>
        <Cas>5598-13-0</Cas>
        <InChI>InChI=1S/C7H7Cl3NO3PS/c1-12-15(16,13-2)14-7-5(9)3-4(8)6(10)11-7/h3H,1-2H3</InChI>
    </Compound>
    <Compound>
        <Id>33</Id>
        <Name>Crotoxyphos</Name>
        <Labels></Labels>
        <Cargos>mdl-molfile</Cargos>
        <Cas>7700-17-6</Cas>
        <InChI>InChI=1S/C14H19O6P/c1-11(20-21(16,17-3)18-4)10-14(15)19-12(2)13-8-6-5-7-9-13/h5-10,12H,1-4H3/b11-10+</InChI>
    </Compound>
    <Compound>
        <Id>34</Id>
        <Name>Dicrotophos</Name>
        <Labels></Labels>
        <Cargos>mdl-molfile</Cargos>
        <Cas>141-66-2</Cas>
        <InChI>InChI=1S/C8H16NO5P/c1-7(6-8(10)9(2)3)14-15(11,12-4)13-5/h6H,1-5H3/b7-6+</InChI>
    </Compound>
    <Compound>
        <Id>35</Id>
        <Name>Dimethoate</Name>
        <Labels></Labels>
        <Cargos>mdl-molfile</Cargos>
        <Cas>60-51-5</Cas>
        <InChI>InChI=1S/C5H12NO3PS2/c1-6-5(7)4-12-10(11,8-2)9-3/h4H2,1-3H3,(H,6,7)</InChI>
    </Compound>
    <Compound>
        <Id>36</Id>
        <Name>Disulfoton</Name>
        <Labels></Labels>
        <Cargos>mdl-molfile</Cargos>
        <Cas>298-04-4</Cas>
        <InChI>InChI=1S/C8H19O2PS3/c1-4-9-11(12,10-5-2)14-8-7-13-6-3/h4-8H2,1-3H3</InChI>
    </Compound>
    <Compound>
        <Id>37</Id>
        <Name>Ethion</Name>
        <Labels></Labels>
        <Cargos>mdl-molfile</Cargos>
        <Cas>563-12-2</Cas>
        <InChI>InChI=1S/C9H22O4P2S4/c1-5-10-14(16,11-6-2)18-9-19-15(17,12-7-3)13-8-4/h5-9H2,1-4H3</InChI>
    </Compound>
    <Compound>
        <Id>38</Id>
        <Name>Fenamiphos</Name>
        <Labels></Labels>
        <Cargos>mdl-molfile</Cargos>
        <Cas>22224-92-6</Cas>
        <InChI>InChI=1S/C13H22NO3PS/c1-6-16-18(15,14-10(2)3)17-12-7-8-13(19-5)11(4)9-12/h7-10H,6H2,1-5H3,(H,14,15)</InChI>
    </Compound>
    <Compound>
        <Id>39</Id>
        <Name>Fenitrothion</Name>
        <Labels></Labels>
        <Cargos>mdl-molfile</Cargos>
        <Cas>122-14-5</Cas>
        <InChI>InChI=1S/C9H12NO5PS/c1-7-6-8(4-5-9(7)10(11)12)15-16(17,13-2)14-3/h4-6H,1-3H3</InChI>
    </Compound>
    <Compound>
        <Id>40</Id>
        <Name>Fonofos</Name>
        <Labels></Labels>
        <Cargos>mdl-molfile</Cargos>
        <Cas>944-22-9</Cas>
        <InChI>InChI=1S/C10H15OPS2/c1-3-11-12(13,4-2)14-10-8-6-5-7-9-10/h5-9H,3-4H2,1-2H3</InChI>
    </Compound>
    <Compound>
        <Id>41</Id>
        <Name>Isazophos</Name>
        <Labels></Labels>
        <Cargos>mdl-molfile</Cargos>
        <Cas>42509-80-8</Cas>
        <InChI>InChI=1S/C9H17ClN3O3PS/c1-5-14-17(18,15-6-2)16-9-11-8(10)13(12-9)7(3)4/h7H,5-6H2,1-4H3</InChI>
    </Compound>
    <Compound>
        <Id>42</Id>
        <Name>Mevinphos (cis)</Name>
        <Labels></Labels>
        <Cargos>mdl-molfile</Cargos>
        <Cas>7786-34-7</Cas>
        <InChI>InChI=1S/C7H13O6P/c1-6(5-7(8)10-2)13-14(9,11-3)12-4/h5H,1-4H3/b6-5+</InChI>
    </Compound>
    <Compound>
        <Id>43</Id>
        <Name>Mevinphos (trans)</Name>
        <Labels></Labels>
        <Cargos>mdl-molfile</Cargos>
        <Cas>338-45-4</Cas>
        <InChI>InChI=1S/C7H13O6P/c1-6(5-7(8)10-2)13-14(9,11-3)12-4/h5H,1-4H3/b6-5-</InChI>
    </Compound>
    <Compound>
        <Id>44</Id>
        <Name>Parathion</Name>
        <Labels></Labels>
        <Cargos>mdl-molfile</Cargos>
        <Cas>56-38-2</Cas>
        <InChI>InChI=1S/C10H14NO5PS/c1-3-14-17(18,15-4-2)16-10-7-5-9(6-8-10)11(12)13/h5-8H,3-4H2,1-2H3</InChI>
    </Compound>
    <Compound>
        <Id>45</Id>
        <Name>Parathion methyl</Name>
        <Labels></Labels>
        <Cargos>mdl-molfile</Cargos>
        <Cas>298-00-0</Cas>
        <InChI>InChI=1S/C8H10NO5PS/c1-12-15(16,13-2)14-8-5-3-7(4-6-8)9(10)11/h3-6H,1-2H3</InChI>
    </Compound>
    <Compound>
        <Id>46</Id>
        <Name>Phorate</Name>
        <Labels></Labels>
        <Cargos>mdl-molfile</Cargos>
        <Cas>298-02-2</Cas>
        <InChI>InChI=1S/C7H17O2PS3/c1-4-8-10(11,9-5-2)13-7-12-6-3/h4-7H2,1-3H3</InChI>
    </Compound>
    <Compound>
        <Id>47</Id>
        <Name>Phosalone</Name>
        <Labels></Labels>
        <Cargos>mdl-molfile</Cargos>
        <Cas>2310-17-0</Cas>
        <InChI>InChI=1S/C12H15ClNO4PS2/c1-3-16-19(20,17-4-2)21-8-14-10-6-5-9(13)7-11(10)18-12(14)15/h5-7H,3-4,8H2,1-2H3</InChI>
    </Compound>
    <Compound>
        <Id>48</Id>
        <Name>Profenofos</Name>
        <Labels></Labels>
        <Cargos>mdl-molfile</Cargos>
        <Cas>41198-08-7</Cas>
        <InChI>InChI=1S/C11H15BrClO3PS/c1-3-7-18-17(14,15-4-2)16-11-6-5-9(12)8-10(11)13/h5-6,8H,3-4,7H2,1-2H3</InChI>
    </Compound>
    <Compound>
        <Id>49</Id>
        <Name>Terbufos</Name>
        <Labels></Labels>
        <Cargos>mdl-molfile</Cargos>
        <Cas>13071-79-9</Cas>
        <InChI>InChI=1S/C9H21O2PS3/c1-6-10-12(13,11-7-2)15-8-14-9(3,4)5/h6-8H2,1-5H3</InChI>
    </Compound>
    <Compound>
        <Id>50</Id>
        <Name>Trichlorfon</Name>
        <Labels></Labels>
        <Cargos>mdl-molfile</Cargos>
        <Cas>52-68-6</Cas>
        <InChI>InChI=1S/C4H8Cl3O4P/c1-10-12(9,11-2)3(8)4(5,6)7/h3,8H,1-2H3</InChI>
    </Compound>
    <Compound>
        <Id>51</Id>
        <Name>Phenylurea</Name>
        <Labels></Labels>
        <Cargos>mdl-molfile</Cargos>
        <Cas>64-10-8</Cas>
        <InChI>InChI=1S/C7H8N2O/c8-7(10)9-6-4-2-1-3-5-6/h1-5H,(H3,8,9,10)</InChI>
    </Compound>
    <Compound>
        <Id>52</Id>
        <Name>2-Chlorophenylurea</Name>
        <Labels></Labels>
        <Cargos>mdl-molfile</Cargos>
        <Cas>114-38-5</Cas>
        <InChI>InChI=1S/C7H7ClN2O/c8-5-3-1-2-4-6(5)10-7(9)11/h1-4H,(H3,9,10,11)</InChI>
    </Compound>
    <Compound>
        <Id>53</Id>
        <Name>2-Fluorophenylurea</Name>
        <Labels></Labels>
        <Cargos>mdl-molfile</Cargos>
        <Cas>656-31-5</Cas>
        <InChI>InChI=1S/C7H7FN2O/c8-5-3-1-2-4-6(5)10-7(9)11/h1-4H,(H3,9,10,11)</InChI>
    </Compound>
    <Compound>
        <Id>54</Id>
        <Name>3-Fluorophenylurea</Name>
        <Labels></Labels>
        <Cargos>mdl-molfile</Cargos>
        <Cas>770-19-4</Cas>
        <InChI>InChI=1S/C7H7FN2O/c8-5-2-1-3-6(4-5)10-7(9)11/h1-4H,(H3,9,10,11)</InChI>
    </Compound>
    <Compound>
        <Id>55</Id>
        <Name>3-Bromophenylurea</Name>
        <Labels></Labels>
        <Cargos>mdl-molfile</Cargos>
        <Cas>2989-98-2</Cas>
        <InChI>InChI=1S/C7H7BrN2O/c8-5-2-1-3-6(4-5)10-7(9)11/h1-4H,(H3,9,10,11)</InChI>
    </Compound>
    <Compound>
        <Id>56</Id>
        <Name>3-Methylphenylurea</Name>
        <Labels></Labels>
        <Cargos>mdl-molfile</Cargos>
        <Cas>63-99-0</Cas>
        <InChI>InChI=1S/C8H10N2O/c1-6-3-2-4-7(5-6)10-8(9)11/h2-5H,1H3,(H3,9,10,11)</InChI>
    </Compound>
    <Compound>
        <Id>57</Id>
        <Name>3-Trifluoromethylphenylurea</Name>
        <Labels></Labels>
        <Cargos>mdl-molfile</Cargos>
        <Cas>13114-87-9</Cas>
        <InChI>InChI=1S/C8H7F3N2O/c9-8(10,11)5-2-1-3-6(4-5)13-7(12)14/h1-4H,(H3,12,13,14)</InChI>
    </Compound>
    <Compound>
        <Id>58</Id>
        <Name>4-Bromophenylurea</Name>
        <Labels></Labels>
        <Cargos>mdl-molfile</Cargos>
        <Cas>1967-25-5</Cas>
        <InChI>InChI=1S/C7H7BrN2O/c8-5-1-3-6(4-2-5)10-7(9)11/h1-4H,(H3,9,10,11)</InChI>
    </Compound>
    <Compound>
        <Id>59</Id>
        <Name>3,4-Dichlorophenylurea</Name>
        <Labels></Labels>
        <Cargos>mdl-molfile</Cargos>
        <Cas>2327-02-8</Cas>
        <InChI>InChI=1S/C7H6Cl2N2O/c8-5-2-1-4(3-6(5)9)11-7(10)12/h1-3H,(H3,10,11,12)</InChI>
    </Compound>
    <Compound>
        <Id>60</Id>
        <Name>3-Chloro-4-methoxyphenylurea</Name>
        <Labels></Labels>
        <Cargos>mdl-molfile</Cargos>
        <Cas>25277-05-8</Cas>
        <InChI>InChI=1S/C8H9ClN2O2/c1-13-7-3-2-5(4-6(7)9)11-8(10)12/h2-4H,1H3,(H3,10,11,12)</InChI>
    </Compound>
    <Compound>
        <Id>61</Id>
        <Name>3-Methyl-4-bromophenylurea</Name>
        <Labels></Labels>
        <Cargos>mdl-molfile</Cargos>
        <Cas>78508-46-0</Cas>
        <InChI>InChI=1S/C8H9BrN2O/c1-5-4-6(11-8(10)12)2-3-7(5)9/h2-4H,1H3,(H3,10,11,12)</InChI>
    </Compound>
    <Compound>
        <Id>62</Id>
        <Name>N-Phenyl-N'-cyclopropylurea</Name>
        <Labels></Labels>
        <Cargos>mdl-molfile</Cargos>
        <Cas>13140-86-8</Cas>
        <InChI>InChI=1S/C10H12N2O/c13-10(12-9-6-7-9)11-8-4-2-1-3-5-8/h1-5,9H,6-7H2,(H2,11,12,13)</InChI>
    </Compound>
    <Compound>
        <Id>63</Id>
        <Name>N-Phenyl-N'-cyclopentylurea</Name>
        <Labels></Labels>
        <Cargos>mdl-molfile</Cargos>
        <Cas>13140-89-1</Cas>
        <InChI>InChI=1S/C12H16N2O/c15-12(14-11-8-4-5-9-11)13-10-6-2-1-3-7-10/h1-3,6-7,11H,4-5,8-9H2,(H2,13,14,15)</InChI>
    </Compound>
    <Compound>
        <Id>64</Id>
        <Name>N-Phenyl-N'-cyclohexylurea</Name>
        <Labels></Labels>
        <Cargos>mdl-molfile</Cargos>
        <Cas>86759-64-0</Cas>
        <InChI>InChI=1S/C13H18N2O/c16-13(14-11-7-3-1-4-8-11)15-12-9-5-2-6-10-12/h1,3-4,7-8,12H,2,5-6,9-10H2,(H2,14,15,16)</InChI>
    </Compound>
    <Compound>
        <Id>65</Id>
        <Name>N-Phenyl-N'-cycloheptylurea</Name>
        <Labels></Labels>
        <Cargos>mdl-molfile</Cargos>
        <Cas>19095-79-5</Cas>
        <InChI>InChI=1S/C14H20N2O/c17-14(16-13-10-6-3-7-11-13)15-12-8-4-1-2-5-9-12/h3,6-7,10-12H,1-2,4-5,8-9H2,(H2,15,16,17)</InChI>
    </Compound>
    <Compound>
        <Id>66</Id>
        <Name>Siduron</Name>
        <Labels></Labels>
        <Cargos>mdl-molfile</Cargos>
        <Cas>1982-49-6</Cas>
        <InChI>InChI=1S/C14H20N2O/c1-11-7-5-6-10-13(11)16-14(17)15-12-8-3-2-4-9-12/h2-4,8-9,11,13H,5-7,10H2,1H3,(H2,15,16,17)</InChI>
    </Compound>
    <Compound>
        <Id>67</Id>
        <Name>N-Phenyl-N-methylurea</Name>
        <Labels></Labels>
        <Cargos>mdl-molfile</Cargos>
        <Cas>4559-87-9</Cas>
        <InChI>InChI=1S/C8H10N2O/c1-10(8(9)11)7-5-3-2-4-6-7/h2-6H,1H3,(H2,9,11)</InChI>
    </Compound>
    <Compound>
        <Id>68</Id>
        <Name>N-(3,4-Dichlorophenyl)-N'-methylurea</Name>
        <Labels></Labels>
        <Cargos>mdl-molfile</Cargos>
        <Cas>3567-62-2</Cas>
        <InChI>InChI=1S/C8H8Cl2N2O/c1-11-8(13)12-5-2-3-6(9)7(10)4-5/h2-4H,1H3,(H2,11,12,13)</InChI>
    </Compound>
    <Compound>
        <Id>69</Id>
        <Name>N-(3-Chloro-4-methylphenyl)-N'-methylurea</Name>
        <Labels></Labels>
        <Cargos>mdl-molfile</Cargos>
        <Cas>22175-22-0</Cas>
        <InChI>InChI=1S/C9H11ClN2O/c1-6-3-4-7(5-8(6)10)12-9(13)11-2/h3-5H,1-2H3,(H2,11,12,13)</InChI>
    </Compound>
    <Compound>
        <Id>70</Id>
        <Name>N-(3-Chloro-4-methoxyphenyl)-N'methylurea</Name>
        <Labels></Labels>
        <Cargos>mdl-molfile</Cargos>
        <Cas>20782-57-4</Cas>
        <InChI>InChI=1S/C9H11ClN2O2/c1-11-9(13)12-6-3-4-8(14-2)7(10)5-6/h3-5H,1-2H3,(H2,11,12,13)</InChI>
    </Compound>
    <Compound>
        <Id>71</Id>
        <Name>Fenuron</Name>
        <Labels></Labels>
        <Cargos>mdl-molfile</Cargos>
        <Cas>101-42-8</Cas>
        <InChI>InChI=1S/C9H12N2O/c1-11(2)9(12)10-8-6-4-3-5-7-8/h3-7H,1-2H3,(H,10,12)</InChI>
    </Compound>
    <Compound>
        <Id>72</Id>
        <Name>N-(3-Chlorophenyl)-N',N'-dimethylurea</Name>
        <Labels></Labels>
        <Cargos>mdl-molfile</Cargos>
        <Cas>587-34-8</Cas>
        <InChI>InChI=1S/C9H11ClN2O/c1-12(2)9(13)11-8-5-3-4-7(10)6-8/h3-6H,1-2H3,(H,11,13)</InChI>
    </Compound>
    <Compound>
        <Id>73</Id>
        <Name>N-(4-Fluorophenyl)-N',N'-dimethylurea</Name>
        <Labels></Labels>
        <Cargos>mdl-molfile</Cargos>
        <Cas>332-33-2</Cas>
        <InChI>InChI=1S/C9H11FN2O/c1-12(2)9(13)11-8-5-3-7(10)4-6-8/h3-6H,1-2H3,(H,11,13)</InChI>
    </Compound>
    <Compound>
        <Id>74</Id>
        <Name>Monuron</Name>
        <Labels></Labels>
        <Cargos>mdl-molfile</Cargos>
        <Cas>150-68-5</Cas>
        <InChI>InChI=1S/C9H11ClN2O/c1-12(2)9(13)11-8-5-3-7(10)4-6-8/h3-6H,1-2H3,(H,11,13)</InChI>
    </Compound>
    <Compound>
        <Id>75</Id>
        <Name>N-(4-Methylphenyl)-N',N'-dimethylurea</Name>
        <Labels></Labels>
        <Cargos>mdl-molfile</Cargos>
        <Cas>7160-01-2</Cas>
        <InChI>InChI=1S/C10H14N2O/c1-8-4-6-9(7-5-8)11-10(13)12(2)3/h4-7H,1-3H3,(H,11,13)</InChI>
    </Compound>
    <Compound>
        <Id>76</Id>
        <Name>Metoxuron</Name>
        <Labels></Labels>
        <Cargos>mdl-molfile</Cargos>
        <Cas>19937-59-8</Cas>
        <InChI>InChI=1S/C10H13ClN2O2/c1-13(2)10(14)12-7-4-5-9(15-3)8(11)6-7/h4-6H,1-3H3,(H,12,14)</InChI>
    </Compound>
    <Compound>
        <Id>77</Id>
        <Name>Chlorotoluron</Name>
        <Labels></Labels>
        <Cargos>mdl-molfile</Cargos>
        <Cas>15545-48-9</Cas>
        <InChI>InChI=1S/C10H13ClN2O/c1-7-4-5-8(6-9(7)11)12-10(14)13(2)3/h4-6H,1-3H3,(H,12,14)</InChI>
    </Compound>
    <Compound>
        <Id>78</Id>
        <Name>N-(3,5-Dimethylphenyl)-N',N'-dimethylurea</Name>
        <Labels></Labels>
        <Cargos>mdl-molfile</Cargos>
        <Cas>36627-56-2</Cas>
        <InChI>InChI=1S/C11H16N2O/c1-8-5-9(2)7-10(6-8)12-11(14)13(3)4/h5-7H,1-4H3,(H,12,14)</InChI>
    </Compound>
    <Compound>
        <Id>79</Id>
        <Name>Diuron</Name>
        <Labels></Labels>
        <Cargos>mdl-molfile</Cargos>
        <Cas>330-54-1</Cas>
        <InChI>InChI=1S/C9H10Cl2N2O/c1-13(2)9(14)12-6-3-4-7(10)8(11)5-6/h3-5H,1-2H3,(H,12,14)</InChI>
    </Compound>
    <Compound>
        <Id>80</Id>
        <Name>Chlorbromuron</Name>
        <Labels></Labels>
        <Cargos>mdl-molfile</Cargos>
        <Cas>13360-45-7</Cas>
        <InChI>InChI=1S/C9H10BrClN2O2/c1-13(15-2)9(14)12-6-3-4-7(10)8(11)5-6/h3-5H,1-2H3,(H,12,14)</InChI>
    </Compound>
    <Compound>
        <Id>81</Id>
        <Name>Ametryn</Name>
        <Labels></Labels>
        <Cargos>mdl-molfile</Cargos>
        <Cas>834-12-8</Cas>
        <InChI>InChI=1S/C9H17N5S/c1-5-10-7-12-8(11-6(2)3)14-9(13-7)15-4/h6H,5H2,1-4H3,(H2,10,11,12,13,14)</InChI>
    </Compound>
    <Compound>
        <Id>82</Id>
        <Name>Atrazine</Name>
        <Labels></Labels>
        <Cargos>mdl-molfile</Cargos>
        <Cas>1912-24-9</Cas>
        <InChI>InChI=1S/C8H14ClN5/c1-4-10-7-12-6(9)13-8(14-7)11-5(2)3/h5H,4H2,1-3H3,(H2,10,11,12,13,14)</InChI>
    </Compound>
    <Compound>
        <Id>83</Id>
        <Name>Cyanazine</Name>
        <Labels></Labels>
        <Cargos>mdl-molfile</Cargos>
        <Cas>21725-46-2</Cas>
        <InChI>InChI=1S/C9H13ClN6/c1-4-12-7-13-6(10)14-8(15-7)16-9(2,3)5-11/h4H2,1-3H3,(H2,12,13,14,15,16)</InChI>
    </Compound>
    <Compound>
        <Id>84</Id>
        <Name>Dipropetryn</Name>
        <Labels></Labels>
        <Cargos>mdl-molfile</Cargos>
        <Cas>4147-51-7</Cas>
        <InChI>InChI=1S/C11H21N5S/c1-6-17-11-15-9(12-7(2)3)14-10(16-11)13-8(4)5/h7-8H,6H2,1-5H3,(H2,12,13,14,15,16)</InChI>
    </Compound>
    <Compound>
        <Id>85</Id>
        <Name>Metribuzin</Name>
        <Labels></Labels>
        <Cargos>mdl-molfile</Cargos>
        <Cas>21087-64-9</Cas>
        <InChI>InChI=1S/C8H14N4OS/c1-8(2,3)5-6(13)12(9)7(14-4)11-10-5/h9H2,1-4H3</InChI>
    </Compound>
    <Compound>
        <Id>86</Id>
        <Name>Prometon</Name>
        <Labels></Labels>
        <Cargos>mdl-molfile</Cargos>
        <Cas>1610-18-0</Cas>
        <InChI>InChI=1S/C10H19N5O/c1-6(2)11-8-13-9(12-7(3)4)15-10(14-8)16-5/h6-7H,1-5H3,(H2,11,12,13,14,15)</InChI>
    </Compound>
    <Compound>
        <Id>87</Id>
        <Name>Propazine</Name>
        <Labels></Labels>
        <Cargos>mdl-molfile</Cargos>
        <Cas>139-40-2</Cas>
        <InChI>InChI=1S/C9H16ClN5/c1-5(2)11-8-13-7(10)14-9(15-8)12-6(3)4/h5-6H,1-4H3,(H2,11,12,13,14,15)</InChI>
    </Compound>
    <Compound>
        <Id>88</Id>
        <Name>Simazine</Name>
        <Labels></Labels>
        <Cargos>mdl-molfile</Cargos>
        <Cas>122-34-9</Cas>
        <InChI>InChI=1S/C7H12ClN5/c1-3-9-6-11-5(8)12-7(13-6)10-4-2/h3-4H2,1-2H3,(H2,9,10,11,12,13)</InChI>
    </Compound>
    <Compound>
        <Id>89</Id>
        <Name>Secbumeton</Name>
        <Labels></Labels>
        <Cargos>mdl-molfile</Cargos>
        <Cas>26259-45-0</Cas>
        <InChI>InChI=1S/C10H19N5O/c1-5-7(3)12-9-13-8(11-6-2)14-10(15-9)16-4/h7H,5-6H2,1-4H3,(H2,11,12,13,14,15)</InChI>
    </Compound>
    <Compound>
        <Id>90</Id>
        <Name>Terbutryn</Name>
        <Labels></Labels>
        <Cargos>mdl-molfile</Cargos>
        <Cas>886-50-0</Cas>
        <InChI>InChI=1S/C10H19N5S/c1-6-11-7-12-8(15-10(2,3)4)14-9(13-7)16-5/h6H2,1-5H3,(H2,11,12,13,14,15)</InChI>
    </Compound>
    <Compound>
        <Id>91</Id>
        <Name>Trietazine</Name>
        <Labels></Labels>
        <Cargos>mdl-molfile</Cargos>
        <Cas>1912-26-1</Cas>
        <InChI>InChI=1S/C9H16ClN5/c1-4-11-8-12-7(10)13-9(14-8)15(5-2)6-3/h4-6H2,1-3H3,(H,11,12,13,14)</InChI>
    </Compound>
    <Compound>
        <Id>92</Id>
        <Name>Ipazine</Name>
        <Labels></Labels>
        <Cargos>mdl-molfile</Cargos>
        <Cas>1912-25-0</Cas>
        <InChI>InChI=1S/C10H18ClN5/c1-5-16(6-2)10-14-8(11)13-9(15-10)12-7(3)4/h7H,5-6H2,1-4H3,(H,12,13,14,15)</InChI>
    </Compound>
    <Compound>
        <Id>93</Id>
        <Name>Propiconazole</Name>
        <Labels></Labels>
        <Cargos>mdl-molfile</Cargos>
        <Cas>60207-90-1</Cas>
        <InChI>InChI=1S/C15H17Cl2N3O2/c1-2-3-12-7-21-15(22-12,8-20-10-18-9-19-20)13-5-4-11(16)6-14(13)17/h4-6,9-10,12H,2-3,7-8H2,1H3</InChI>
    </Compound>
    <Compound>
        <Id>94</Id>
        <Name>Tebuthiuron</Name>
        <Labels></Labels>
        <Cargos>mdl-molfile</Cargos>
        <Cas>34014-18-1</Cas>
        <InChI>InChI=1S/C9H16N4OS/c1-9(2,3)6-11-12-8(15-6)13(5)7(14)10-4/h1-5H3,(H,10,14)</InChI>
    </Compound>
    <Compound>
        <Id>95</Id>
        <Name>Triadimefon</Name>
        <Labels></Labels>
        <Cargos>mdl-molfile</Cargos>
        <Cas>43121-43-3</Cas>
        <InChI>InChI=1S/C14H16ClN3O2/c1-14(2,3)12(19)13(18-9-16-8-17-18)20-11-6-4-10(15)5-7-11/h4-9,13H,1-3H3</InChI>
    </Compound>
    <Compound>
        <Id>96</Id>
        <Name>Tricyclazole</Name>
        <Labels></Labels>
        <Cargos>mdl-molfile</Cargos>
        <Cas>41814-78-2</Cas>
        <InChI>InChI=1S/C9H7N3S/c1-6-3-2-4-7-8(6)12-5-10-11-9(12)13-7/h2-5H,1H3</InChI>
    </Compound>
    <Compound>
        <Id>97</Id>
        <Name>Aldicarb sulfoxide</Name>
        <Labels></Labels>
        <Cargos>mdl-molfile</Cargos>
        <Cas>1646-87-3</Cas>
        <InChI>InChI=1S/C7H14N2O3S/c1-7(2,13(4)11)5-9-12-6(10)8-3/h5H,1-4H3,(H,8,10)/b9-5+</InChI>
    </Compound>
    <Compound>
        <Id>98</Id>
        <Name>Asulam</Name>
        <Labels></Labels>
        <Cargos>mdl-molfile</Cargos>
        <Cas>3337-71-1</Cas>
        <InChI>InChI=1S/C8H10N2O4S/c1-14-8(11)10-15(12,13)7-4-2-6(9)3-5-7/h2-5H,9H2,1H3,(H,10,11)</InChI>
    </Compound>
    <Compound>
        <Id>99</Id>
        <Name>Chlorbufam</Name>
        <Labels></Labels>
        <Cargos>mdl-molfile</Cargos>
        <Cas>1967-16-4</Cas>
        <InChI>InChI=1S/C11H10ClNO2/c1-3-8(2)15-11(14)13-10-6-4-5-9(12)7-10/h1,4-8H,2H3,(H,13,14)</InChI>
    </Compound>
    <Compound>
        <Id>100</Id>
        <Name>Fenobucarb</Name>
        <Labels></Labels>
        <Cargos>mdl-molfile</Cargos>
        <Cas>3766-81-2</Cas>
        <InChI>InChI=1/C12H17NO2/c1-4-9(2)10-7-5-6-8-11(10)15-12(14)13-3/h5-9H,4H2,1-3H3,(H,13,14)</InChI>
    </Compound>
    <Compound>
        <Id>101</Id>
        <Name>Thiodicarb</Name>
        <Labels></Labels>
        <Cargos>mdl-molfile</Cargos>
        <Cas>59669-26-0</Cas>
        <InChI>InChI=1S/C10H18N4O4S3/c1-7(19-5)11-17-9(15)13(3)21-14(4)10(16)18-12-8(2)20-6/h1-6H3</InChI>
    </Compound>
    <Compound>
        <Id>102</Id>
        <Name>Demeton-S-methyl</Name>
        <Labels></Labels>
        <Cargos>mdl-molfile</Cargos>
        <Cas>919-86-8</Cas>
        <InChI>InChI=1S/C6H15O3PS2/c1-4-11-5-6-12-10(7,8-2)9-3/h4-6H2,1-3H3</InChI>
    </Compound>
    <Compound>
        <Id>103</Id>
        <Name>Dichlorvos</Name>
        <Labels></Labels>
        <Cargos>mdl-molfile</Cargos>
        <Cas>62-73-7</Cas>
        <InChI>InChI=1S/C4H7Cl2O4P/c1-8-11(7,9-2)10-3-4(5)6/h3H,1-2H3</InChI>
    </Compound>
    <Compound>
        <Id>104</Id>
        <Name>Leptophos</Name>
        <Labels></Labels>
        <Cargos>mdl-molfile</Cargos>
        <Cas>21609-90-5</Cas>
        <InChI>InChI=1S/C13H10BrCl2O2PS/c1-17-19(20,9-5-3-2-4-6-9)18-13-8-11(15)10(14)7-12(13)16/h2-8H,1H3</InChI>
    </Compound>
    <Compound>
        <Id>105</Id>
        <Name>Methidathion</Name>
        <Labels></Labels>
        <Cargos>mdl-molfile</Cargos>
        <Cas>950-37-8</Cas>
        <InChI>InChI=1S/C6H11N2O4PS3/c1-10-5-7-8(6(9)16-5)4-15-13(14,11-2)12-3/h4H2,1-3H3</InChI>
    </Compound>
    <Compound>
        <Id>106</Id>
        <Name>Piperophos</Name>
        <Labels></Labels>
        <Cargos>mdl-molfile</Cargos>
        <Cas>24151-93-7</Cas>
        <InChI>InChI=1S/C14H28NO3PS2/c1-4-10-17-19(20,18-11-5-2)21-12-14(16)15-9-7-6-8-13(15)3/h13H,4-12H2,1-3H3</InChI>
    </Compound>
    <Compound>
        <Id>107</Id>
        <Name>Pirimiphos methyl</Name>
        <Labels></Labels>
        <Cargos>mdl-molfile</Cargos>
        <Cas>29232-93-7</Cas>
        <InChI>InChI=1S/C11H20N3O3PS/c1-6-14(7-2)11-12-9(3)8-10(13-11)17-18(19,15-4)16-5/h8H,6-7H2,1-5H3</InChI>
    </Compound>
    <Compound>
        <Id>108</Id>
        <Name>Terbuthylazine</Name>
        <Labels></Labels>
        <Cargos>mdl-molfile</Cargos>
        <Cas>5915-41-3</Cas>
        <InChI>InChI=1S/C9H16ClN5/c1-5-11-7-12-6(10)13-8(14-7)15-9(2,3)4/h5H2,1-4H3,(H2,11,12,13,14,15)</InChI>
    </Compound>
    <Compound>
        <Id>109</Id>
        <Name>Acetochlor</Name>
        <Labels></Labels>
        <Cargos>mdl-molfile</Cargos>
        <Cas>34256-82-1</Cas>
        <InChI>InChI=1S/C14H20ClNO2/c1-4-12-8-6-7-11(3)14(12)16(10-18-5-2)13(17)9-15/h6-8H,4-5,9-10H2,1-3H3</InChI>
    </Compound>
    <Compound>
        <Id>110</Id>
        <Name>Metalaxyl</Name>
        <Labels></Labels>
        <Cargos>mdl-molfile</Cargos>
        <Cas>57837-19-1</Cas>
        <InChI>InChI=1S/C15H21NO4/c1-10-7-6-8-11(2)14(10)16(13(17)9-19-4)12(3)15(18)20-5/h6-8,12H,9H2,1-5H3</InChI>
    </Compound>
    <Compound>
        <Id>111</Id>
        <Name>Metolachlor</Name>
        <Labels></Labels>
        <Cargos>mdl-molfile</Cargos>
        <Cas>51218-45-2</Cas>
        <InChI>InChI=1S/C15H22ClNO2/c1-5-13-8-6-7-11(2)15(13)17(14(18)9-16)12(3)10-19-4/h6-8,12H,5,9-10H2,1-4H3</InChI>
    </Compound>
    <Compound>
        <Id>112</Id>
        <Name>Aldicarb</Name>
        <Labels></Labels>
        <Cargos>mdl-molfile</Cargos>
        <Cas>116-06-3</Cas>
        <InChI>InChI=1S/C7H14N2O2S/c1-7(2,12-4)5-9-11-6(10)8-3/h5H,1-4H3,(H,8,10)/b9-5+</InChI>
    </Compound>
    <Compound>
        <Id>113</Id>
        <Name>Benomyl</Name>
        <Labels></Labels>
        <Cargos>mdl-molfile</Cargos>
        <Cas>17804-35-2</Cas>
        <InChI>InChI=1S/C14H18N4O3/c1-3-4-9-15-13(19)18-11-8-6-5-7-10(11)16-12(18)17-14(20)21-2/h5-8H,3-4,9H2,1-2H3,(H,15,19)(H,16,17,20)</InChI>
    </Compound>
    <Compound>
        <Id>114</Id>
        <Name>Carbendazim</Name>
        <Labels></Labels>
        <Cargos>mdl-molfile</Cargos>
        <Cas>10605-21-7</Cas>
        <InChI>InChI=1S/C9H9N3O2/c1-14-9(13)12-8-10-6-4-2-3-5-7(6)11-8/h2-5H,1H3,(H2,10,11,12,13)</InChI>
    </Compound>
    <Compound>
        <Id>115</Id>
        <Name>EPTC</Name>
        <Labels></Labels>
        <Cargos>mdl-molfile</Cargos>
        <Cas>759-94-4</Cas>
        <InChI>InChI=1S/C9H19NOS/c1-4-7-10(8-5-2)9(11)12-6-3/h4-8H2,1-3H3</InChI>
    </Compound>
    <Compound>
        <Id>116</Id>
        <Name>Methomyl</Name>
        <Labels></Labels>
        <Cargos>mdl-molfile</Cargos>
        <Cas>16752-77-5</Cas>
        <InChI>InChI=1S/C5H10N2O2S/c1-4(10-3)7-9-5(8)6-2/h1-3H3,(H,6,8)</InChI>
    </Compound>
    <Compound>
        <Id>117</Id>
        <Name>Oxamyl</Name>
        <Labels></Labels>
        <Cargos>mdl-molfile</Cargos>
        <Cas>23135-22-0</Cas>
        <InChI>InChI=1S/C7H13N3O3S/c1-8-7(12)13-9-5(14-4)6(11)10(2)3/h1-4H3,(H,8,12)</InChI>
    </Compound>
    <Compound>
        <Id>118</Id>
        <Name>Pebulate</Name>
        <Labels></Labels>
        <Cargos>mdl-molfile</Cargos>
        <Cas>1114-71-2</Cas>
        <InChI>InChI=1S/C10H21NOS/c1-4-7-8-11(6-3)10(12)13-9-5-2/h4-9H2,1-3H3</InChI>
    </Compound>
    <Compound>
        <Id>119</Id>
        <Name>Propyl-N-phenylcarbamate</Name>
        <Labels></Labels>
        <Cargos>mdl-molfile</Cargos>
        <Cas>5532-90-1</Cas>
        <InChI>InChI=1S/C10H13NO2/c1-2-8-13-10(12)11-9-6-4-3-5-7-9/h3-7H,2,8H2,1H3,(H,11,12)</InChI>
    </Compound>
    <Compound>
        <Id>120</Id>
        <Name>Butyl-N-phenylcarbamate</Name>
        <Labels></Labels>
        <Cargos>mdl-molfile</Cargos>
        <Cas>1538-74-5</Cas>
        <InChI>InChI=1S/C11H15NO2/c1-2-3-9-14-11(13)12-10-7-5-4-6-8-10/h4-8H,2-3,9H2,1H3,(H,12,13)</InChI>
    </Compound>
    <Compound>
        <Id>121</Id>
        <Name>Pentyl-N-phenylcarbamate</Name>
        <Description>Structure (mol-file) and name does not match</Description>
        <Labels></Labels>
        <Cargos>mdl-molfile</Cargos>
        <Cas>63075-06-9</Cas>
        <InChI>InChI=1S/C12H17NO2/c1-2-3-7-10-15-12(14)13-11-8-5-4-6-9-11/h4-6,8-9H,2-3,7,10H2,1H3,(H,13,14)</InChI>
    </Compound>
    <Compound>
        <Id>122</Id>
        <Name>Methyl-N-(3-chlorophenyl)carbamate</Name>
        <Description>Structure (mol-file) and name does not match</Description>
        <Labels></Labels>
        <Cargos>mdl-molfile</Cargos>
        <Cas>2150-88-1</Cas>
        <InChI>InChI=1S/C8H8ClNO2/c1-12-8(11)10-7-4-2-3-6(9)5-7/h2-5H,1H3,(H,10,11)</InChI>
    </Compound>
    <Compound>
        <Id>123</Id>
        <Name>Propham</Name>
        <Labels></Labels>
        <Cargos>mdl-molfile</Cargos>
        <Cas>122-42-9</Cas>
        <InChI>InChI=1S/C10H13NO2/c1-8(2)13-10(12)11-9-6-4-3-5-7-9/h3-8H,1-2H3,(H,11,12)</InChI>
    </Compound>
    <Compound>
        <Id>124</Id>
        <Name>Propoxur</Name>
        <Labels></Labels>
        <Cargos>mdl-molfile</Cargos>
        <Cas>114-26-1</Cas>
        <InChI>InChI=1S/C11H15NO3/c1-8(2)14-9-6-4-5-7-10(9)15-11(13)12-3/h4-8H,1-3H3,(H,12,13)</InChI>
    </Compound>
    <Compound>
        <Id>125</Id>
        <Name>Triallate</Name>
        <Labels></Labels>
        <Cargos>mdl-molfile</Cargos>
        <Cas>2303-17-5</Cas>
        <InChI>InChI=1S/C10H16Cl3NOS/c1-6(2)14(7(3)4)10(15)16-5-8(11)9(12)13/h6-7H,5H2,1-4H3</InChI>
    </Compound>
    <Compound>
        <Id>126</Id>
        <Name>Benfluralin</Name>
        <Labels></Labels>
        <Cargos>mdl-molfile</Cargos>
        <Cas>1861-40-1</Cas>
        <InChI>InChI=1S/C13H16F3N3O4/c1-3-5-6-17(4-2)12-10(18(20)21)7-9(13(14,15)16)8-11(12)19(22)23/h7-8H,3-6H2,1-2H3</InChI>
    </Compound>
    <Compound>
        <Id>127</Id>
        <Name>Nitralin</Name>
        <Labels></Labels>
        <Cargos>mdl-molfile</Cargos>
        <Cas>4726-14-1</Cas>
        <InChI>InChI=1S/C13H19N3O6S/c1-4-6-14(7-5-2)13-11(15(17)18)8-10(23(3,21)22)9-12(13)16(19)20/h8-9H,4-7H2,1-3H3</InChI>
    </Compound>
    <Compound>
        <Id>128</Id>
        <Name>p,p'-DDT</Name>
        <Labels></Labels>
        <Cargos>mdl-molfile</Cargos>
        <Cas>50-29-3</Cas>
        <InChI>InChI=1S/C14H9Cl5/c15-11-5-1-9(2-6-11)13(14(17,18)19)10-3-7-12(16)8-4-10/h1-8,13H</InChI>
    </Compound>
    <Compound>
        <Id>129</Id>
        <Name>p,p'-DDE</Name>
        <Labels></Labels>
        <Cargos>mdl-molfile</Cargos>
        <Cas>72-55-9</Cas>
        <InChI>InChI=1S/C14H8Cl4/c15-11-5-1-9(2-6-11)13(14(17)18)10-3-7-12(16)8-4-10/h1-8H</InChI>
    </Compound>
    <Compound>
        <Id>130</Id>
        <Name>Dieldrin</Name>
        <Labels></Labels>
        <Cargos>mdl-molfile</Cargos>
        <Cas>60-57-1</Cas>
        <InChI>InChI=1S/C12H8Cl6O/c13-8-9(14)11(16)5-3-1-2(6-7(3)19-6)4(5)10(8,15)12(11,17)18/h2-7H,1H2/t2-,3+,4+,5-,6-,7+,10+,11-</InChI>
    </Compound>
    <Compound>
        <Id>131</Id>
        <Name>Azinphos methyl</Name>
        <Labels></Labels>
        <Cargos>mdl-molfile</Cargos>
        <Cas>86-50-0</Cas>
        <InChI>InChI=1S/C10H12N3O3PS2/c1-15-17(18,16-2)19-7-13-10(14)8-5-3-4-6-9(8)11-12-13/h3-6H,7H2,1-2H3</InChI>
    </Compound>
    <Compound>
        <Id>132</Id>
        <Name>Chlorfenvinphos (trans)</Name>
        <Labels></Labels>
        <Cargos>mdl-molfile</Cargos>
        <Cas>18708-86-6</Cas>
        <InChI>InChI=1S/C12H14Cl3O4P/c1-3-17-20(16,18-4-2)19-12(8-13)10-6-5-9(14)7-11(10)15/h5-8H,3-4H2,1-2H3/b12-8+</InChI>
    </Compound>
    <Compound>
        <Id>133</Id>
        <Name>Diazinon</Name>
        <Labels></Labels>
        <Cargos>mdl-molfile</Cargos>
        <Cas>333-41-5</Cas>
        <InChI>InChI=1S/C12H21N2O3PS/c1-6-15-18(19,16-7-2)17-11-8-10(5)13-12(14-11)9(3)4/h8-9H,6-7H2,1-5H3</InChI>
    </Compound>
    <Compound>
        <Id>134</Id>
        <Name>Ethoprophos</Name>
        <Labels></Labels>
        <Cargos>mdl-molfile</Cargos>
        <Cas>13194-48-4</Cas>
        <InChI>InChI=1S/C8H19O2PS2/c1-4-7-12-11(9,10-6-3)13-8-5-2/h4-8H2,1-3H3</InChI>
    </Compound>
    <Compound>
        <Id>135</Id>
        <Name>Fensulfothion</Name>
        <Labels></Labels>
        <Cargos>mdl-molfile</Cargos>
        <Cas>115-90-2</Cas>
        <InChI>InChI=1S/C11H17O4PS2/c1-4-13-16(17,14-5-2)15-10-6-8-11(9-7-10)18(3)12/h6-9H,4-5H2,1-3H3</InChI>
    </Compound>
    <Compound>
        <Id>136</Id>
        <Name>Malathion</Name>
        <Labels></Labels>
        <Cargos>mdl-molfile</Cargos>
        <Cas>121-75-5</Cas>
        <InChI>InChI=1S/C10H19O6PS2/c1-5-15-9(11)7-8(10(12)16-6-2)19-17(18,13-3)14-4/h8H,5-7H2,1-4H3</InChI>
    </Compound>
    <Compound>
        <Id>137</Id>
        <Name>3-Chlorophenylurea</Name>
        <Labels></Labels>
        <Cargos>mdl-molfile</Cargos>
        <Cas>1967-27-7</Cas>
        <InChI>InChI=1S/C7H7ClN2O/c8-5-2-1-3-6(4-5)10-7(9)11/h1-4H,(H3,9,10,11)</InChI>
    </Compound>
    <Compound>
        <Id>138</Id>
        <Name>4-Fluorophenylurea</Name>
        <Labels></Labels>
        <Cargos>mdl-molfile</Cargos>
        <Cas>659-30-3</Cas>
        <InChI>InChI=1S/C7H7FN2O/c8-5-1-3-6(4-2-5)10-7(9)11/h1-4H,(H3,9,10,11)</InChI>
    </Compound>
    <Compound>
        <Id>139</Id>
        <Name>4-Phenoxyphenylurea</Name>
        <Labels></Labels>
        <Cargos>mdl-molfile</Cargos>
        <Cas>78508-44-8</Cas>
        <InChI>InChI=1S/C13H12N2O2/c14-13(16)15-10-6-8-12(9-7-10)17-11-4-2-1-3-5-11/h1-9H,(H3,14,15,16)</InChI>
    </Compound>
    <Compound>
        <Id>140</Id>
        <Name>3-Methyl-4-Fluorophenylurea</Name>
        <Labels></Labels>
        <Cargos>mdl-molfile</Cargos>
        <Cas>78508-45-9</Cas>
        <InChI>InChI=1S/C8H9FN2O/c1-5-4-6(11-8(10)12)2-3-7(5)9/h2-4H,1H3,(H3,10,11,12)</InChI>
    </Compound>
    <Compound>
        <Id>141</Id>
        <Name>N-(3-Chlorophenyl)-N'-methylurea</Name>
        <Labels></Labels>
        <Cargos>mdl-molfile</Cargos>
        <Cas>20940-42-5</Cas>
        <InChI>InChI=1S/C8H9ClN2O/c1-10-8(12)11-7-4-2-3-6(9)5-7/h2-5H,1H3,(H2,10,11,12)</InChI>
    </Compound>
    <Compound>
        <Id>142</Id>
        <Name>N-(3-Methoxyphenyl)-N',N'-dimethylurea</Name>
        <Description>Structure (mol-file) and name does not match</Description>
        <Labels></Labels>
        <Cargos>mdl-molfile</Cargos>
        <Cas>28170-54-9</Cas>
        <InChI>InChI=1S/C10H14N2O2/c1-12(2)10(13)11-8-5-4-6-9(7-8)14-3/h4-7H,1-3H3,(H,11,13)</InChI>
    </Compound>
    <Compound>
        <Id>143</Id>
        <Name>N-(3-Fluorophenyl)-N',N'-dimethylurea</Name>
        <Labels></Labels>
        <Cargos>mdl-molfile</Cargos>
        <Cas>330-39-2</Cas>
        <InChI>InChI=1S/C9H11FN2O/c1-12(2)9(13)11-8-5-3-4-7(10)6-8/h3-6H,1-2H3,(H,11,13)</InChI>
    </Compound>
    <Compound>
        <Id>144</Id>
        <Name>Fluometuron</Name>
        <Labels></Labels>
        <Cargos>mdl-molfile</Cargos>
        <Cas>2164-17-2</Cas>
        <InChI>InChI=1S/C10H11F3N2O/c1-15(2)9(16)14-8-5-3-4-7(6-8)10(11,12)13/h3-6H,1-2H3,(H,14,16)</InChI>
    </Compound>
    <Compound>
        <Id>145</Id>
        <Name>N-(4-Methoxyphenyl)-N',N'-dimethylurea</Name>
        <Labels></Labels>
        <Cargos>mdl-molfile</Cargos>
        <Cas>7160-02-3</Cas>
        <InChI>InChI=1S/C10H14N2O2/c1-12(2)10(13)11-8-4-6-9(14-3)7-5-8/h4-7H,1-3H3,(H,11,13)</InChI>
    </Compound>
    <Compound>
        <Id>146</Id>
        <Name>N-(3,5-DiMethyl-4-Bromo-phenyl)-N',N'-dimethylurea</Name>
        <Labels></Labels>
        <Cargos>mdl-molfile</Cargos>
        <Cas>78508-43-7</Cas>
        <InChI>InChI=1S/C11H15BrN2O/c1-7-5-9(6-8(2)10(7)12)13-11(15)14(3)4/h5-6H,1-4H3,(H,13,15)</InChI>
    </Compound>
    <Compound>
        <Id>147</Id>
        <Name>Chloroxuron</Name>
        <Labels></Labels>
        <Cargos>mdl-molfile</Cargos>
        <Cas>1982-47-4</Cas>
        <InChI>InChI=1S/C15H15ClN2O2/c1-18(2)15(19)17-12-5-9-14(10-6-12)20-13-7-3-11(16)4-8-13/h3-10H,1-2H3,(H,17,19)</InChI>
    </Compound>
    <Compound>
        <Id>148</Id>
        <Name>Monolinuron</Name>
        <Labels></Labels>
        <Cargos>mdl-molfile</Cargos>
        <Cas>1746-81-2</Cas>
        <InChI>InChI=1S/C9H11ClN2O2/c1-12(14-2)9(13)11-8-5-3-7(10)4-6-8/h3-6H,1-2H3,(H,11,13)</InChI>
    </Compound>
    <Compound>
        <Id>149</Id>
        <Name>Metobromuron</Name>
        <Labels></Labels>
        <Cargos>mdl-molfile</Cargos>
        <Cas>3060-89-7</Cas>
        <InChI>InChI=1S/C9H11BrN2O2/c1-12(14-2)9(13)11-8-5-3-7(10)4-6-8/h3-6H,1-2H3,(H,11,13)</InChI>
    </Compound>
    <Compound>
        <Id>150</Id>
        <Name>Linuron</Name>
        <Labels></Labels>
        <Cargos>mdl-molfile</Cargos>
        <Cas>330-55-2</Cas>
        <InChI>InChI=1S/C9H10Cl2N2O2/c1-13(15-2)9(14)12-6-3-4-7(10)8(11)5-6/h3-5H,1-2H3,(H,12,14)</InChI>
    </Compound>
    <Compound>
        <Id>151</Id>
        <Name>Prometryn</Name>
        <Labels></Labels>
        <Cargos>mdl-molfile</Cargos>
        <Cas>7287-19-6</Cas>
        <InChI>InChI=1S/C10H19N5S/c1-6(2)11-8-13-9(12-7(3)4)15-10(14-8)16-5/h6-7H,1-5H3,(H2,11,12,13,14,15)</InChI>
    </Compound>
    <Compound>
        <Id>152</Id>
        <Name>Imazalil</Name>
        <Labels></Labels>
        <Cargos>mdl-molfile</Cargos>
        <Cas>35554-44-0</Cas>
        <InChI>InChI=1S/C14H14Cl2N2O/c1-2-7-19-14(9-18-6-5-17-10-18)12-4-3-11(15)8-13(12)16/h2-6,8,10,14H,1,7,9H2</InChI>
    </Compound>
    <Compound>
        <Id>153</Id>
        <Name>Oxadiazon</Name>
        <Labels></Labels>
        <Cargos>mdl-molfile</Cargos>
        <Cas>19666-30-9</Cas>
        <InChI>InChI=1S/C15H18Cl2N2O3/c1-8(2)21-12-7-11(9(16)6-10(12)17)19-14(20)22-13(18-19)15(3,4)5/h6-8H,1-5H3</InChI>
    </Compound>
    <Compound>
        <Id>154</Id>
        <Name>Thiabendazole</Name>
        <Labels></Labels>
        <Cargos>mdl-molfile</Cargos>
        <Cas>148-79-8</Cas>
        <InChI>InChI=1S/C10H7N3S/c1-2-4-8-7(3-1)12-10(13-8)9-5-14-6-11-9/h1-6H,(H,12,13)</InChI>
    </Compound>
    <Compound>
        <Id>155</Id>
        <Name>Pirimicarb</Name>
        <Labels></Labels>
        <Cargos>mdl-molfile</Cargos>
        <Cas>23103-98-2</Cas>
        <InChI>InChI=1S/C11H18N4O2/c1-7-8(2)12-10(14(3)4)13-9(7)17-11(16)15(5)6/h1-6H3</InChI>
    </Compound>
    <Compound>
        <Id>156</Id>
        <Name>Xylylcarb</Name>
        <Labels></Labels>
        <Cargos>mdl-molfile</Cargos>
        <Cas>2425-10-7</Cas>
        <InChI>InChI=1S/C10H13NO2/c1-7-4-5-9(6-8(7)2)13-10(12)11-3/h4-6H,1-3H3,(H,11,12)</InChI>
    </Compound>
    <Compound>
        <Id>157</Id>
        <Name>EPN</Name>
        <Labels></Labels>
        <Cargos>mdl-molfile</Cargos>
        <Cas>2104-64-5</Cas>
        <InChI>InChI=1S/C14H14NO4PS/c1-2-18-20(21,14-6-4-3-5-7-14)19-13-10-8-12(9-11-13)15(16)17/h3-11H,2H2,1H3</InChI>
    </Compound>
    <Compound>
        <Id>158</Id>
        <Name>Iprobenfos</Name>
        <Labels></Labels>
        <Cargos>mdl-molfile</Cargos>
        <Cas>26087-47-8</Cas>
        <InChI>InChI=1S/C13H21O3PS/c1-11(2)15-17(14,16-12(3)4)18-10-13-8-6-5-7-9-13/h5-9,11-12H,10H2,1-4H3</InChI>
    </Compound>
    <Compound>
        <Id>159</Id>
        <Name>Sulprofos</Name>
        <Labels></Labels>
        <Cargos>mdl-molfile</Cargos>
        <Cas>35400-43-2</Cas>
        <InChI>InChI=1S/C12H19O2PS3/c1-4-10-18-15(16,13-5-2)14-11-6-8-12(17-3)9-7-11/h6-9H,4-5,10H2,1-3H3</InChI>
    </Compound>
    <Compound>
        <Id>160</Id>
        <Name>Neburon</Name>
        <Labels></Labels>
        <Cargos>mdl-molfile</Cargos>
        <Cas>555-37-3</Cas>
        <InChI>InChI=1S/C12H16Cl2N2O/c1-3-4-7-16(2)12(17)15-9-5-6-10(13)11(14)8-9/h5-6,8H,3-4,7H2,1-2H3,(H,15,17)</InChI>
    </Compound>
    <Compound>
        <Id>161</Id>
        <Name>Anilazine</Name>
        <Labels></Labels>
        <Cargos>mdl-molfile</Cargos>
        <Cas>101-05-3</Cas>
        <InChI>InChI=1S/C9H5Cl3N4/c10-5-3-1-2-4-6(5)13-9-15-7(11)14-8(12)16-9/h1-4H,(H,13,14,15,16)</InChI>
    </Compound>
    <Compound>
        <Id>162</Id>
        <Name>Cyromazine</Name>
        <Labels></Labels>
        <Cargos>mdl-molfile</Cargos>
        <Cas>66215-27-8</Cas>
        <InChI>InChI=1S/C6H10N6/c7-4-10-5(8)12-6(11-4)9-3-1-2-3/h3H,1-2H2,(H5,7,8,9,10,11,12)</InChI>
    </Compound>
</CompoundRegistry>
