<?xml version="1.0" encoding="UTF-8" standalone="yes"?>
<DescriptorRegistry xmlns="http://www.qsardb.org/QDB">
    <Descriptor>
        <Id>AMW</Id>
        <Name>Average molecular weight</Name>
        <Labels></Labels>
        <Cargos>values</Cargos>
        <Application>DRAGON 5</Application>
    </Descriptor>
    <Descriptor>
        <Id>CIC0</Id>
        <Name>Complementary Information Content index (neighborhood symmetry of 0-order)</Name>
        <Labels></Labels>
        <Cargos>values</Cargos>
        <Application>DRAGON 5</Application>
    </Descriptor>
    <Descriptor>
        <Id>MATS7e</Id>
        <Name>Moran autocorrelation of lag 7 weighted by Sanderson electronegativity</Name>
        <Labels></Labels>
        <Cargos>values</Cargos>
        <Application>DRAGON 5</Application>
    </Descriptor>
    <Descriptor>
        <Id>nN</Id>
        <Name>Number of Nitrogen atoms</Name>
        <Labels></Labels>
        <Cargos>values</Cargos>
        <Application>DRAGON 5</Application>
    </Descriptor>
    <Descriptor>
        <Id>MATS1v</Id>
        <Name>Moran autocorrelation of lag 1 weighted by van der Waals volume</Name>
        <Labels></Labels>
        <Cargos>values</Cargos>
        <Application>DRAGON 5</Application>
    </Descriptor>
    <Descriptor>
        <Id>GATS3m</Id>
        <Name>Geary autocorrelation of lag 3 weighted by mass</Name>
        <Labels></Labels>
        <Cargos>values</Cargos>
        <Application>DRAGON 5</Application>
    </Descriptor>
    <Descriptor>
        <Id>B08[C-C]</Id>
        <Name>Presence/absence of C - C at topological distance 8</Name>
        <Labels></Labels>
        <Cargos>values</Cargos>
        <Application>DRAGON 5</Application>
    </Descriptor>
    <Descriptor>
        <Id>B09[N-Cl]</Id>
        <Name>Presence/absence of N - Cl at topological distance 9</Name>
        <Labels></Labels>
        <Cargos>values</Cargos>
        <Application>DRAGON 5</Application>
    </Descriptor>
    <Descriptor>
        <Id>RBN</Id>
        <Name>Number of rotatable bonds</Name>
        <Labels></Labels>
        <Cargos>values</Cargos>
        <Application>DRAGON 5</Application>
    </Descriptor>
    <Descriptor>
        <Id>BELp2</Id>
        <Name>Smallest eigenvalue n. 2 of Burden matrix weighted by polarizability</Name>
        <Labels></Labels>
        <Cargos>values</Cargos>
        <Application>DRAGON 5</Application>
    </Descriptor>
    <Descriptor>
        <Id>X1A</Id>
        <Name>Average connectivity index of order 1</Name>
        <Labels></Labels>
        <Cargos>values</Cargos>
        <Application>DRAGON 5</Application>
    </Descriptor>
    <Descriptor>
        <Id>GGI4</Id>
        <Name>Topological charge index of order 4</Name>
        <Labels></Labels>
        <Cargos>values</Cargos>
        <Application>DRAGON 5</Application>
    </Descriptor>
    <Descriptor>
        <Id>R2e</Id>
        <Name>R autocorrelation of lag 2 / weighted by Sanderson electronegativity</Name>
        <Labels></Labels>
        <Cargos>values</Cargos>
        <Application>DRAGON 5</Application>
    </Descriptor>
    <Descriptor>
        <Id>F03[N-N]</Id>
        <Name>Frequency of N - N at topological distance 3</Name>
        <Labels></Labels>
        <Cargos>values</Cargos>
        <Application>DRAGON 5</Application>
    </Descriptor>
</DescriptorRegistry>
