<?xml version="1.0" encoding="UTF-8" standalone="yes"?>
<DescriptorRegistry xmlns="http://www.qsardb.org/QDB">
    <Descriptor>
        <Id>D1</Id>
        <Name>Average Bonding Information content (order 2)</Name>
        <Labels></Labels>
        <Cargos>values</Cargos>
        <Application>QSARModel 4.0.4</Application>
    </Descriptor>
    <Descriptor>
        <Id>D2</Id>
        <Name>HOMO - LUMO energy gap (AM1)</Name>
        <Labels></Labels>
        <Cargos>values ucum</Cargos>
        <Application>QSARModel 4.0.4</Application>
    </Descriptor>
    <Descriptor>
        <Id>D3</Id>
        <Name>HPSA Polar (AM1) part of SASA</Name>
        <Labels></Labels>
        <Cargos>values ucum</Cargos>
        <Application>QSARModel 4.0.4</Application>
    </Descriptor>
    <Descriptor>
        <Id>D4</Id>
        <Name>Molecular weight</Name>
        <Labels></Labels>
        <Cargos>values ucum</Cargos>
        <Application>QSARModel 4.0.4</Application>
    </Descriptor>
    <Descriptor>
        <Id>D5</Id>
        <Name>min(#HA, #HD) (AM1)</Name>
        <Labels></Labels>
        <Cargos>values</Cargos>
        <Application>QSARModel 4.0.4</Application>
    </Descriptor>
</DescriptorRegistry>
