<?xml version="1.0" encoding="UTF-8" standalone="yes"?>
<CompoundRegistry xmlns="http://www.qsardb.org/QDB">
    <Compound>
        <Id>T01</Id>
        <Name>N,N'-dinitro-methanediamine</Name>
        <Labels></Labels>
        <Cargos>daylight-smiles mdl-molfile</Cargos>
        <Cas>14168-44-6</Cas>
        <InChI>InChI=1S/CH4N4O4/c6-4(7)2-1-3-5(8)9/h2-3H,1H2</InChI>
    </Compound>
    <Compound>
        <Id>T02</Id>
        <Name>N-Nitro-N-methyl-formamide</Name>
        <Labels></Labels>
        <Cargos>daylight-smiles mdl-molfile</Cargos>
        <Cas>59476-43-6</Cas>
        <InChI>InChI=1S/C2H4N2O3/c1-3(2-5)4(6)7/h2H,1H3</InChI>
    </Compound>
    <Compound>
        <Id>T03</Id>
        <Name>N,N'-dinitro-1,2-ethanediamine</Name>
        <Labels></Labels>
        <Cargos>daylight-smiles mdl-molfile</Cargos>
        <Cas>505-71-5</Cas>
        <InChI>InChI=1S/C2H6N4O4/c7-5(8)3-1-2-4-6(9)10/h3-4H,1-2H2</InChI>
    </Compound>
    <Compound>
        <Id>T04</Id>
        <Name>Methyl-2,2,2-trinitro-ethylnitroamine</Name>
        <Labels></Labels>
        <Cargos>daylight-smiles mdl-molfile</Cargos>
        <Cas>71081-38-4</Cas>
        <InChI>InChI=1S/C3H5N5O8/c1-4(8(15)16)2-3(5(9)10,6(11)12)7(13)14/h2H2,1H3</InChI>
    </Compound>
    <Compound>
        <Id>T05</Id>
        <Name>Trinitroethyl-nitroguanidine</Name>
        <Labels></Labels>
        <Cargos>daylight-smiles mdl-molfile</Cargos>
        <InChI>InChI=1S/C3H5N7O8/c4-2(6-10(17)18)5-1-3(7(11)12,8(13)14)9(15)16/h1H2,(H3,4,5,6)</InChI>
    </Compound>
    <Compound>
        <Id>T06</Id>
        <Name>N-methyl-N,N'-dinitro-1,2-ethanediamine</Name>
        <Labels></Labels>
        <Cargos>daylight-smiles mdl-molfile</Cargos>
        <Cas>10308-90-4</Cas>
        <InChI>InChI=1S/C3H8N4O4/c1-5(7(10)11)3-2-4-6(8)9/h4H,2-3H2,1H3</InChI>
    </Compound>
    <Compound>
        <Id>T07</Id>
        <Name>N-methyl-N-nitro-(trinitroethyl)-carbamate</Name>
        <Labels></Labels>
        <Cargos>daylight-smiles mdl-molfile</Cargos>
        <InChI>InChI=1S/C4H5N5O10/c1-5(9(17)18)3(10)19-2-4(6(11)12,7(13)14)8(15)16/h2H2,1H3</InChI>
    </Compound>
    <Compound>
        <Id>T08</Id>
        <Name>N,N'-dimethyl-N,N'-dinitrooxamide</Name>
        <Labels></Labels>
        <Cargos>daylight-smiles mdl-molfile</Cargos>
        <Cas>14760-99-7</Cas>
        <InChI>InChI=1S/C4H6N4O6/c1-5(7(11)12)3(9)4(10)6(2)8(13)14/h1-2H3</InChI>
    </Compound>
    <Compound>
        <Id>T09</Id>
        <Name>N-nitro-N-(trinitroethyl)-glycinamide</Name>
        <Labels></Labels>
        <Cargos>daylight-smiles mdl-molfile</Cargos>
        <Cas>101651-41-6</Cas>
        <InChI>InChI=1S/C4H6N6O9/c5-3(11)1-6(10(18)19)2-4(7(12)13,8(14)15)9(16)17/h1-2H2,(H2,5,11)</InChI>
    </Compound>
    <Compound>
        <Id>T10</Id>
        <Name>Cyclotetramethylenetetranitramine</Name>
        <Labels></Labels>
        <Cargos>daylight-smiles mdl-molfile</Cargos>
        <Cas>2691-41-0</Cas>
        <InChI>InChI=1S/C4H8N8O8/c13-9(14)5-1-6(10(15)16)3-8(12(19)20)4-7(2-5)11(17)18/h1-4H2</InChI>
    </Compound>
    <Compound>
        <Id>T11</Id>
        <Name>N,N'-Dinitro-N-[2-(nitroamino)ethyl]-1,2-ethanediamine</Name>
        <Labels></Labels>
        <Cargos>daylight-smiles mdl-molfile</Cargos>
        <InChI>InChI=1S/C4H10N6O6/c11-8(12)5-1-3-7(10(15)16)4-2-6-9(13)14/h5-6H,1-4H2</InChI>
    </Compound>
    <Compound>
        <Id>T12</Id>
        <Name>1,3,3,5,5-pentanitropiperidine</Name>
        <Labels></Labels>
        <Cargos>daylight-smiles mdl-molfile</Cargos>
        <Cas>71706-07-5</Cas>
        <InChI>InChI=1S/C5H6N6O10/c12-7(13)4(8(14)15)1-5(9(16)17,10(18)19)3-6(2-4)11(20)21/h1-3H2</InChI>
    </Compound>
    <Compound>
        <Id>T13</Id>
        <Name>2,2,2-trinitroethyl-3',3',3'-trinitropropylnitramine</Name>
        <Labels></Labels>
        <Cargos>daylight-smiles mdl-molfile</Cargos>
        <InChI>InChI=1S/C5H6N8O14/c14-7(15)4(8(16)17,9(18)19)1-2-6(13(26)27)3-5(10(20)21,11(22)23)12(24)25/h1-3H2</InChI>
    </Compound>
    <Compound>
        <Id>T14</Id>
        <Name>N,N'-(bis-2,2,2-trinitroethyl)-N,N'-dinitromethanediamine</Name>
        <Labels></Labels>
        <Cargos>daylight-smiles mdl-molfile</Cargos>
        <InChI>InChI=1S/C5H6N10O16/c16-8(17)4(9(18)19,10(20)21)1-6(14(28)29)3-7(15(30)31)2-5(11(22)23,12(24)25)13(26)27/h1-3H2</InChI>
    </Compound>
    <Compound>
        <Id>T15</Id>
        <Name>Trinitroethyl-2-methoxy-ethylnitramine</Name>
        <Description></Description>
        <Labels></Labels>
        <Cargos>daylight-smiles mdl-molfile</Cargos>
        <InChI>InChI=1S/C5H9N5O9/c1-19-3-2-6(10(17)18)4-5(7(11)12,8(13)14)9(15)16/h2-4H2,1H3</InChI>
    </Compound>
    <Compound>
        <Id>T16</Id>
        <Name>N-methyl-N'-trinitroethyl-N,N'-dinitro-1,2-ethanediamine</Name>
        <Labels></Labels>
        <Cargos>daylight-smiles mdl-molfile</Cargos>
        <InChI>InChI=1S/C5H9N7O10/c1-6(11(19)20)2-3-7(12(21)22)4-5(8(13)14,9(15)16)10(17)18/h2-4H2,1H3</InChI>
    </Compound>
    <Compound>
        <Id>T17</Id>
        <Name>N,N'-3,3-tetranitro-1,5-pentanediamine</Name>
        <Labels></Labels>
        <Cargos>daylight-smiles mdl-molfile</Cargos>
        <Cas>71706-06-4</Cas>
        <InChI>InChI=1S/C5H10N6O8/c12-8(13)5(9(14)15,1-3-6-10(16)17)2-4-7-11(18)19/h6-7H,1-4H2</InChI>
    </Compound>
    <Compound>
        <Id>T18</Id>
        <Name>2,2,2-trinitroethyl-4-nitrazavalerate</Name>
        <Description></Description>
        <Labels></Labels>
        <Cargos>daylight-smiles mdl-molfile</Cargos>
        <InChI>InChI=1S/C5H7N5O10/c1-6(10(18)19)2-4(11)20-3-5(7(12)13,8(14)15)9(16)17/h2-3H2,1H3</InChI>
    </Compound>
    <Compound>
        <Id>T19</Id>
        <Name>2',2',2'-trinitroethyl-2,5-dinitrzahexanoate</Name>
        <Labels></Labels>
        <Cargos>daylight-smiles mdl-molfile</Cargos>
        <InChI>InChI=1S/C6H9N7O12/c1-7(12(21)22)2-3-8(13(23)24)5(14)25-4-6(9(15)16,10(17)18)11(19)20/h2-4H2,1H3</InChI>
    </Compound>
    <Compound>
        <Id>T20</Id>
        <Name>2,2,2-trinitroethyl-3,3-dinitrobutyl nitramine</Name>
        <Labels></Labels>
        <Cargos>daylight-smiles mdl-molfile</Cargos>
        <InChI>InChI=1S/C6H9N7O12/c1-5(8(14)15,9(16)17)2-3-7(13(24)25)4-6(10(18)19,11(20)21)12(22)23/h2-4H2,1H3</InChI>
    </Compound>
    <Compound>
        <Id>T21</Id>
        <Name>1,7-dimethoxy-2,4,6-trinitroazaheptane</Name>
        <Labels></Labels>
        <Cargos>daylight-smiles mdl-molfile</Cargos>
        <InChI>InChI=1S/C6H14N6O8/c1-19-5-8(11(15)16)3-7(10(13)14)4-9(6-20-2)12(17)18/h3-6H2,1-2H3</InChI>
    </Compound>
    <Compound>
        <Id>T22</Id>
        <Name>N-nitro-N,N'-bis-(trinitropropyl)-urea</Name>
        <Labels></Labels>
        <Cargos>daylight-smiles mdl-molfile</Cargos>
        <InChI>InChI=1S/C7H9N9O15/c17-5(8-3-1-6(10(18)19,11(20)21)12(22)23)9(16(30)31)4-2-7(13(24)25,14(26)27)15(28)29/h1-4H2,(H,8,17)</InChI>
    </Compound>
    <Compound>
        <Id>T23</Id>
        <Name>2,2,2-Trinitroethyl-2,4,6,6-tetranitro-2,4-diazaheptanoate</Name>
        <Labels></Labels>
        <Cargos>daylight-smiles mdl-molfile</Cargos>
        <InChI>InChI=1S/C7H9N9O16/c1-6(10(18)19,11(20)21)2-8(15(28)29)4-9(16(30)31)5(17)32-3-7(12(22)23,13(24)25)14(26)27/h2-4H2,1H3</InChI>
    </Compound>
    <Compound>
        <Id>T24</Id>
        <Name>Bis-(2,2,2-trinitroethyl)-3-nitrazaglutarate</Name>
        <Labels></Labels>
        <Cargos>daylight-smiles mdl-molfile</Cargos>
        <InChI>InChI=1S/C8H8N8O18/c17-5(33-3-7(10(19)20,11(21)22)12(23)24)1-9(16(31)32)2-6(18)34-4-8(13(25)26,14(27)28)15(29)30/h1-4H2</InChI>
    </Compound>
    <Compound>
        <Id>T25</Id>
        <Name>Bis-(trinitroethyl)-2,4,6-trinitrazaheptanedioate</Name>
        <Labels></Labels>
        <Cargos>daylight-smiles mdl-molfile</Cargos>
        <InChI>InChI=1S/C8H8N12O22/c21-5(41-1-7(12(23)24,13(25)26)14(27)28)10(19(37)38)3-9(18(35)36)4-11(20(39)40)6(22)42-2-8(15(29)30,16(31)32)17(33)34/h1-4H2</InChI>
    </Compound>
    <Compound>
        <Id>T26</Id>
        <Name>1,1,1,3,6,9,11,11,11-nonanitro-3,6,9-triazaundecane</Name>
        <Labels></Labels>
        <Cargos>daylight-smiles mdl-molfile</Cargos>
        <InChI>InChI=1S/C8H12N12O18/c21-12(22)7(13(23)24,14(25)26)5-10(19(35)36)3-1-9(18(33)34)2-4-11(20(37)38)6-8(15(27)28,16(29)30)17(31)32/h1-6H2</InChI>
    </Compound>
    <Compound>
        <Id>T27</Id>
        <Name>N-(2,2-dinitrobutyl)-N-2,2-trinitro-1-butanamine</Name>
        <Labels></Labels>
        <Cargos>daylight-smiles mdl-molfile</Cargos>
        <InChI>InChI=1S/C8H14N6O10/c1-3-7(10(15)16,11(17)18)5-9(14(23)24)6-8(4-2,12(19)20)13(21)22/h3-6H2,1-2H3</InChI>
    </Compound>
    <Compound>
        <Id>T28</Id>
        <Name>2,2,4,7,9,9-hexanitro-4,7-diazadecane</Name>
        <Labels></Labels>
        <Cargos>daylight-smiles mdl-molfile</Cargos>
        <InChI>InChI=1S/C8H14N8O12/c1-7(11(17)18,12(19)20)5-9(15(25)26)3-4-10(16(27)28)6-8(2,13(21)22)14(23)24/h3-6H2,1-2H3</InChI>
    </Compound>
    <Compound>
        <Id>T29</Id>
        <Name>N,N'-dinitromethylene-bis-(4,4,4-trinitro)-butyramide</Name>
        <Labels></Labels>
        <Cargos>daylight-smiles mdl-molfile</Cargos>
        <InChI>InChI=1S/C9H10N10O18/c20-6(1-3-8(12(22)23,13(24)25)14(26)27)10(18(34)35)5-11(19(36)37)7(21)2-4-9(15(28)29,16(30)31)17(32)33/h1-5H2</InChI>
    </Compound>
    <Compound>
        <Id>T30</Id>
        <Name>1,1,1,5,7,10,14,14,14-Nonanitro-3,12-dioxa-4,11-dioxo-5,7,10-triazatetradecane</Name>
        <Labels></Labels>
        <Cargos>daylight-smiles mdl-molfile</Cargos>
        <InChI>InChI=1S/C9H10N12O22/c22-6(42-3-8(13(24)25,14(26)27)15(28)29)11(20(38)39)2-1-10(19(36)37)5-12(21(40)41)7(23)43-4-9(16(30)31,17(32)33)18(34)35/h1-5H2</InChI>
    </Compound>
    <Compound>
        <Id>T31</Id>
        <Name>Bis-(5,5,5-trinitro-3-nitrazapentanoyl)-methylene dinitramine</Name>
        <Labels></Labels>
        <Cargos>daylight-smiles mdl-molfile</Cargos>
        <InChI>InChI=1S/C9H14N14O20/c24-14(25)8(15(26)27,16(28)29)5-12(22(40)41)3-1-7(10-20(36)37,11-21(38)39)2-4-13(23(42)43)6-9(17(30)31,18(32)33)19(34)35/h10-11H,1-6H2</InChI>
    </Compound>
    <Compound>
        <Id>T32</Id>
        <Name>1,1,1,4,6,6,8,11,11,11-decanitro-4,8-diazaundecane</Name>
        <Labels></Labels>
        <Cargos>daylight-smiles mdl-molfile</Cargos>
        <InChI>InChI=1S/C9H12N12O20/c22-12(23)7(13(24)25,5-10(20(38)39)3-1-8(14(26)27,15(28)29)16(30)31)6-11(21(40)41)4-2-9(17(32)33,18(34)35)19(36)37/h1-6H2</InChI>
    </Compound>
    <Compound>
        <Id>T33</Id>
        <Name>1,1,1,3,6,6,9,11,11,11-decanitro-3,9-diazaundecane</Name>
        <Labels></Labels>
        <Cargos>daylight-smiles mdl-molfile</Cargos>
        <InChI>InChI=1S/C9H12N12O20/c22-12(23)7(13(24)25,1-3-10(20(38)39)5-8(14(26)27,15(28)29)16(30)31)2-4-11(21(40)41)6-9(17(32)33,18(34)35)19(36)37/h1-6H2</InChI>
    </Compound>
    <Compound>
        <Id>T34</Id>
        <Name>Bis-(2,2,2-trinitroethyl)-3,6-dinitraza-1,7-heptanedioate</Name>
        <Labels></Labels>
        <Cargos>daylight-smiles mdl-molfile</Cargos>
        <InChI>InChI=1S/C10H12N8O18/c19-7(35-5-9(12(21)22,13(23)24)14(25)26)1-3-11(18(33)34)4-2-8(20)36-6-10(15(27)28,16(29)30)17(31)32/h1-6H2</InChI>
    </Compound>
    <Compound>
        <Id>T35</Id>
        <Name>Bis-(2,2,2-trinitroethyl)-3,6-dinitraza-1,8-octanedioate</Name>
        <Labels></Labels>
        <Cargos>daylight-smiles mdl-molfile</Cargos>
        <InChI>InChI=1S/C10H12N10O20/c21-7(39-5-9(13(23)24,14(25)26)15(27)28)3-11(19(35)36)1-2-12(20(37)38)4-8(22)40-6-10(16(29)30,17(31)32)18(33)34/h1-6H2</InChI>
    </Compound>
    <Compound>
        <Id>T36</Id>
        <Name>Bis-(trinitroethyl)-5,5-dinitro-2,8-dinitrazanonadioate</Name>
        <Labels></Labels>
        <Cargos>daylight-smiles mdl-molfile</Cargos>
        <InChI>InChI=1S/C11H12N12O24/c24-7(46-5-10(16(30)31,17(32)33)18(34)35)12(22(42)43)3-1-9(14(26)27,15(28)29)2-4-13(23(44)45)8(25)47-6-11(19(36)37,20(38)39)21(40)41/h1-6H2</InChI>
    </Compound>
    <Compound>
        <Id>T37</Id>
        <Name>2,2,4,7,7,9,12,12-octanitro-5,9-diazatridecane</Name>
        <Labels></Labels>
        <Cargos>daylight-smiles mdl-molfile</Cargos>
        <InChI>InChI=1S/C11H18N10O16/c1-9(14(22)23,15(24)25)3-5-12(20(34)35)7-11(18(30)31,19(32)33)8-13(21(36)37)6-4-10(2,16(26)27)17(28)29/h3-8H2,1-2H3</InChI>
    </Compound>
    <Compound>
        <Id>T38</Id>
        <Name>1,1,1,18,18,18-Hexanitro-3,16-dioxa-4,15-dioxo-5,8,11,14-tetranitroazaoctadecane</Name>
        <Description></Description>
        <Labels></Labels>
        <Cargos>daylight-smiles mdl-molfile</Cargos>
        <InChI>InChI=1S/C12H16N14O24/c27-9(49-7-11(17(29)30,18(31)32)19(33)34)15(25(45)46)5-3-13(23(41)42)1-2-14(24(43)44)4-6-16(26(47)48)10(28)50-8-12(20(35)36,21(37)38)22(39)40/h1-8H2</InChI>
    </Compound>
    <Compound>
        <Id>T39</Id>
        <Name>1,1,1,3,6,6,8,10,10,13,15,15,15-tridecanitro-3,8,13-triazapentanedecane</Name>
        <Labels></Labels>
        <Cargos>daylight-smiles mdl-molfile</Cargos>
        <InChI>InChI=1S/C12H16N16O26/c29-16(30)9(17(31)32,1-3-13(26(49)50)7-11(20(37)38,21(39)40)22(41)42)5-15(28(53)54)6-10(18(33)34,19(35)36)2-4-14(27(51)52)8-12(23(43)44,24(45)46)25(47)48/h1-8H2</InChI>
    </Compound>
    <Compound>
        <Id>T40</Id>
        <Name>2,2-Dinitropropanediol-bis-(5,5-dinitro-2-nitraza-hexanoate)</Name>
        <Labels></Labels>
        <Cargos>daylight-smiles mdl-molfile</Cargos>
        <InChI>InChI=1S/C13H18N10O20/c1-11(16(26)27,17(28)29)3-5-14(22(38)39)9(24)42-7-13(20(34)35,21(36)37)8-43-10(25)15(23(40)41)6-4-12(2,18(30)31)19(32)33/h3-8H2,1-2H3</InChI>
    </Compound>
    <Compound>
        <Id>V01</Id>
        <Name>Cyclotrimethylenetrinitramine</Name>
        <Labels></Labels>
        <Cargos>daylight-smiles mdl-molfile</Cargos>
        <Cas>121-82-4</Cas>
        <InChI>InChI=1S/C3H6N6O6/c10-7(11)4-1-5(8(12)13)3-6(2-4)9(14)15/h1-3H2</InChI>
    </Compound>
    <Compound>
        <Id>V02</Id>
        <Name>Trinitroethyl-cyanomethylnitramine</Name>
        <Labels></Labels>
        <Cargos>daylight-smiles mdl-molfile</Cargos>
        <InChI>InChI=1S/C4H4N6O8/c5-1-2-6(10(17)18)3-4(7(11)12,8(13)14)9(15)16/h2-3H2</InChI>
    </Compound>
    <Compound>
        <Id>V03</Id>
        <Name>Bis-(2,2,2-trinitroethyl)-nitramine</Name>
        <Labels></Labels>
        <Cargos>daylight-smiles mdl-molfile</Cargos>
        <Cas>19836-28-3</Cas>
        <InChI>InChI=1S/C4H4N8O14/c13-6(14)3(7(15)16,8(17)18)1-5(12(25)26)2-4(9(19)20,10(21)22)11(23)24/h1-2H2</InChI>
    </Compound>
    <Compound>
        <Id>V04</Id>
        <Name>Trinitroethyl-N-ethyl-N-nitro-carbamate</Name>
        <Labels></Labels>
        <Cargos>daylight-smiles mdl-molfile</Cargos>
        <InChI>InChI=1S/C5H7N5O10/c1-2-6(10(18)19)4(11)20-3-5(7(12)13,8(14)15)9(16)17/h2-3H2,1H3</InChI>
    </Compound>
    <Compound>
        <Id>V05</Id>
        <Name>N-nitro-N-(3,3,3-trinitropropyl)-2,2,2-trinitroethyl carbamate</Name>
        <Labels></Labels>
        <Cargos>daylight-smiles mdl-molfile</Cargos>
        <InChI>InChI=1S/C6H6N8O16/c15-4(30-3-6(11(22)23,12(24)25)13(26)27)7(14(28)29)2-1-5(8(16)17,9(18)19)10(20)21/h1-3H2</InChI>
    </Compound>
    <Compound>
        <Id>V06</Id>
        <Name>2,2,2-trinitroethyl-N-(2,2,2-trinitroethyl)-nitramino acetate</Name>
        <Labels></Labels>
        <Cargos>daylight-smiles mdl-molfile</Cargos>
        <InChI>InChI=1S/C6H6N8O16/c1-3(15)30-7(14(28)29)4(6(11(22)23,12(24)25)13(26)27)2-5(8(16)17,9(18)19)10(20)21/h4H,2H2,1H3</InChI>
    </Compound>
    <Compound>
        <Id>V07</Id>
        <Name>Trinitropropyle-(2,2-dinitropropyl)-nitramine</Name>
        <Labels></Labels>
        <Cargos>daylight-smiles mdl-molfile</Cargos>
        <InChI>InChI=1S/C6H9N7O12/c1-5(8(14)15,9(16)17)4-7(13(24)25)3-2-6(10(18)19,11(20)21)12(22)23/h2-4H2,1H3</InChI>
    </Compound>
    <Compound>
        <Id>V08</Id>
        <Name>N-(2,2-dinitropropyl)-N-2,2-trinitro-1-propanamine</Name>
        <Labels></Labels>
        <Cargos>daylight-smiles mdl-molfile</Cargos>
        <Cas>28464-24-6</Cas>
        <InChI>InChI=1S/C6H10N6O10/c1-5(8(13)14,9(15)16)3-7(12(21)22)4-6(2,10(17)18)11(19)20/h3-4H2,1-2H3</InChI>
    </Compound>
    <Compound>
        <Id>V09</Id>
        <Name>N,N'-dinitro-N,N'-bis[2-(nitramino)ethyl]-1,2-ethanediamine</Name>
        <Labels></Labels>
        <Cargos>daylight-smiles mdl-molfile</Cargos>
        <InChI>InChI=1S/C6H14N8O8/c15-11(16)7-1-3-9(13(19)20)5-6-10(14(21)22)4-2-8-12(17)18/h7-8H,1-6H2</InChI>
    </Compound>
    <Compound>
        <Id>V10</Id>
        <Name>Bis-(trinitroethyl)-2,4-dinitrazapentanedioate</Name>
        <Labels></Labels>
        <Cargos>daylight-smiles mdl-molfile</Cargos>
        <InChI>InChI=1S/C7H6N10O20/c18-4(36-1-6(10(20)21,11(22)23)12(24)25)8(16(32)33)3-9(17(34)35)5(19)37-2-7(13(26)27,14(28)29)15(30)31/h1-3H2</InChI>
    </Compound>
    <Compound>
        <Id>V11</Id>
        <Name>2,2-dinitropropyl-5,5,5-trinitro-2-nitrazapentaneoate</Name>
        <Description></Description>
        <Labels></Labels>
        <Cargos>daylight-smiles mdl-molfile</Cargos>
        <InChI>InChI=1S/C7H9N7O14/c1-6(9(16)17,10(18)19)4-28-5(15)8(14(26)27)3-2-7(11(20)21,12(22)23)13(24)25/h2-4H2,1H3</InChI>
    </Compound>
    <Compound>
        <Id>V12</Id>
        <Name>Trinitroethyl-5,5-dinitro-3-nitrazahexanoate</Name>
        <Labels></Labels>
        <Cargos>daylight-smiles mdl-molfile</Cargos>
        <InChI>InChI=1S/C7H9N7O14/c1-6(9(16)17,10(18)19)3-8(14(26)27)2-5(15)28-4-7(11(20)21,12(22)23)13(24)25/h2-4H2,1H3</InChI>
    </Compound>
    <Compound>
        <Id>V13</Id>
        <Name>2,2,2-trinitroethyl-2,5,5-trinitro-2-azahexanoate</Name>
        <Labels></Labels>
        <Cargos>daylight-smiles mdl-molfile</Cargos>
        <InChI>InChI=1S/C6H6N8O16/c15-4(30-3-6(11(22)23,12(24)25)13(26)27)7(14(28)29)2-1-5(8(16)17,9(18)19)10(20)21/h1-3H2</InChI>
    </Compound>
    <Compound>
        <Id>V14</Id>
        <Name>N,N'-dinitro-N,N'-bis-(3,3,3-trinitropropyl)-oxamide</Name>
        <Description></Description>
        <Labels></Labels>
        <Cargos>daylight-smiles mdl-molfile</Cargos>
        <InChI>InChI=1S/C8H8N10O18/c19-5(9(17(33)34)3-1-7(11(21)22,12(23)24)13(25)26)6(20)10(18(35)36)4-2-8(14(27)28,15(29)30)16(31)32/h1-4H2</InChI>
    </Compound>
    <Compound>
        <Id>V15</Id>
        <Name>2,2,6,9,9-pentanitro-4-oxa-5-oxo-6-azadecane</Name>
        <Labels></Labels>
        <Cargos>daylight-smiles mdl-molfile</Cargos>
        <InChI>InChI=1S/C8H12N6O12/c1-7(10(16)17,11(18)19)3-4-9(14(24)25)6(15)26-5-8(2,12(20)21)13(22)23/h3-5H2,1-2H3</InChI>
    </Compound>
    <Compound>
        <Id>V16</Id>
        <Name>N,N'-dinitro-N,N'-bis-(3-nitrazabutyl)-oxamide</Name>
        <Labels></Labels>
        <Cargos>daylight-smiles mdl-molfile</Cargos>
        <InChI>InChI=1S/C8H14N8O10/c1-9(13(19)20)3-5-11(15(23)24)7(17)8(18)12(16(25)26)6-4-10(2)14(21)22/h3-6H2,1-2H3</InChI>
    </Compound>
    <Compound>
        <Id>V17</Id>
        <Name>Bis-(trinitroethyl)-2,5,8-trinitrazanonanedioate</Name>
        <Labels></Labels>
        <Cargos>daylight-smiles mdl-molfile</Cargos>
        <InChI>InChI=1S/C10H12N12O22/c23-7(43-5-9(14(25)26,15(27)28)16(29)30)12(21(39)40)3-1-11(20(37)38)2-4-13(22(41)42)8(24)44-6-10(17(31)32,18(33)34)19(35)36/h1-6H2</InChI>
    </Compound>
    <Compound>
        <Id>V18</Id>
        <Name>1,1,1,3,6,9,12,14,14,14-Decanitro-3,6,9,12-tetrazatetradecane</Name>
        <Labels></Labels>
        <Cargos>daylight-smiles mdl-molfile</Cargos>
        <InChI>InChI=1S/C10H16N14O20/c25-15(26)9(16(27)28,17(29)30)7-13(23(41)42)5-3-11(21(37)38)1-2-12(22(39)40)4-6-14(24(43)44)8-10(18(31)32,19(33)34)20(35)36/h1-8H2</InChI>
    </Compound>
    <Compound>
        <Id>V19</Id>
        <Name>2,2,4,7,7,10,12,12-octanitro-4,10-diazatridecane</Name>
        <Labels></Labels>
        <Cargos>daylight-smiles mdl-molfile</Cargos>
        <InChI>InChI=1S/C11H18N10O16/c1-9(14(22)23,15(24)25)7-12(20(34)35)5-3-11(18(30)31,19(32)33)4-6-13(21(36)37)8-10(2,16(26)27)17(28)29/h3-8H2,1-2H3</InChI>
    </Compound>
    <Compound>
        <Id>V20</Id>
        <Name>1,4-Bis-(5,5,5-trinitro-2-nitrazapentanoate)-2-butyne</Name>
        <Labels></Labels>
        <Cargos>daylight-smiles mdl-molfile</Cargos>
        <InChI>InChI=1S/C12H12N10O20/c23-9(13(21(37)38)5-3-11(15(25)26,16(27)28)17(29)30)41-7-1-2-8-42-10(24)14(22(39)40)6-4-12(18(31)32,19(33)34)20(35)36/h3-8H2</InChI>
    </Compound>
</CompoundRegistry>
