<?xml version="1.0" encoding="UTF-8" standalone="yes"?>
<PredictionRegistry xmlns="http://www.qsardb.org/QDB">
    <Prediction>
        <Id>logLC50_train</Id>
        <Name>Tarining set</Name>
        <Labels></Labels>
        <Cargos>values ucum</Cargos>
        <ModelId>QSAR</ModelId>
        <Type>training</Type>
        <Application>QSARModel 4.0.4</Application>
    </Prediction>
    <Prediction>
        <Id>logLC50_test</Id>
        <Name>Test set</Name>
        <Labels></Labels>
        <Cargos>values ucum</Cargos>
        <ModelId>QSAR</ModelId>
        <Type>validation</Type>
        <Application>QSARModel 4.0.4</Application>
    </Prediction>
</PredictionRegistry>
