,variable,importance
0,TPSA,0.5340491706925959
1,NumHDonors,0.12527040602134312
2,NOCount,0.08333701345198562
3,MaxPartialCharge,0.03444528584177482
4,RingCount,0.019065430259111425
5,PEOE_VSA1,0.01883445484977208
6,NHOHCount,0.010659366744052202
7,BertzCT,0.007700750687515874
8,fr_Nhpyrrole,0.007493699345379215
9,SMR_VSA1,0.007166164458891197
10,SMR_VSA10,0.007114372532182916
11,EState_VSA10,0.006523472518140309
12,MaxAbsEStateIndex,0.006229448004129022
13,MinPartialCharge,0.005966393758341521
14,MaxAbsPartialCharge,0.0056217853211650605
15,FractionCSP3,0.0051341677601024075
16,VSA_EState2,0.0045331882782992374
17,VSA_EState7,0.004425178548050082
18,Kappa3,0.00440799045360108
19,fr_Al_OH_noTert,0.0044076504470922035
20,PEOE_VSA8,0.004289352441106353
21,Chi3n,0.004235747576477868
22,SMR_VSA5,0.004170789609768952
23,HallKierAlpha,0.004106013584475608
24,MaxEStateIndex,0.00409657556783124
25,VSA_EState3,0.004003102635408771
26,fr_amide,0.003791531066337223
27,SMR_VSA3,0.003605047010528228
28,PEOE_VSA10,0.003199164369906833
29,qed,0.0027749970737855024
30,fr_Ar_NH,0.0026150949620527566
31,EState_VSA9,0.0025006412103589296
32,fr_Al_OH,0.002489814368692865
33,MinEStateIndex,0.0024674096061937548
34,MinAbsEStateIndex,0.002458483415244823
35,SMR_VSA7,0.002267657481892623
36,MolMR,0.001960078585911476
37,PEOE_VSA7,0.0019334830037631347
38,VSA_EState6,0.001895700650466848
39,PEOE_VSA9,0.0018446901802982208
40,Kappa2,0.0018220950929375046
41,VSA_EState1,0.0017507342776278557
42,SMR_VSA6,0.001583032589835468
43,EState_VSA1,0.0015780442857343245
44,NumAromaticRings,0.0013566288825191501
45,VSA_EState4,0.0013174342045303945
46,EState_VSA2,0.0012708315645073495
47,fr_ether,0.0011754592566757742
48,PEOE_VSA6,0.0010981344848460682
49,PEOE_VSA3,0.0010817144041499838
50,NumRotatableBonds,0.0010681439281666628
51,fr_NH0,0.0009738336484146488
52,VSA_EState9,0.0009720312042717567
53,PEOE_VSA14,0.0009280383616323013
54,Chi1,0.000882468970130644
55,NumHAcceptors,0.0008532493935766367
56,FpDensityMorgan2,0.0008430538749497729
57,Chi4n,0.0008205253378534465
58,BalabanJ,0.0007961077497328167
59,PEOE_VSA13,0.0007954250249777065
60,VSA_EState10,0.0007236381260227068
61,NumHeteroatoms,0.0007234996491895142
62,MinAbsPartialCharge,0.0007215303257499308
63,VSA_EState8,0.000715610250445653
64,Ipc,0.0007067140734498405
65,FpDensityMorgan1,0.00069587412226308
66,Chi2n,0.000631030413946235
67,NumSaturatedHeterocycles,0.0006247760011694589
68,EState_VSA4,0.0006101757994126285
69,fr_Ar_N,0.0005903379059742815
70,fr_C_O,0.0005897700035370326
71,PEOE_VSA11,0.0005814886813218708
72,Chi0n,0.0005154499445671443
73,Chi4v,0.0005088016640206736
74,EState_VSA8,0.0004718609121869058
75,VSA_EState5,0.00043796940624568506
76,NumAromaticCarbocycles,0.00041570567789062416
77,EState_VSA3,0.00040464262781990065
78,Chi3v,0.00036936979519847844
79,Kappa1,0.0003419273810467026
80,Chi2v,0.0002759392757787407
81,FpDensityMorgan3,0.00024460117650542144
82,fr_aryl_methyl,0.00023420975422836
83,EState_VSA6,0.00020113468192981627
84,ExactMolWt,0.00018930634602046364
85,PEOE_VSA4,0.0001598049214538636
86,fr_halogen,0.00014458635806249975
87,EState_VSA5,0.00014001123802941158
88,fr_NH1,0.00012755905298621558
89,fr_alkyl_halide,0.0001228119387453984
90,Chi1v,0.00011086055461899314
91,fr_para_hydroxylation,0.00011008385840470802
92,fr_phos_acid,9.180317810169904e-05
93,PEOE_VSA2,7.370807739097173e-05
94,PEOE_VSA12,7.353856043173346e-05
95,fr_Al_COO,6.935054186997602e-05
96,SMR_VSA9,6.746571198429032e-05
97,MolWt,6.474562233971635e-05
98,NumValenceElectrons,6.0555478561589586e-05
99,HeavyAtomCount,0.0
100,fr_methoxy,0.0
101,fr_sulfide,0.0
102,fr_lactone,0.0
103,fr_lactam,0.0
104,fr_ketone_Topliss,0.0
105,fr_sulfonamd,0.0
106,fr_ketone,0.0
107,fr_isothiocyan,0.0
108,fr_isocyan,0.0
109,fr_imide,0.0
110,fr_sulfone,0.0
111,fr_imidazole,0.0
112,fr_hdrzone,0.0
113,fr_hdrzine,0.0
114,fr_term_acetylene,0.0
115,fr_guanido,0.0
116,fr_furan,0.0
117,fr_morpholine,0.0
118,fr_piperdine,0.0
119,fr_nitrile,0.0
120,fr_quatN,0.0
121,fr_thiocyan,0.0
122,fr_piperzine,0.0
123,fr_priamide,0.0
124,fr_phos_ester,0.0
125,fr_thiazole,0.0
126,fr_phenol_noOrthoHbond,0.0
127,fr_tetrazole,0.0
128,fr_thiophene,0.0
129,fr_prisulfonamd,0.0
130,fr_phenol,0.0
131,fr_pyridine,0.0
132,fr_unbrch_alkane,0.0
133,fr_oxime,0.0
134,fr_oxazole,0.0
135,fr_nitroso,0.0
136,fr_nitro_arom_nonortho,0.0
137,fr_nitro_arom,0.0
138,fr_nitro,0.0
139,fr_ester,0.0
140,NumRadicalElectrons,0.0
141,fr_dihydropyridine,0.0
142,fr_COO,0.0
143,fr_Ar_COO,0.0
144,fr_ArN,0.0
145,Chi0v,0.0
146,LabuteASA,0.0
147,Chi1n,0.0
148,fr_urea,0.0
149,EState_VSA7,0.0
150,SMR_VSA8,0.0
151,SMR_VSA4,0.0
152,SMR_VSA2,0.0
153,NumAliphaticCarbocycles,0.0
154,NumAliphaticHeterocycles,0.0
155,PEOE_VSA5,0.0
156,NumAliphaticRings,0.0
157,EState_VSA11,0.0
158,NumAromaticHeterocycles,0.0
159,NumSaturatedRings,0.0
160,NumSaturatedCarbocycles,0.0
161,fr_COO2,0.0
162,fr_C_O_noCOO,0.0
163,fr_C_S,0.0
164,fr_HOCCN,0.0
165,fr_diazo,0.0
166,fr_bicyclic,0.0
167,fr_benzodiazepine,0.0
168,fr_benzene,0.0
169,fr_barbitur,0.0
170,fr_azo,0.0
171,fr_azide,0.0
172,fr_aniline,0.0
173,fr_amidine,0.0
174,fr_epoxide,0.0
175,Chi0,0.0
176,fr_alkyl_carbamate,0.0
177,fr_aldehyde,0.0
178,fr_SH,0.0
179,fr_Ndealkylation2,0.0
180,fr_Ndealkylation1,0.0
181,fr_N_O,0.0
182,fr_NH2,0.0
183,HeavyAtomMolWt,0.0
184,fr_Imine,0.0
185,fr_allylic_oxid,0.0
186,fr_Ar_OH,0.0
