{"algorithm": "rf", "dataset": "water-energy.csv", "task_type": "regression", "target_name": "expt", "feat_meth": [0], "random_seed": 33, "opt_iter": null, "cv_folds": null, "tuned": false, "run_name": "Rw00_20210507-105951", "date": "05/07/2021 10:59:51", "tune_time": null, "mysql_params": null, "neo4j_params": null, "selected_feat_string": "rdkit2d", "feat_method_name": ["rdkit2d"], "feat_time": 5.155978679656982, "test_percent": 0.2, "val_percent": 0, "scaler_method": "standard", "feature_list": ["BalabanJ", "BertzCT", "Chi0", "Chi0n", "Chi0v", "Chi1", "Chi1n", "Chi1v", "Chi2n", "Chi2v", "Chi3n", "Chi3v", "Chi4n", "Chi4v", "EState_VSA1", "EState_VSA10", "EState_VSA11", "EState_VSA2", "EState_VSA3", "EState_VSA4", "EState_VSA5", "EState_VSA6", "EState_VSA7", "EState_VSA8", "EState_VSA9", "ExactMolWt", "FpDensityMorgan1", "FpDensityMorgan2", "FpDensityMorgan3", "FractionCSP3", "HallKierAlpha", "HeavyAtomCount", "HeavyAtomMolWt", "Ipc", "Kappa1", "Kappa2", "Kappa3", "LabuteASA", "MaxAbsEStateIndex", "MaxAbsPartialCharge", "MaxEStateIndex", "MaxPartialCharge", "MinAbsEStateIndex", "MinAbsPartialCharge", "MinEStateIndex", "MinPartialCharge", "MolMR", "MolWt", "NHOHCount", "NOCount", "NumAliphaticCarbocycles", "NumAliphaticHeterocycles", "NumAliphaticRings", "NumAromaticCarbocycles", "NumAromaticHeterocycles", "NumAromaticRings", "NumHAcceptors", "NumHDonors", "NumHeteroatoms", "NumRadicalElectrons", "NumRotatableBonds", "NumSaturatedCarbocycles", "NumSaturatedHeterocycles", "NumSaturatedRings", "NumValenceElectrons", "PEOE_VSA1", "PEOE_VSA10", "PEOE_VSA11", "PEOE_VSA12", "PEOE_VSA13", "PEOE_VSA14", "PEOE_VSA2", "PEOE_VSA3", "PEOE_VSA4", "PEOE_VSA5", "PEOE_VSA6", "PEOE_VSA7", "PEOE_VSA8", "PEOE_VSA9", "RingCount", "SMR_VSA1", "SMR_VSA10", "SMR_VSA2", "SMR_VSA3", "SMR_VSA4", "SMR_VSA5", "SMR_VSA6", "SMR_VSA7", "SMR_VSA8", "SMR_VSA9", "TPSA", "VSA_EState1", "VSA_EState10", "VSA_EState2", "VSA_EState3", "VSA_EState4", "VSA_EState5", "VSA_EState6", "VSA_EState7", "VSA_EState8", "VSA_EState9", "fr_Al_COO", "fr_Al_OH", "fr_Al_OH_noTert", "fr_ArN", "fr_Ar_COO", "fr_Ar_N", "fr_Ar_NH", "fr_Ar_OH", "fr_COO", "fr_COO2", "fr_C_O", "fr_C_O_noCOO", "fr_C_S", "fr_HOCCN", "fr_Imine", "fr_NH0", "fr_NH1", "fr_NH2", "fr_N_O", "fr_Ndealkylation1", "fr_Ndealkylation2", "fr_Nhpyrrole", "fr_SH", "fr_aldehyde", "fr_alkyl_carbamate", "fr_alkyl_halide", "fr_allylic_oxid", "fr_amide", "fr_amidine", "fr_aniline", "fr_aryl_methyl", "fr_azide", "fr_azo", "fr_barbitur", "fr_benzene", "fr_benzodiazepine", "fr_bicyclic", "fr_diazo", "fr_dihydropyridine", "fr_epoxide", "fr_ester", "fr_ether", "fr_furan", "fr_guanido", "fr_halogen", "fr_hdrzine", "fr_hdrzone", "fr_imidazole", "fr_imide", "fr_isocyan", "fr_isothiocyan", "fr_ketone", "fr_ketone_Topliss", "fr_lactam", "fr_lactone", "fr_methoxy", "fr_morpholine", "fr_nitrile", "fr_nitro", "fr_nitro_arom", "fr_nitro_arom_nonortho", "fr_nitroso", "fr_oxazole", "fr_oxime", "fr_para_hydroxylation", "fr_phenol", "fr_phenol_noOrthoHbond", "fr_phos_acid", "fr_phos_ester", "fr_piperdine", "fr_piperzine", "fr_priamide", "fr_prisulfonamd", "fr_pyridine", "fr_quatN", "fr_sulfide", "fr_sulfonamd", "fr_sulfone", "fr_term_acetylene", "fr_tetrazole", "fr_thiazole", "fr_thiocyan", "fr_thiophene", "fr_unbrch_alkane", "fr_urea", "qed"], "feature_length": 187, "n_tot": 642, "train_percent": 0.8, "split_method": "RandomSplit", "n_train": 513, "n_test": 129, "in_shape": 187, "original_param": {"bootstrap": true, "max_depth": null, "max_features": "auto", "min_samples_leaf": 1, "min_samples_split": 2, "n_estimators": 100}, "predictions_stats": {"r2_raw": [0.8809547813505322, 0.8779101127590061, 0.8884820453259205, 0.8769358143668433, 0.8825262180008948], "r2_avg": 0.8813617943606393, "r2_std": 0.00409201467733206, "mse_raw": [1.6869460512849885, 1.730090931156812, 1.580279959321641, 1.7438973556741375, 1.6646777999243052], "mse_avg": 1.6811784194723767, "mse_std": 0.05798643641498624, "rmse_raw": [1.2988248732161656, 1.3153292101815468, 1.257091865903857, 1.3205670583783837, 1.290223934022426], "rmse_avg": 1.2964073883404759, "rmse_std": 0.022501176160448548, "time_raw": [1.7440054416656494, 2.242284059524536, 1.7178385257720947, 1.7087559700012207, 1.765150785446167], "time_avg": 1.8356069564819335, "time_std": 0.2043045529281082}, "scaled_predictions_stats": {"r2_raw_scaled": [0.8809547813505322, 0.8779101127590062, 0.8884820453259205, 0.8769358143668433, 0.8825262180008949], "r2_avg_scaled": 0.8813617943606393, "r2_std_scaled": 0.004092014677332048, "mse_raw_scaled": [0.0038472272424441623, 0.003945622894805672, 0.003603965939254378, 0.003977109647143331, 0.0037964425577702464], "mse_avg_scaled": 0.003834073656283558, "mse_std_scaled": 0.00013224311334559884, "rmse_raw_scaled": [0.06202602068845109, 0.06281419341841199, 0.06003304039655478, 0.0630643294354529, 0.061615278606610605], "rmse_avg_scaled": 0.061910572509096276, "rmse_std_scaled": 0.0010745547354559968}}