<?xml version="1.0" encoding="UTF-8" standalone="yes"?>
<PropertyRegistry xmlns="http://www.qsardb.org/QDB">
    <Property>
        <Id>LogH</Id>
        <Name>Henry's law constant as logH</Name>
        <Description>at 25 °C</Description>
        <Labels></Labels>
        <Cargos>values ucum bibtex</Cargos>
        <Endpoint>1. Physical Chemical Properties 1.9. Air-water partition coefficient (Henry's law constant, H)</Endpoint>
    </Property>
    <Property>
        <Id>TM</Id>
        <Name>Melting point</Name>
        <Labels></Labels>
        <Cargos>values ucum bibtex</Cargos>
        <Endpoint>1. Physical Chemical Properties 1.1. Melting point</Endpoint>
    </Property>
    <Property>
        <Id>LogPL</Id>
        <Name>Subcooled liquid vapour pressure as logPL</Name>
        <Description>at 25 °C</Description>
        <Labels></Labels>
        <Cargos>values ucum bibtex</Cargos>
        <Endpoint>1. Physical Chemical Properties 1.4. Vapour pressure</Endpoint>
    </Property>
    <Property>
        <Id>LogSw</Id>
        <Name>Water solubility as logSw</Name>
        <Description>at 25 °C</Description>
        <Labels></Labels>
        <Cargos>values ucum bibtex</Cargos>
        <Endpoint>1. Physical Chemical Properties 1.3. Water solubility</Endpoint>
    </Property>
    <Property>
        <Id>LogKoa</Id>
        <Name>Octanol-air partition coefficient as logKoa</Name>
        <Labels></Labels>
        <Cargos>values bibtex</Cargos>
        <Endpoint>1. Physical Chemical Properties 1.8. Octanol-air partition coefficient (Koa)</Endpoint>
    </Property>
    <Property>
        <Id>LogKow</Id>
        <Name>Octanol-water partition coefficient as logKow</Name>
        <Labels></Labels>
        <Cargos>values bibtex</Cargos>
        <Endpoint>1. Physical Chemical Properties 1.6. Octanol-water partition coefficient (Kow)</Endpoint>
    </Property>
</PropertyRegistry>
