<?xml version="1.0" encoding="UTF-8" standalone="yes"?>
<PredictionRegistry xmlns="http://www.qsardb.org/QDB">
    <Prediction>
        <Id>logWS_pred</Id>
        <Name>Training set</Name>
        <Description>Values from supplementary information seems to correspond to LOO predictions. Values were recalculated according to the equation.</Description>
        <Labels></Labels>
        <Cargos>values</Cargos>
        <ModelId>Eq1</ModelId>
        <Type>training</Type>
        <Application>Moby Digs 1.2</Application>
    </Prediction>
    <Prediction>
        <Id>logKow_pred</Id>
        <Name>Training set</Name>
        <Description>Values from supplementary information seems to correspond to LOO predictions. Values were recalculated according to the equation.</Description>
        <Labels></Labels>
        <Cargos>values</Cargos>
        <ModelId>Eq2</ModelId>
        <Type>training</Type>
        <Application>Moby Digs 1.2</Application>
    </Prediction>
    <Prediction>
        <Id>logVP_pred</Id>
        <Name>Training set</Name>
        <Description>Values from supplementary information seems to correspond to LOO predictions. Values were recalculated according to the equation.</Description>
        <Labels></Labels>
        <Cargos>values</Cargos>
        <ModelId>Eq3</ModelId>
        <Type>training</Type>
        <Application>Moby Digs 1.2</Application>
    </Prediction>
    <Prediction>
        <Id>MP_pred</Id>
        <Name>Training set</Name>
        <Description>Values from supplementary information seems to correspond to LOO predictions. Values were recalculated according to the equation.</Description>
        <Labels></Labels>
        <Cargos>values</Cargos>
        <ModelId>Eq4</ModelId>
        <Type>training</Type>
        <Application>Moby Digs 1.2</Application>
    </Prediction>
</PredictionRegistry>
