{"algorithm": "gdb", "dataset": "Lipophilicity-ID.csv", "task_type": "regression", "target_name": "exp", "feat_meth": [0], "random_seed": 3, "opt_iter": null, "cv_folds": null, "tuned": false, "run_name": "GL00_20210514-180237", "date": "05/14/2021 18:02:37", "tune_time": null, "mysql_params": {"user": "user", "password": "dolphin", "host": "localhost", "database": "featurized_datasets"}, "neo4j_params": null, "selected_feat_string": "rdkit2d", "feat_method_name": ["rdkit2d"], "feat_time": 1.230036973953247, "test_percent": 0.2, "val_percent": 0, "scaler_method": "standard", "feature_list": ["BalabanJ", "BertzCT", "Chi0", "Chi0n", "Chi0v", "Chi1", "Chi1n", "Chi1v", "Chi2n", "Chi2v", "Chi3n", "Chi3v", "Chi4n", "Chi4v", "EState_VSA1", "EState_VSA10", "EState_VSA11", "EState_VSA2", "EState_VSA3", "EState_VSA4", "EState_VSA5", "EState_VSA6", "EState_VSA7", "EState_VSA8", "EState_VSA9", "ExactMolWt", "FpDensityMorgan1", "FpDensityMorgan2", "FpDensityMorgan3", "FractionCSP3", "HallKierAlpha", "HeavyAtomCount", "HeavyAtomMolWt", "Ipc", "Kappa1", "Kappa2", "Kappa3", "LabuteASA", "MaxAbsEStateIndex", "MaxAbsPartialCharge", "MaxEStateIndex", "MaxPartialCharge", "MinAbsEStateIndex", "MinAbsPartialCharge", "MinEStateIndex", "MinPartialCharge", "MolMR", "MolWt", "NHOHCount", "NOCount", "NumAliphaticCarbocycles", "NumAliphaticHeterocycles", "NumAliphaticRings", "NumAromaticCarbocycles", "NumAromaticHeterocycles", "NumAromaticRings", "NumHAcceptors", "NumHDonors", "NumHeteroatoms", "NumRadicalElectrons", "NumRotatableBonds", "NumSaturatedCarbocycles", "NumSaturatedHeterocycles", "NumSaturatedRings", "NumValenceElectrons", "PEOE_VSA1", "PEOE_VSA10", "PEOE_VSA11", "PEOE_VSA12", "PEOE_VSA13", "PEOE_VSA14", "PEOE_VSA2", "PEOE_VSA3", "PEOE_VSA4", "PEOE_VSA5", "PEOE_VSA6", "PEOE_VSA7", "PEOE_VSA8", "PEOE_VSA9", "RingCount", "SMR_VSA1", "SMR_VSA10", "SMR_VSA2", "SMR_VSA3", "SMR_VSA4", "SMR_VSA5", "SMR_VSA6", "SMR_VSA7", "SMR_VSA8", "SMR_VSA9", "TPSA", "VSA_EState1", "VSA_EState10", "VSA_EState2", "VSA_EState3", "VSA_EState4", "VSA_EState5", "VSA_EState6", "VSA_EState7", "VSA_EState8", "VSA_EState9", "fr_Al_COO", "fr_Al_OH", "fr_Al_OH_noTert", "fr_ArN", "fr_Ar_COO", "fr_Ar_N", "fr_Ar_NH", "fr_Ar_OH", "fr_COO", "fr_COO2", "fr_C_O", "fr_C_O_noCOO", "fr_C_S", "fr_HOCCN", "fr_Imine", "fr_NH0", "fr_NH1", "fr_NH2", "fr_N_O", "fr_Ndealkylation1", "fr_Ndealkylation2", "fr_Nhpyrrole", "fr_SH", "fr_aldehyde", "fr_alkyl_carbamate", "fr_alkyl_halide", "fr_allylic_oxid", "fr_amide", "fr_amidine", "fr_aniline", "fr_aryl_methyl", "fr_azide", "fr_azo", "fr_barbitur", "fr_benzene", "fr_benzodiazepine", "fr_bicyclic", "fr_diazo", "fr_dihydropyridine", "fr_epoxide", "fr_ester", "fr_ether", "fr_furan", "fr_guanido", "fr_halogen", "fr_hdrzine", "fr_hdrzone", "fr_imidazole", "fr_imide", "fr_isocyan", "fr_isothiocyan", "fr_ketone", "fr_ketone_Topliss", "fr_lactam", "fr_lactone", "fr_methoxy", "fr_morpholine", "fr_nitrile", "fr_nitro", "fr_nitro_arom", "fr_nitro_arom_nonortho", "fr_nitroso", "fr_oxazole", "fr_oxime", "fr_para_hydroxylation", "fr_phenol", "fr_phenol_noOrthoHbond", "fr_phos_acid", "fr_phos_ester", "fr_piperdine", "fr_piperzine", "fr_priamide", "fr_prisulfonamd", "fr_pyridine", "fr_quatN", "fr_sulfide", "fr_sulfonamd", "fr_sulfone", "fr_term_acetylene", "fr_tetrazole", "fr_thiazole", "fr_thiocyan", "fr_thiophene", "fr_unbrch_alkane", "fr_urea", "qed"], "feature_length": 187, "n_tot": 4199, "train_percent": 0.8, "split_method": "RandomSplit", "n_train": 3359, "n_test": 840, "in_shape": 187, "original_param": {"learning_rate": 0.1, "max_depth": 3, "max_features": null, "min_samples_leaf": 1, "min_samples_split": 2, "n_estimators": 100}, "predictions_stats": {"r2_raw": [0.09195599475132399, 0.09195599475132377, 0.09195599475132377, 0.09195599475132377, 0.09195599475132377], "r2_avg": 0.09195599475132381, "r2_std": 8.886119947416683e-17, "mse_raw": [1.2190489533742546, 1.2190489533742548, 1.2190489533742548, 1.2190489533742548, 1.2190489533742548], "mse_avg": 1.2190489533742548, "mse_std": 9.930136612989092e-17, "rmse_raw": [1.1041054992047883, 1.1041054992047883, 1.1041054992047883, 1.1041054992047883, 1.1041054992047883], "rmse_avg": 1.1041054992047883, "rmse_std": 0.0, "time_raw": [4.874358177185059, 4.9105918407440186, 4.911194801330566, 4.9119672775268555, 4.91616415977478], "time_avg": 4.904855251312256, "time_std": 0.015372977659217135}, "scaled_predictions_stats": {"r2_raw_scaled": [0.09195599475132377, 0.09195599475132354, 0.09195599475132377, 0.09195599475132377, 0.09195599475132377], "r2_avg_scaled": 0.09195599475132372, "r2_std_scaled": 8.886119947416683e-17, "mse_raw_scaled": [0.03490166809457871, 0.03490166809457872, 0.03490166809457871, 0.03490166809457871, 0.03490166809457871], "mse_avg_scaled": 0.03490166809457871, "mse_std_scaled": 3.103167691559091e-18, "rmse_raw_scaled": [0.18681988142213, 0.18681988142213002, 0.18681988142213, 0.18681988142213, 0.18681988142213], "rmse_avg_scaled": 0.18681988142213002, "rmse_std_scaled": 2.482534153247273e-17}}