<?xml version="1.0" encoding="UTF-8" standalone="yes"?>
<ModelRegistry xmlns="http://www.qsardb.org/QDB">
    <Model>
        <Id>Eq1</Id>
        <Name>Model for aqueous solubility</Name>
        <Labels></Labels>
        <Cargos>pmml</Cargos>
        <PropertyId>logWS</PropertyId>
    </Model>
    <Model>
        <Id>Eq2</Id>
        <Name>Model for octanol/water partition coefficient</Name>
        <Labels></Labels>
        <Cargos>pmml</Cargos>
        <PropertyId>logKow</PropertyId>
    </Model>
    <Model>
        <Id>Eq3</Id>
        <Name>Model for vapor pressure</Name>
        <Labels></Labels>
        <Cargos>pmml</Cargos>
        <PropertyId>logVP</PropertyId>
    </Model>
    <Model>
        <Id>Eq4</Id>
        <Name>Model for melting point</Name>
        <Description>Equation from article seems to have wrong intercept value. Intercept value changed from 109.25 to 1098.25</Description>
        <Labels></Labels>
        <Cargos>pmml</Cargos>
        <PropertyId>MP</PropertyId>
    </Model>
</ModelRegistry>
