<?xml version="1.0" encoding="UTF-8" standalone="yes"?>
<DescriptorRegistry xmlns="http://www.qsardb.org/QDB">
    <Descriptor>
        <Id>BP</Id>
        <Name>Boiling point</Name>
        <Labels></Labels>
        <Cargos>ucum values</Cargos>
    </Descriptor>
    <Descriptor>
        <Id>SIGMAL</Id>
        <Name>The logarithm of rotational symmetry number</Name>
        <Labels></Labels>
        <Cargos>values</Cargos>
    </Descriptor>
    <Descriptor>
        <Id>EXPAN</Id>
        <Name>The eccentricity of the molecule to the third power</Name>
        <Labels></Labels>
        <Cargos>values</Cargos>
    </Descriptor>
    <Descriptor>
        <Id>ORTHO</Id>
        <Name>The number of functional groups that are ortho to another group</Name>
        <Labels></Labels>
        <Cargos>values</Cargos>
    </Descriptor>
</DescriptorRegistry>
