<?xml version="1.0" encoding="UTF-8" standalone="yes"?>
<CompoundRegistry xmlns="http://www.qsardb.org/QDB">
    <Compound>
        <Id>mol1</Id>
        <Name>1,1,1,3,5,5,5-heptanitropentane</Name>
        <Labels></Labels>
        <Cargos>daylight-smiles</Cargos>
        <Cas>20919-99-7</Cas>
        <InChI>InChI=1S/C5H5N7O14/c13-6(14)3(1-4(7(15)16,8(17)18)9(19)20)2-5(10(21)22,11(23)24)12(25)26/h3H,1-2H2</InChI>
    </Compound>
    <Compound>
        <Id>mol2</Id>
        <Name>1,1,1,6,6,6-hexanitro-3-hexyne</Name>
        <Labels></Labels>
        <Cargos>daylight-smiles</Cargos>
        <Cas>89324-42-5</Cas>
        <InChI>InChI=1S/C6H4N6O12/c13-7(14)5(8(15)16,9(17)18)3-1-2-4-6(10(19)20,11(21)22)12(23)24/h3-4H2</InChI>
    </Compound>
    <Compound>
        <Id>mol3</Id>
        <Name>3,3,4,4-tetranitrohexane</Name>
        <Labels></Labels>
        <Cargos>daylight-smiles</Cargos>
        <Cas>71706-48-4</Cas>
        <InChI>InChI=1S/C6H10N4O8/c1-3-5(7(11)12,8(13)14)6(4-2,9(15)16)10(17)18/h3-4H2,1-2H3</InChI>
    </Compound>
    <Compound>
        <Id>mol4</Id>
        <Name>2,2,4,4,6,6-hexanitroheptane</Name>
        <Labels></Labels>
        <Cargos>daylight-smiles</Cargos>
        <Cas>20446-89-3</Cas>
        <InChI>InChI=1S/C7H10N6O12/c1-5(8(14)15,9(16)17)3-7(12(22)23,13(24)25)4-6(2,10(18)19)11(20)21/h3-4H2,1-2H3</InChI>
    </Compound>
    <Compound>
        <Id>mol5</Id>
        <Name>2,2,4,6,6-pentanitroheptane</Name>
        <Labels></Labels>
        <Cargos>daylight-smiles</Cargos>
        <Cas>2016-73-1</Cas>
        <InChI>InChI=1S/C7H11N5O10/c1-6(9(15)16,10(17)18)3-5(8(13)14)4-7(2,11(19)20)12(21)22/h5H,3-4H2,1-2H3</InChI>
    </Compound>
    <Compound>
        <Id>mol6</Id>
        <Name>2,2,2-Trinitroethyl carbamate</Name>
        <Labels></Labels>
        <Cargos>daylight-smiles</Cargos>
        <Cas>71706-34-8</Cas>
        <InChI>InChI=1S/C3H4N4O8/c4-2(8)15-1-3(5(9)10,6(11)12)7(13)14/h1H2,(H2,4,8)</InChI>
    </Compound>
    <Compound>
        <Id>mol7</Id>
        <Name>2,2-Dinitro-1,3-propane-diol</Name>
        <Labels></Labels>
        <Cargos>daylight-smiles</Cargos>
        <Cas>2736-80-3</Cas>
        <InChI>InChI=1S/C3H6N2O6/c6-1-3(2-7,4(8)9)5(10)11/h6-7H,1-2H2</InChI>
    </Compound>
    <Compound>
        <Id>mol8</Id>
        <Name>Methyl, 2,2,2-trinitroethyl carbonate</Name>
        <Labels></Labels>
        <Cargos>daylight-smiles</Cargos>
        <Cas>71706-35-9</Cas>
        <InChI>InChI=1S/C4H5N3O9/c1-15-3(8)16-2-4(5(9)10,6(11)12)7(13)14/h2H2,1H3</InChI>
    </Compound>
    <Compound>
        <Id>mol9</Id>
        <Name>4,4,4-trinitrobutyramide</Name>
        <Labels></Labels>
        <Cargos>daylight-smiles</Cargos>
        <Cas>13000-42-5</Cas>
        <InChI>InChI=1S/C4H6N4O7/c5-3(9)1-2-4(6(10)11,7(12)13)8(14)15/h1-2H2,(H2,5,9)</InChI>
    </Compound>
    <Compound>
        <Id>mol10</Id>
        <Name>Bis-(2,2,2-trinitroethyl) carbonate</Name>
        <Labels></Labels>
        <Cargos>daylight-smiles</Cargos>
        <Cas>17943-76-9</Cas>
        <InChI>InChI=1S/C5H4N6O15/c12-3(25-1-4(6(13)14,7(15)16)8(17)18)26-2-5(9(19)20,10(21)22)11(23)24/h1-2H2</InChI>
    </Compound>
    <Compound>
        <Id>mol11</Id>
        <Name>bis-(trinitroethoxy)-methane</Name>
        <Labels></Labels>
        <Cargos>daylight-smiles</Cargos>
        <Cas>6263-74-7</Cas>
        <InChI>InChI=1S/C5H6N6O14/c12-6(13)4(7(14)15,8(16)17)1-24-3-25-2-5(9(18)19,10(20)21)11(22)23/h1-3H2</InChI>
    </Compound>
    <Compound>
        <Id>mol12</Id>
        <Name>N,N'-Bis-(2,2,2-trinitroethyl)-urea</Name>
        <Labels></Labels>
        <Cargos>daylight-smiles</Cargos>
        <Cas>918-99-0</Cas>
        <InChI>InChI=1S/C5H6N8O13/c14-3(6-1-4(8(15)16,9(17)18)10(19)20)7-2-5(11(21)22,12(23)24)13(25)26/h1-2H2,(H2,6,7,14)</InChI>
    </Compound>
    <Compound>
        <Id>mol13</Id>
        <Name>Ethyl, 2,2,2-trinitroethyl carbonate</Name>
        <Labels></Labels>
        <Cargos>daylight-smiles</Cargos>
        <Cas>5917-60-2</Cas>
        <InChI>InChI=1S/C5H7N3O9/c1-2-16-4(9)17-3-5(6(10)11,7(12)13)8(14)15/h2-3H2,1H3</InChI>
    </Compound>
    <Compound>
        <Id>mol14</Id>
        <Name>Bis-(trinitroethyl)-oxalate</Name>
        <Labels></Labels>
        <Cargos>daylight-smiles</Cargos>
        <Cas>118583-85-0</Cas>
        <InChI>InChI=1S/C6H4N6O16/c13-3(27-1-5(7(15)16,8(17)18)9(19)20)4(14)28-2-6(10(21)22,11(23)24)12(25)26/h1-2H2</InChI>
    </Compound>
    <Compound>
        <Id>mol15</Id>
        <Name>Bis-(trinitroethyl)-oxamide</Name>
        <Labels></Labels>
        <Cargos>daylight-smiles</Cargos>
        <Cas>83464-17-9</Cas>
        <InChI>InChI=1S/C6H6N8O14/c15-3(7-1-5(9(17)18,10(19)20)11(21)22)4(16)8-2-6(12(23)24,13(25)26)14(27)28/h1-2H2,(H,7,15)(H,8,16)</InChI>
    </Compound>
    <Compound>
        <Id>mol16</Id>
        <Name>N-trinitroethyl-4,4,4-trinitrobutyramide</Name>
        <Labels></Labels>
        <Cargos>daylight-smiles</Cargos>
        <Cas>89415-40-7</Cas>
        <InChI>InChI=1S/C6H7N7O13/c14-4(1-2-5(8(15)16,9(17)18)10(19)20)7-3-6(11(21)22,12(23)24)13(25)26/h1-3H2,(H,7,14)</InChI>
    </Compound>
    <Compound>
        <Id>mol17</Id>
        <Name>1,5-Bis(trinitroethyl)biuret</Name>
        <Labels></Labels>
        <Cargos>daylight-smiles</Cargos>
        <Cas>502184-97-6</Cas>
        <InChI>InChI=1S/C6H7N9O14/c16-3(7-1-5(10(18)19,11(20)21)12(22)23)9-4(17)8-2-6(13(24)25,14(26)27)15(28)29/h1-2H2,(H3,7,8,9,16,17)</InChI>
    </Compound>
    <Compound>
        <Id>mol18</Id>
        <Name>N-(t-butyl)-trinitro-acetamide</Name>
        <Labels></Labels>
        <Cargos>daylight-smiles</Cargos>
        <Cas>870100-66-6</Cas>
        <InChI>InChI=1S/C6H10N4O7/c1-5(2,3)7-4(11)6(8(12)13,9(14)15)10(16)17/h1-3H3,(H,7,11)</InChI>
    </Compound>
    <Compound>
        <Id>mol19</Id>
        <Name>1,1,1,7,7,7-hexanitro-4-heptanone</Name>
        <Labels></Labels>
        <Cargos>daylight-smiles</Cargos>
        <Cas>15353-11-4</Cas>
        <InChI>InChI=1S/C7H8N6O13/c14-5(1-3-6(8(15)16,9(17)18)10(19)20)2-4-7(11(21)22,12(23)24)13(25)26/h1-4H2</InChI>
    </Compound>
    <Compound>
        <Id>mol20</Id>
        <Name>2,2-dinitropropyl trinitrobutyrate</Name>
        <Labels></Labels>
        <Cargos>daylight-smiles</Cargos>
        <Cas>2555-56-8</Cas>
        <InChI>InChI=1S/C7H9N5O12/c1-6(8(14)15,9(16)17)4-24-5(13)2-3-7(10(18)19,11(20)21)12(22)23/h2-4H2,1H3</InChI>
    </Compound>
    <Compound>
        <Id>mol21</Id>
        <Name>2,2,2-trinitroethyl-4,4-dinitrovalerate</Name>
        <Labels></Labels>
        <Cargos>daylight-smiles</Cargos>
        <InChI>InChI=1S/C7H9N5O12/c1-6(8(14)15,9(16)17)3-2-5(13)24-4-7(10(18)19,11(20)21)12(22)23/h2-4H2,1H3</InChI>
    </Compound>
    <Compound>
        <Id>mol22</Id>
        <Name>bis-(2,2-dinitropropyl) carbonate</Name>
        <Labels></Labels>
        <Cargos>daylight-smiles</Cargos>
        <Cas>20598-86-1</Cas>
        <InChI>InChI=1S/C7H10N4O11/c1-6(8(13)14,9(15)16)3-21-5(12)22-4-7(2,10(17)18)11(19)20/h3-4H2,1-2H3</InChI>
    </Compound>
    <Compound>
        <Id>mol23</Id>
        <Name>Bis-(trinitropropyl)-urea</Name>
        <Labels></Labels>
        <Cargos>daylight-smiles</Cargos>
        <Cas>89897-71-2</Cas>
        <InChI>InChI=1S/C7H10N8O13/c16-5(8-3-1-6(10(17)18,11(19)20)12(21)22)9-4-2-7(13(23)24,14(25)26)15(27)28/h1-4H2,(H2,8,9,16)</InChI>
    </Compound>
    <Compound>
        <Id>mol24</Id>
        <Name>bis(trinitroethyl) fumarate</Name>
        <Labels></Labels>
        <Cargos>daylight-smiles</Cargos>
        <Cas>813-83-2</Cas>
        <InChI>InChI=1S/C8H6N6O16/c15-5(29-3-7(9(17)18,10(19)20)11(21)22)1-2-6(16)30-4-8(12(23)24,13(25)26)14(27)28/h1-2H,3-4H2/b2-1+</InChI>
    </Compound>
    <Compound>
        <Id>mol25</Id>
        <Name>trinitroethyl-bis-(trinitroethoxy)-acetate</Name>
        <Labels></Labels>
        <Cargos>daylight-smiles</Cargos>
        <Cas>59373-75-0</Cas>
        <InChI>InChI=1S/C8H7N9O22/c18-4(37-1-6(9(19)20,10(21)22)11(23)24)5(38-2-7(12(25)26,13(27)28)14(29)30)39-3-8(15(31)32,16(33)34)17(35)36/h5H,1-3H2</InChI>
    </Compound>
    <Compound>
        <Id>mol26</Id>
        <Name>4,4,4-trinitrobutyric acid anhydride</Name>
        <Labels></Labels>
        <Cargos>daylight-smiles</Cargos>
        <Cas>7769-34-8</Cas>
        <InChI>InChI=1S/C8H8N6O15/c15-5(1-3-7(9(17)18,10(19)20)11(21)22)29-6(16)2-4-8(12(23)24,13(25)26)14(27)28/h1-4H2</InChI>
    </Compound>
    <Compound>
        <Id>mol27</Id>
        <Name>2,2,2-trinitroethyl-4,4-dinitrohexanoate</Name>
        <Labels></Labels>
        <Cargos>daylight-smiles</Cargos>
        <Cas>71742-96-6</Cas>
        <InChI>InChI=1S/C8H11N5O12/c1-2-7(9(15)16,10(17)18)4-3-6(14)25-5-8(11(19)20,12(21)22)13(23)24/h2-5H2,1H3</InChI>
    </Compound>
    <Compound>
        <Id>mol28</Id>
        <Name>2-nitroisobutyl 4,4,4-trinitrobutyrate</Name>
        <Labels></Labels>
        <Cargos>daylight-smiles</Cargos>
        <Cas>34001-51-9</Cas>
        <InChI>InChI=1S/C8H12N4O10/c1-7(2,9(14)15)5-22-6(13)3-4-8(10(16)17,11(18)19)12(20)21/h3-5H2,1-2H3</InChI>
    </Compound>
    <Compound>
        <Id>mol29</Id>
        <Name>tetrakis(2,2,2-trinitroethyl) orthocarbonate</Name>
        <Labels></Labels>
        <Cargos>daylight-smiles</Cargos>
        <Cas>14548-58-4</Cas>
        <InChI>InChI=1S/C9H8N12O28/c22-10(23)5(11(24)25,12(26)27)1-46-9(47-2-6(13(28)29,14(30)31)15(32)33,48-3-7(16(34)35,17(36)37)18(38)39)49-4-8(19(40)41,20(42)43)21(44)45/h1-4H2</InChI>
    </Compound>
    <Compound>
        <Id>mol30</Id>
        <Name>methylene bis-(4,4,4-trinitrobutyramide)</Name>
        <Labels></Labels>
        <Cargos>daylight-smiles</Cargos>
        <Cas>71706-39-3</Cas>
        <InChI>InChI=1S/C9H12N8O14/c18-6(1-3-8(12(20)21,13(22)23)14(24)25)10-5-11-7(19)2-4-9(15(26)27,16(28)29)17(30)31/h1-5H2,(H,10,18)(H,11,19)</InChI>
    </Compound>
    <Compound>
        <Id>mol31</Id>
        <Name>Ethylene bis-(4,4,4-trinitrobutyrate)</Name>
        <Labels></Labels>
        <Cargos>daylight-smiles</Cargos>
        <Cas>71706-40-6</Cas>
        <InChI>InChI=1S/C10H12N6O16/c17-7(1-3-9(11(19)20,12(21)22)13(23)24)31-5-6-32-8(18)2-4-10(14(25)26,15(27)28)16(29)30/h1-6H2</InChI>
    </Compound>
    <Compound>
        <Id>mol32</Id>
        <Name>N,N-Bis-(2,2-dinitro-propyl)-4,4,4-trinitro-butyramide</Name>
        <Labels></Labels>
        <Cargos>daylight-smiles</Cargos>
        <Cas>71706-44-0</Cas>
        <InChI>InChI=1S/C10H14N8O15/c1-8(12(20)21,13(22)23)5-11(6-9(2,14(24)25)15(26)27)7(19)3-4-10(16(28)29,17(30)31)18(32)33/h3-6H2,1-2H3</InChI>
    </Compound>
    <Compound>
        <Id>mol33</Id>
        <Name>2,2-dinitropropane-1,3-diol-bis-(4,4,4-trinitro butyrate)</Name>
        <Labels></Labels>
        <Cargos>daylight-smiles</Cargos>
        <Cas>71706-45-1</Cas>
        <InChI>InChI=1S/C11H12N8O20/c20-7(1-3-10(14(26)27,15(28)29)16(30)31)38-5-9(12(22)23,13(24)25)6-39-8(21)2-4-11(17(32)33,18(34)35)19(36)37/h1-6H2</InChI>
    </Compound>
    <Compound>
        <Id>mol34</Id>
        <Name>Bis-(2,2,2-trinitroethyl)-4,4,6,6,8,8-hexanitro-undecanedioate</Name>
        <Labels></Labels>
        <Cargos>daylight-smiles</Cargos>
        <Cas>71706-47-3</Cas>
        <InChI>InChI=1S/C15H16N12O28/c28-9(54-7-14(22(42)43,23(44)45)24(46)47)1-3-11(16(30)31,17(32)33)5-13(20(38)39,21(40)41)6-12(18(34)35,19(36)37)4-2-10(29)55-8-15(25(48)49,26(50)51)27(52)53/h1-8H2</InChI>
    </Compound>
    <Compound>
        <Id>mol35</Id>
        <Name>1,1,1,3-tetranitrobutane</Name>
        <Labels></Labels>
        <Cargos>daylight-smiles</Cargos>
        <Cas>71706-36-0</Cas>
        <InChI>InChI=1S/C4H6N4O8/c1-3(5(9)10)2-4(6(11)12,7(13)14)8(15)16/h3H,2H2,1H3</InChI>
    </Compound>
    <Compound>
        <Id>mol36</Id>
        <Name>1,1,1,6,6,6-hexanitro-3-hexene</Name>
        <Labels></Labels>
        <Cargos>daylight-smiles</Cargos>
        <Cas>62115-85-9</Cas>
        <InChI>InChI=1S/C6H6N6O12/c13-7(14)5(8(15)16,9(17)18)3-1-2-4-6(10(19)20,11(21)22)12(23)24/h1-2H,3-4H2</InChI>
    </Compound>
    <Compound>
        <Id>mol37</Id>
        <Name>N,N'-Methylene-bis-(2,2,2-trinitroacetamide)</Name>
        <Labels></Labels>
        <Cargos>daylight-smiles</Cargos>
        <Cas>71706-37-1</Cas>
        <InChI>InChI=1S/C5H4N8O14/c14-2(4(8(16)17,9(18)19)10(20)21)6-1-7-3(15)5(11(22)23,12(24)25)13(26)27/h1H2,(H,6,14)(H,7,15)</InChI>
    </Compound>
    <Compound>
        <Id>mol38</Id>
        <Name>5,5,5-trinitro-2-pentanone</Name>
        <Labels></Labels>
        <Cargos>daylight-smiles</Cargos>
        <Cas>5029-48-1</Cas>
        <InChI>InChI=1S/C5H7N3O7/c1-4(9)2-3-5(6(10)11,7(12)13)8(14)15/h2-3H2,1H3</InChI>
    </Compound>
    <Compound>
        <Id>mol39</Id>
        <Name>N-(2-propyl)-trinitroacetamide</Name>
        <Labels></Labels>
        <Cargos>daylight-smiles</Cargos>
        <Cas>870100-65-5</Cas>
        <InChI>InChI=1S/C5H8N4O7/c1-3(2)6-4(10)5(7(11)12,8(13)14)9(15)16/h3H,1-2H3,(H,6,10)</InChI>
    </Compound>
    <Compound>
        <Id>mol40</Id>
        <Name>2,2,2-Trinitroethyl-4,4,4-trinitrobutyrate</Name>
        <Labels></Labels>
        <Cargos>daylight-smiles</Cargos>
        <Cas>866-65-9</Cas>
        <InChI>InChI=1S/C6H6N6O14/c13-4(1-2-5(7(14)15,8(16)17)9(18)19)26-3-6(10(20)21,11(22)23)12(24)25/h1-3H2</InChI>
    </Compound>
    <Compound>
        <Id>mol41</Id>
        <Name>trinitroethyl 2,2-dinitropropyl carbonate</Name>
        <Labels></Labels>
        <Cargos>daylight-smiles</Cargos>
        <Cas>79912-60-0</Cas>
        <InChI>InChI=1S/C6H7N5O13/c1-5(7(13)14,8(15)16)2-23-4(12)24-3-6(9(17)18,10(19)20)11(21)22/h2-3H2,1H3</InChI>
    </Compound>
    <Compound>
        <Id>mol42</Id>
        <Name>Tris-(2,2,2-trinitroethyl) orthoformate</Name>
        <Labels></Labels>
        <Cargos>daylight-smiles</Cargos>
        <Cas>14548-59-5</Cas>
        <InChI>InChI=1S/C7H7N9O21/c17-8(18)5(9(19)20,10(21)22)1-35-4(36-2-6(11(23)24,12(25)26)13(27)28)37-3-7(14(29)30,15(31)32)16(33)34/h4H,1-3H2</InChI>
    </Compound>
    <Compound>
        <Id>mol43</Id>
        <Name>methylene-bis-[(trinitroethyl)-carbamate]</Name>
        <Description>Name in the article:
methylene-bis-(trinitroethyl)-carbamate</Description>
        <Labels></Labels>
        <Cargos>daylight-smiles</Cargos>
        <Cas>89639-55-4</Cas>
        <InChI>InChI=1S/C7H8N8O16/c16-4(30-1-6(10(18)19,11(20)21)12(22)23)8-3-9-5(17)31-2-7(13(24)25,14(26)27)15(28)29/h1-3H2,(H,8,16)(H,9,17)</InChI>
    </Compound>
    <Compound>
        <Id>mol44</Id>
        <Name>2,2-Dinitropropyl 4,4,4-trinitrobutyramide</Name>
        <Labels></Labels>
        <Cargos>daylight-smiles</Cargos>
        <Cas>71706-42-8</Cas>
        <InChI>InChI=1S/C7H10N6O11/c1-6(9(15)16,10(17)18)4-8-5(14)2-3-7(11(19)20,12(21)22)13(23)24/h2-4H2,1H3,(H,8,14)</InChI>
    </Compound>
    <Compound>
        <Id>mol45</Id>
        <Name>N,N'-Bis(1-methyl-2,2,2-trinitroethyl)urea</Name>
        <Description>Name in the article:
bis-(1,1,1-trinitro-2-propyl) urea</Description>
        <Labels></Labels>
        <Cargos>daylight-smiles</Cargos>
        <InChI>InChI=1S/C7H10N8O13/c1-3(6(10(17)18,11(19)20)12(21)22)8-5(16)9-4(2)7(13(23)24,14(25)26)15(27)28/h3-4H,1-2H3,(H2,8,9,16)</InChI>
    </Compound>
    <Compound>
        <Id>mol46</Id>
        <Name>Bis-(2,2,2-trinitroethyl)-succinate</Name>
        <Labels></Labels>
        <Cargos>daylight-smiles</Cargos>
        <Cas>681-41-4</Cas>
        <InChI>InChI=1S/C8H8N6O16/c15-5(29-3-7(9(17)18,10(19)20)11(21)22)1-2-6(16)30-4-8(12(23)24,13(25)26)14(27)28/h1-4H2</InChI>
    </Compound>
    <Compound>
        <Id>mol47</Id>
        <Name>Bis-(2,2-dinitropropyl)-oxalate</Name>
        <Labels></Labels>
        <Cargos>daylight-smiles</Cargos>
        <Cas>71706-49-5</Cas>
        <InChI>InChI=1S/C8H10N4O12/c1-7(9(15)16,10(17)18)3-23-5(13)6(14)24-4-8(2,11(19)20)12(21)22/h3-4H2,1-2H3</InChI>
    </Compound>
    <Compound>
        <Id>mol48</Id>
        <Name>N,N'-bis-(3,3,3-trinitro-propyl)-oxamide</Name>
        <Labels></Labels>
        <Cargos>daylight-smiles</Cargos>
        <Cas>71706-38-2</Cas>
        <InChI>InChI=1S/C8H10N8O14/c17-5(9-3-1-7(11(19)20,12(21)22)13(23)24)6(18)10-4-2-8(14(25)26,15(27)28)16(29)30/h1-4H2,(H,9,17)(H,10,18)</InChI>
    </Compound>
    <Compound>
        <Id>mol49</Id>
        <Name>N-(2,2-Dinitrobutyl)-4,4,4-trinitrobutanamide</Name>
        <Description>Name in the article:
2,2-dinitrobutyl-4,4,4-trinitrobutyramide</Description>
        <Labels></Labels>
        <Cargos>daylight-smiles</Cargos>
        <InChI>InChI=1S/C8H12N6O11/c1-2-7(10(16)17,11(18)19)5-9-6(15)3-4-8(12(20)21,13(22)23)14(24)25/h2-5H2,1H3,(H,9,15)</InChI>
    </Compound>
    <Compound>
        <Id>mol50</Id>
        <Name>Bis-(2,2,2-trinitro-ethyl)-4,4-dinitroheptanedioate</Name>
        <Description>Name in the article: Bis-(2,2,2-trinitro-ethyl)-4,4-dinitro-ethyl)-4,4-Dinitroheptanedioate</Description>
        <Labels></Labels>
        <Cargos>daylight-smiles</Cargos>
        <Cas>71706-46-2</Cas>
        <InChI>InChI=1S/C11H12N8O20/c20-7(38-5-10(14(26)27,15(28)29)16(30)31)1-3-9(12(22)23,13(24)25)4-2-8(21)39-6-11(17(32)33,18(34)35)19(36)37/h1-6H2</InChI>
    </Compound>
</CompoundRegistry>
