<?xml version="1.0" encoding="UTF-8" standalone="yes"?>
<ModelRegistry xmlns="http://www.qsardb.org/QDB">
    <Model>
        <Id>Tab2.M1</Id>
        <Name>Model for polybrominated diphenyl ethers</Name>
        <Labels></Labels>
        <Cargos>pmml bibtex</Cargos>
        <PropertyId>LogH</PropertyId>
    </Model>
    <Model>
        <Id>Tab2.M2</Id>
        <Name>Model for polybrominated diphenyl ethers</Name>
        <Labels></Labels>
        <Cargos>pmml bibtex</Cargos>
        <PropertyId>TM</PropertyId>
    </Model>
    <Model>
        <Id>Tab2.M3</Id>
        <Name>Model for polybrominated diphenyl ethers</Name>
        <Labels></Labels>
        <Cargos>pmml bibtex</Cargos>
        <PropertyId>LogPL</PropertyId>
    </Model>
    <Model>
        <Id>Tab2.M4</Id>
        <Name>Model for polybrominated diphenyl ethers</Name>
        <Labels></Labels>
        <Cargos>pmml bibtex</Cargos>
        <PropertyId>LogSw</PropertyId>
    </Model>
    <Model>
        <Id>Tab2.M5</Id>
        <Name>Model for polybrominated diphenyl ethers</Name>
        <Labels></Labels>
        <Cargos>pmml bibtex</Cargos>
        <PropertyId>LogKoa</PropertyId>
    </Model>
    <Model>
        <Id>Tab2.M6</Id>
        <Name>Model for polybrominated diphenyl ethers</Name>
        <Labels></Labels>
        <Cargos>pmml bibtex</Cargos>
        <PropertyId>LogKow</PropertyId>
    </Model>
</ModelRegistry>
