<?xml version="1.0" encoding="UTF-8" standalone="yes"?>
<CompoundRegistry xmlns="http://www.qsardb.org/QDB">
    <Compound>
        <Id>1</Id>
        <Name>Benzene</Name>
        <Labels></Labels>
        <Cargos></Cargos>
    </Compound>
    <Compound>
        <Id>2</Id>
        <Name>Toluene</Name>
        <Labels></Labels>
        <Cargos></Cargos>
    </Compound>
    <Compound>
        <Id>3</Id>
        <Name>1,3-Dimethylbenzene</Name>
        <Labels></Labels>
        <Cargos></Cargos>
    </Compound>
    <Compound>
        <Id>4</Id>
        <Name>1,2-Dimethylbenzene</Name>
        <Labels></Labels>
        <Cargos></Cargos>
    </Compound>
    <Compound>
        <Id>5</Id>
        <Name>1,4-Dimethylbenzene</Name>
        <Labels></Labels>
        <Cargos></Cargos>
    </Compound>
    <Compound>
        <Id>6</Id>
        <Name>1,3,5-Trimethylbenzene</Name>
        <Labels></Labels>
        <Cargos></Cargos>
    </Compound>
    <Compound>
        <Id>7</Id>
        <Name>1,2,4-Trimethylbenzene</Name>
        <Labels></Labels>
        <Cargos></Cargos>
    </Compound>
    <Compound>
        <Id>8</Id>
        <Name>1,2,3-Trimethylbenzene</Name>
        <Labels></Labels>
        <Cargos></Cargos>
    </Compound>
    <Compound>
        <Id>9</Id>
        <Name>1,2,3,5-Tetramethylbenzene</Name>
        <Labels></Labels>
        <Cargos></Cargos>
    </Compound>
    <Compound>
        <Id>10</Id>
        <Name>1,2,3,4-Tetramethylbenzene</Name>
        <Labels></Labels>
        <Cargos></Cargos>
    </Compound>
    <Compound>
        <Id>11</Id>
        <Name>1,2,4,5-Tetramethylbenzene</Name>
        <Labels></Labels>
        <Cargos></Cargos>
    </Compound>
    <Compound>
        <Id>12</Id>
        <Name>Pentamethylbenzene</Name>
        <Labels></Labels>
        <Cargos></Cargos>
    </Compound>
    <Compound>
        <Id>13</Id>
        <Name>Hexamethylbenzene</Name>
        <Labels></Labels>
        <Cargos></Cargos>
    </Compound>
    <Compound>
        <Id>14</Id>
        <Name>Nitrobenzene</Name>
        <Labels></Labels>
        <Cargos></Cargos>
    </Compound>
    <Compound>
        <Id>15</Id>
        <Name>2-Nitromethylbenzene</Name>
        <Labels></Labels>
        <Cargos></Cargos>
    </Compound>
    <Compound>
        <Id>16</Id>
        <Name>3-Nitromethylbenzene</Name>
        <Labels></Labels>
        <Cargos></Cargos>
    </Compound>
    <Compound>
        <Id>17</Id>
        <Name>4-Nitromethylbenzene</Name>
        <Labels></Labels>
        <Cargos></Cargos>
    </Compound>
    <Compound>
        <Id>18</Id>
        <Name>Iodobenzene</Name>
        <Labels></Labels>
        <Cargos></Cargos>
    </Compound>
    <Compound>
        <Id>19</Id>
        <Name>3-Iodomethylbenzene</Name>
        <Labels></Labels>
        <Cargos></Cargos>
    </Compound>
    <Compound>
        <Id>20</Id>
        <Name>4-Iodomethylbenzene</Name>
        <Labels></Labels>
        <Cargos></Cargos>
    </Compound>
    <Compound>
        <Id>21</Id>
        <Name>1,2-Diiodobenzene</Name>
        <Labels></Labels>
        <Cargos></Cargos>
    </Compound>
    <Compound>
        <Id>22</Id>
        <Name>1,3-Diiodobenzene</Name>
        <Labels></Labels>
        <Cargos></Cargos>
    </Compound>
    <Compound>
        <Id>23</Id>
        <Name>1,4-Diiodobenzene</Name>
        <Labels></Labels>
        <Cargos></Cargos>
    </Compound>
    <Compound>
        <Id>24</Id>
        <Name>Bromobenzene</Name>
        <Labels></Labels>
        <Cargos></Cargos>
    </Compound>
    <Compound>
        <Id>25</Id>
        <Name>3-Methylbromobenzene</Name>
        <Labels></Labels>
        <Cargos></Cargos>
    </Compound>
    <Compound>
        <Id>26</Id>
        <Name>2-Methylbromobenzene</Name>
        <Labels></Labels>
        <Cargos></Cargos>
    </Compound>
    <Compound>
        <Id>27</Id>
        <Name>4-Methylbromobenzene</Name>
        <Labels></Labels>
        <Cargos></Cargos>
    </Compound>
    <Compound>
        <Id>28</Id>
        <Name>3-Bromoiodobenzene</Name>
        <Labels></Labels>
        <Cargos></Cargos>
    </Compound>
    <Compound>
        <Id>29</Id>
        <Name>4-Bromoiodobenzene</Name>
        <Labels></Labels>
        <Cargos></Cargos>
    </Compound>
    <Compound>
        <Id>30</Id>
        <Name>1,3-Dibromobenzene</Name>
        <Labels></Labels>
        <Cargos></Cargos>
    </Compound>
    <Compound>
        <Id>31</Id>
        <Name>1,2-Dibromobenzene</Name>
        <Labels></Labels>
        <Cargos></Cargos>
    </Compound>
    <Compound>
        <Id>32</Id>
        <Name>1,4-Dibromobenzene</Name>
        <Labels></Labels>
        <Cargos></Cargos>
    </Compound>
    <Compound>
        <Id>33</Id>
        <Name>1,3,5-Tribromobenzene</Name>
        <Labels></Labels>
        <Cargos></Cargos>
    </Compound>
    <Compound>
        <Id>34</Id>
        <Name>1,2-Dimethyl-tetrabromobenzene</Name>
        <Labels></Labels>
        <Cargos></Cargos>
    </Compound>
    <Compound>
        <Id>35</Id>
        <Name>Chlorobenzene</Name>
        <Labels></Labels>
        <Cargos></Cargos>
    </Compound>
    <Compound>
        <Id>36</Id>
        <Name>3-Methylchlorobenzene</Name>
        <Labels></Labels>
        <Cargos></Cargos>
    </Compound>
    <Compound>
        <Id>37</Id>
        <Name>2-Methylchlorobenzene</Name>
        <Labels></Labels>
        <Cargos></Cargos>
    </Compound>
    <Compound>
        <Id>38</Id>
        <Name>4-Methylchlorobenzene</Name>
        <Labels></Labels>
        <Cargos></Cargos>
    </Compound>
    <Compound>
        <Id>39</Id>
        <Name>2-Chloronitrobenzene</Name>
        <Labels></Labels>
        <Cargos></Cargos>
    </Compound>
    <Compound>
        <Id>40</Id>
        <Name>3-Chloronitrobenzene</Name>
        <Labels></Labels>
        <Cargos></Cargos>
    </Compound>
    <Compound>
        <Id>41</Id>
        <Name>4-Chloronitrobenzene</Name>
        <Labels></Labels>
        <Cargos></Cargos>
    </Compound>
    <Compound>
        <Id>42</Id>
        <Name>4-Chloroiodobenzene</Name>
        <Labels></Labels>
        <Cargos></Cargos>
    </Compound>
    <Compound>
        <Id>43</Id>
        <Name>3-Chlorobromobenzene</Name>
        <Labels></Labels>
        <Cargos></Cargos>
    </Compound>
    <Compound>
        <Id>44</Id>
        <Name>2-Chlorobromobenzene</Name>
        <Labels></Labels>
        <Cargos></Cargos>
    </Compound>
    <Compound>
        <Id>45</Id>
        <Name>4-Chlorobromobenzene</Name>
        <Labels></Labels>
        <Cargos></Cargos>
    </Compound>
    <Compound>
        <Id>46</Id>
        <Name>1,3-Dichlorobenzene</Name>
        <Labels></Labels>
        <Cargos></Cargos>
    </Compound>
    <Compound>
        <Id>47</Id>
        <Name>1,2-Dichlorobenzene</Name>
        <Labels></Labels>
        <Cargos></Cargos>
    </Compound>
    <Compound>
        <Id>48</Id>
        <Name>1,4-Dichlorobenzene</Name>
        <Labels></Labels>
        <Cargos></Cargos>
    </Compound>
    <Compound>
        <Id>49</Id>
        <Name>3,5-Dichloromethylbenzene</Name>
        <Labels></Labels>
        <Cargos></Cargos>
    </Compound>
    <Compound>
        <Id>50</Id>
        <Name>3,4-Dichloro-1,2-dimethylbenzene</Name>
        <Labels></Labels>
        <Cargos></Cargos>
    </Compound>
    <Compound>
        <Id>51</Id>
        <Name>2,4-Dichloromesitylene</Name>
        <Labels></Labels>
        <Cargos></Cargos>
    </Compound>
    <Compound>
        <Id>52</Id>
        <Name>1,2,4-Trichlorobenzene</Name>
        <Labels></Labels>
        <Cargos></Cargos>
    </Compound>
    <Compound>
        <Id>53</Id>
        <Name>1,2,3-Trichlorobenzene</Name>
        <Labels></Labels>
        <Cargos></Cargos>
    </Compound>
    <Compound>
        <Id>54</Id>
        <Name>1,3,5-Trichlorobenzene</Name>
        <Labels></Labels>
        <Cargos></Cargos>
    </Compound>
    <Compound>
        <Id>55</Id>
        <Name>2,3,4-Trichlorotoluene</Name>
        <Labels></Labels>
        <Cargos></Cargos>
    </Compound>
    <Compound>
        <Id>56</Id>
        <Name>2,3,5-Trichlorotoluene</Name>
        <Labels></Labels>
        <Cargos></Cargos>
    </Compound>
    <Compound>
        <Id>57</Id>
        <Name>1,2,3,4-Tetrachlorobenzene</Name>
        <Labels></Labels>
        <Cargos></Cargos>
    </Compound>
    <Compound>
        <Id>58</Id>
        <Name>1,2,4,5-Tetrachlorobenzene</Name>
        <Labels></Labels>
        <Cargos></Cargos>
    </Compound>
    <Compound>
        <Id>59</Id>
        <Name>Pentachlorobenzene</Name>
        <Labels></Labels>
        <Cargos></Cargos>
    </Compound>
    <Compound>
        <Id>60</Id>
        <Name>Hexachlorobenzene</Name>
        <Labels></Labels>
        <Cargos></Cargos>
    </Compound>
    <Compound>
        <Id>61</Id>
        <Name>Fluorobenzene</Name>
        <Labels></Labels>
        <Cargos></Cargos>
    </Compound>
    <Compound>
        <Id>62</Id>
        <Name>1,3-Difluoromethylbenzene</Name>
        <Labels></Labels>
        <Cargos></Cargos>
    </Compound>
    <Compound>
        <Id>63</Id>
        <Name>1,2-Difluoromethylbenzene</Name>
        <Labels></Labels>
        <Cargos></Cargos>
    </Compound>
    <Compound>
        <Id>64</Id>
        <Name>4-Fluoromethylbenzene</Name>
        <Labels></Labels>
        <Cargos></Cargos>
    </Compound>
    <Compound>
        <Id>65</Id>
        <Name>4-Fluoroiodobenzene</Name>
        <Labels></Labels>
        <Cargos></Cargos>
    </Compound>
    <Compound>
        <Id>66</Id>
        <Name>4-Fluorobromobenzene</Name>
        <Labels></Labels>
        <Cargos></Cargos>
    </Compound>
    <Compound>
        <Id>67</Id>
        <Name>2-Chlorofluorobenzene</Name>
        <Labels></Labels>
        <Cargos></Cargos>
    </Compound>
    <Compound>
        <Id>68</Id>
        <Name>4-Chlorofluorobenzene</Name>
        <Labels></Labels>
        <Cargos></Cargos>
    </Compound>
    <Compound>
        <Id>69</Id>
        <Name>1,3-Difluorobenzene</Name>
        <Labels></Labels>
        <Cargos></Cargos>
    </Compound>
    <Compound>
        <Id>70</Id>
        <Name>1,2-Difluorobenzene</Name>
        <Labels></Labels>
        <Cargos></Cargos>
    </Compound>
    <Compound>
        <Id>71</Id>
        <Name>1,4-Difluorobenzene</Name>
        <Labels></Labels>
        <Cargos></Cargos>
    </Compound>
    <Compound>
        <Id>72</Id>
        <Name>1,2,3,5-Tetrachlorobenzene</Name>
        <Labels></Labels>
        <Cargos></Cargos>
    </Compound>
    <Compound>
        <Id>73</Id>
        <Name>Hexafluorobenzene</Name>
        <Labels></Labels>
        <Cargos></Cargos>
    </Compound>
    <Compound>
        <Id>74</Id>
        <Name>1,2,4,5-Tetrafluorobenzene</Name>
        <Labels></Labels>
        <Cargos></Cargos>
    </Compound>
    <Compound>
        <Id>75</Id>
        <Name>1-Fluoro-2,4,6-trimethylbenzene</Name>
        <Labels></Labels>
        <Cargos></Cargos>
    </Compound>
    <Compound>
        <Id>76</Id>
        <Name>Benzonitrile</Name>
        <Labels></Labels>
        <Cargos></Cargos>
    </Compound>
    <Compound>
        <Id>77</Id>
        <Name>2-Bromobenzonitrile</Name>
        <Labels></Labels>
        <Cargos></Cargos>
    </Compound>
    <Compound>
        <Id>78</Id>
        <Name>3-Bromobenzonitrile</Name>
        <Labels></Labels>
        <Cargos></Cargos>
    </Compound>
    <Compound>
        <Id>79</Id>
        <Name>4-Bromobenzonitrile</Name>
        <Labels></Labels>
        <Cargos></Cargos>
    </Compound>
    <Compound>
        <Id>80</Id>
        <Name>2-Chlorobenzonitrile</Name>
        <Labels></Labels>
        <Cargos></Cargos>
    </Compound>
    <Compound>
        <Id>81</Id>
        <Name>4-Chlorobenzonitrile</Name>
        <Labels></Labels>
        <Cargos></Cargos>
    </Compound>
    <Compound>
        <Id>82</Id>
        <Name>4-Fluorobenzonitrile</Name>
        <Labels></Labels>
        <Cargos></Cargos>
    </Compound>
    <Compound>
        <Id>83</Id>
        <Name>2-Methylbenzonitrile</Name>
        <Labels></Labels>
        <Cargos></Cargos>
    </Compound>
    <Compound>
        <Id>84</Id>
        <Name>3-Methylbenzonitrile</Name>
        <Labels></Labels>
        <Cargos></Cargos>
    </Compound>
    <Compound>
        <Id>85</Id>
        <Name>4-Methylbenzonitrile</Name>
        <Labels></Labels>
        <Cargos></Cargos>
    </Compound>
</CompoundRegistry>
