<?xml version="1.0" encoding="UTF-8" standalone="yes"?>
<CompoundRegistry xmlns="http://www.qsardb.org/QDB">
    <Compound>
        <Id>1</Id>
        <Name>carbamoylmethyl benzoate</Name>
        <Description>Names and InChI codes were generated with JChem for Excel</Description>
        <Labels></Labels>
        <Cargos></Cargos>
        <InChI>InChI=1S/C9H9NO3/c10-8(11)6-13-9(12)7-4-2-1-3-5-7/h1-5H,6H2,(H2,10,11)</InChI>
    </Compound>
    <Compound>
        <Id>2</Id>
        <Name>(methylcarbamoyl)methyl benzoate</Name>
        <Description>Names and InChI codes were generated with JChem for Excel</Description>
        <Labels></Labels>
        <Cargos></Cargos>
        <InChI>InChI=1S/C10H11NO3/c1-11-9(12)7-14-10(13)8-5-3-2-4-6-8/h2-6H,7H2,1H3,(H,11,12)</InChI>
    </Compound>
    <Compound>
        <Id>3</Id>
        <Name>(ethylcarbamoyl)methyl benzoate</Name>
        <Description>Names and InChI codes were generated with JChem for Excel</Description>
        <Labels></Labels>
        <Cargos></Cargos>
        <InChI>InChI=1S/C11H13NO3/c1-2-12-10(13)8-15-11(14)9-6-4-3-5-7-9/h3-7H,2,8H2,1H3,(H,12,13)</InChI>
    </Compound>
    <Compound>
        <Id>4</Id>
        <Name>(propylcarbamoyl)methyl benzoate</Name>
        <Description>Names and InChI codes were generated with JChem for Excel</Description>
        <Labels></Labels>
        <Cargos></Cargos>
        <InChI>InChI=1S/C12H15NO3/c1-2-8-13-11(14)9-16-12(15)10-6-4-3-5-7-10/h3-7H,2,8-9H2,1H3,(H,13,14)</InChI>
    </Compound>
    <Compound>
        <Id>5</Id>
        <Name>[(propan-2-yl)carbamoyl]methyl benzoate</Name>
        <Description>Names and InChI codes were generated with JChem for Excel</Description>
        <Labels></Labels>
        <Cargos></Cargos>
        <InChI>InChI=1S/C12H15NO3/c1-9(2)13-11(14)8-16-12(15)10-6-4-3-5-7-10/h3-7,9H,8H2,1-2H3,(H,13,14)</InChI>
    </Compound>
    <Compound>
        <Id>6</Id>
        <Name>(tert-butylcarbamoyl)methyl benzoate</Name>
        <Description>Names and InChI codes were generated with JChem for Excel</Description>
        <Labels></Labels>
        <Cargos></Cargos>
        <InChI>InChI=1S/C13H17NO3/c1-13(2,3)14-11(15)9-17-12(16)10-7-5-4-6-8-10/h4-8H,9H2,1-3H3,(H,14,15)</InChI>
    </Compound>
    <Compound>
        <Id>7</Id>
        <Name>[(carbamoylmethyl)carbamoyl]methyl benzoate</Name>
        <Description>Names and InChI codes were generated with JChem for Excel</Description>
        <Labels></Labels>
        <Cargos></Cargos>
        <InChI>InChI=1S/C11H12N2O4/c12-9(14)6-13-10(15)7-17-11(16)8-4-2-1-3-5-8/h1-5H,6-7H2,(H2,12,14)(H,13,15)</InChI>
    </Compound>
    <Compound>
        <Id>8</Id>
        <Name>[(1-carbamoylethyl)carbamoyl]methyl benzoate</Name>
        <Description>Names and InChI codes were generated with JChem for Excel</Description>
        <Labels></Labels>
        <Cargos></Cargos>
        <InChI>InChI=1S/C12H14N2O4/c1-8(11(13)16)14-10(15)7-18-12(17)9-5-3-2-4-6-9/h2-6,8H,7H2,1H3,(H2,13,16)(H,14,15)</InChI>
    </Compound>
    <Compound>
        <Id>9</Id>
        <Name>{[1,3-dihydroxy-2-(hydroxymethyl)propan-2-yl]carbamoyl}methyl benzoate</Name>
        <Description>Names and InChI codes were generated with JChem for Excel</Description>
        <Labels></Labels>
        <Cargos></Cargos>
        <InChI>InChI=1S/C13H17NO6/c15-7-13(8-16,9-17)14-11(18)6-20-12(19)10-4-2-1-3-5-10/h1-5,15-17H,6-9H2,(H,14,18)</InChI>
    </Compound>
    <Compound>
        <Id>10</Id>
        <Name>[ethyl(methyl)carbamoyl]methyl benzoate</Name>
        <Description>Names and InChI codes were generated with JChem for Excel</Description>
        <Labels></Labels>
        <Cargos></Cargos>
        <InChI>InChI=1S/C12H15NO3/c1-3-13(2)11(14)9-16-12(15)10-7-5-4-6-8-10/h4-8H,3,9H2,1-2H3</InChI>
    </Compound>
    <Compound>
        <Id>11</Id>
        <Name>(diethylcarbamoyl)methyl benzoate</Name>
        <Description>Names and InChI codes were generated with JChem for Excel</Description>
        <Labels></Labels>
        <Cargos></Cargos>
        <InChI>InChI=1S/C13H17NO3/c1-3-14(4-2)12(15)10-17-13(16)11-8-6-5-7-9-11/h5-9H,3-4,10H2,1-2H3</InChI>
    </Compound>
    <Compound>
        <Id>12</Id>
        <Name>(dipropylcarbamoyl)methyl benzoate</Name>
        <Description>Names and InChI codes were generated with JChem for Excel</Description>
        <Labels></Labels>
        <Cargos></Cargos>
        <InChI>InChI=1S/C15H21NO3/c1-3-10-16(11-4-2)14(17)12-19-15(18)13-8-6-5-7-9-13/h5-9H,3-4,10-12H2,1-2H3</InChI>
    </Compound>
    <Compound>
        <Id>13</Id>
        <Name>[bis(prop-2-en-1-yl)carbamoyl]methyl benzoate</Name>
        <Description>Names and InChI codes were generated with JChem for Excel</Description>
        <Labels></Labels>
        <Cargos></Cargos>
        <InChI>InChI=1S/C15H17NO3/c1-3-10-16(11-4-2)14(17)12-19-15(18)13-8-6-5-7-9-13/h3-9H,1-2,10-12H2</InChI>
    </Compound>
    <Compound>
        <Id>14</Id>
        <Name>(dibutylcarbamoyl)methyl benzoate</Name>
        <Description>Names and InChI codes were generated with JChem for Excel</Description>
        <Labels></Labels>
        <Cargos></Cargos>
        <InChI>InChI=1S/C17H25NO3/c1-3-5-12-18(13-6-4-2)16(19)14-21-17(20)15-10-8-7-9-11-15/h7-11H,3-6,12-14H2,1-2H3</InChI>
    </Compound>
    <Compound>
        <Id>15</Id>
        <Name>[bis(2-methylpropyl)carbamoyl]methyl benzoate</Name>
        <Description>Names and InChI codes were generated with JChem for Excel</Description>
        <Labels></Labels>
        <Cargos></Cargos>
        <InChI>InChI=1S/C17H25NO3/c1-13(2)10-18(11-14(3)4)16(19)12-21-17(20)15-8-6-5-7-9-15/h5-9,13-14H,10-12H2,1-4H3</InChI>
    </Compound>
    <Compound>
        <Id>16</Id>
        <Name>[(carbamoylmethyl)(methyl)carbamoyl]methyl benzoate</Name>
        <Description>Names and InChI codes were generated with JChem for Excel</Description>
        <Labels></Labels>
        <Cargos></Cargos>
        <InChI>InChI=1S/C12H14N2O4/c1-14(7-10(13)15)11(16)8-18-12(17)9-5-3-2-4-6-9/h2-6H,7-8H2,1H3,(H2,13,15)</InChI>
    </Compound>
    <Compound>
        <Id>17</Id>
        <Name>[(2-hydroxyethyl)(methyl)carbamoyl]methyl benzoate</Name>
        <Description>Names and InChI codes were generated with JChem for Excel</Description>
        <Labels></Labels>
        <Cargos></Cargos>
        <InChI>InChI=1S/C12H15NO4/c1-13(7-8-14)11(15)9-17-12(16)10-5-3-2-4-6-10/h2-6,14H,7-9H2,1H3</InChI>
    </Compound>
    <Compound>
        <Id>18</Id>
        <Name>[ethyl(2-hydroxyethyl)carbamoyl]methyl benzoate</Name>
        <Description>Names and InChI codes were generated with JChem for Excel</Description>
        <Labels></Labels>
        <Cargos></Cargos>
        <InChI>InChI=1S/C13H17NO4/c1-2-14(8-9-15)12(16)10-18-13(17)11-6-4-3-5-7-11/h3-7,15H,2,8-10H2,1H3</InChI>
    </Compound>
    <Compound>
        <Id>19</Id>
        <Name>[bis(2-hydroxypropyl)carbamoyl]methyl benzoate</Name>
        <Description>Names and InChI codes were generated with JChem for Excel</Description>
        <Labels></Labels>
        <Cargos></Cargos>
        <InChI>InChI=1S/C15H21NO5/c1-11(17)8-16(9-12(2)18)14(19)10-21-15(20)13-6-4-3-5-7-13/h3-7,11-12,17-18H,8-10H2,1-2H3</InChI>
    </Compound>
    <Compound>
        <Id>20</Id>
        <Name>[bis(2-methoxyethyl)carbamoyl]methyl benzoate</Name>
        <Description>Names and InChI codes were generated with JChem for Excel</Description>
        <Labels></Labels>
        <Cargos></Cargos>
        <InChI>InChI=1S/C15H21NO5/c1-19-10-8-16(9-11-20-2)14(17)12-21-15(18)13-6-4-3-5-7-13/h3-7H,8-12H2,1-2H3</InChI>
    </Compound>
    <Compound>
        <Id>21</Id>
        <Name>ethyl 2-[2-(benzoyloxy)-N-methylacetamido]acetate</Name>
        <Description>Names and InChI codes were generated with JChem for Excel</Description>
        <Labels></Labels>
        <Cargos></Cargos>
        <InChI>InChI=1S/C14H17NO5/c1-3-19-13(17)9-15(2)12(16)10-20-14(18)11-7-5-4-6-8-11/h4-8H,3,9-10H2,1-2H3</InChI>
    </Compound>
    <Compound>
        <Id>22</Id>
        <Name>[hexyl(methyl)carbamoyl]methyl benzoate</Name>
        <Description>Names and InChI codes were generated with JChem for Excel</Description>
        <Labels></Labels>
        <Cargos></Cargos>
        <InChI>InChI=1S/C16H23NO3/c1-3-4-5-9-12-17(2)15(18)13-20-16(19)14-10-7-6-8-11-14/h6-8,10-11H,3-5,9,12-13H2,1-2H3</InChI>
    </Compound>
    <Compound>
        <Id>23</Id>
        <Name>(dihexylcarbamoyl)methyl benzoate</Name>
        <Description>Names and InChI codes were generated with JChem for Excel</Description>
        <Labels></Labels>
        <Cargos></Cargos>
        <InChI>InChI=1S/C21H33NO3/c1-3-5-7-12-16-22(17-13-8-6-4-2)20(23)18-25-21(24)19-14-10-9-11-15-19/h9-11,14-15H,3-8,12-13,16-18H2,1-2H3</InChI>
    </Compound>
    <Compound>
        <Id>24</Id>
        <Name>{[2-(dimethylamino)ethyl](methyl)carbamoyl}methyl benzoate</Name>
        <Description>Names and InChI codes were generated with JChem for Excel</Description>
        <Labels></Labels>
        <Cargos></Cargos>
        <InChI>InChI=1S/C14H20N2O3/c1-15(2)9-10-16(3)13(17)11-19-14(18)12-7-5-4-6-8-12/h4-8H,9-11H2,1-3H3</InChI>
    </Compound>
    <Compound>
        <Id>25</Id>
        <Name>[(pyrrolidin-1-yl)carbamoyl]methyl benzoate</Name>
        <Description>Names and InChI codes were generated with JChem for Excel</Description>
        <Labels></Labels>
        <Cargos></Cargos>
        <InChI>InChI=1S/C13H16N2O3/c16-12(14-15-8-4-5-9-15)10-18-13(17)11-6-2-1-3-7-11/h1-3,6-7H,4-5,8-10H2,(H,14,16)</InChI>
    </Compound>
    <Compound>
        <Id>26</Id>
        <Name>[(piperidin-1-yl)carbamoyl]methyl benzoate</Name>
        <Description>Names and InChI codes were generated with JChem for Excel</Description>
        <Labels></Labels>
        <Cargos></Cargos>
        <InChI>InChI=1S/C14H18N2O3/c17-13(15-16-9-5-2-6-10-16)11-19-14(18)12-7-3-1-4-8-12/h1,3-4,7-8H,2,5-6,9-11H2,(H,15,17)</InChI>
    </Compound>
    <Compound>
        <Id>27</Id>
        <Name>[(azepan-1-yl)carbamoyl]methyl benzoate</Name>
        <Description>Names and InChI codes were generated with JChem for Excel</Description>
        <Labels></Labels>
        <Cargos></Cargos>
        <InChI>InChI=1S/C15H20N2O3/c18-14(16-17-10-6-1-2-7-11-17)12-20-15(19)13-8-4-3-5-9-13/h3-5,8-9H,1-2,6-7,10-12H2,(H,16,18)</InChI>
    </Compound>
    <Compound>
        <Id>28</Id>
        <Name>[(morpholin-4-yl)carbamoyl]methyl benzoate</Name>
        <Description>Names and InChI codes were generated with JChem for Excel</Description>
        <Labels></Labels>
        <Cargos></Cargos>
        <InChI>InChI=1S/C13H16N2O4/c16-12(14-15-6-8-18-9-7-15)10-19-13(17)11-4-2-1-3-5-11/h1-5H,6-10H2,(H,14,16)</InChI>
    </Compound>
    <Compound>
        <Id>29</Id>
        <Name>[(2-ethylpiperidin-1-yl)carbamoyl]methyl benzoate</Name>
        <Description>Names and InChI codes were generated with JChem for Excel</Description>
        <Labels></Labels>
        <Cargos></Cargos>
        <InChI>InChI=1S/C16H22N2O3/c1-2-14-10-6-7-11-18(14)17-15(19)12-21-16(20)13-8-4-3-5-9-13/h3-5,8-9,14H,2,6-7,10-12H2,1H3,(H,17,19)</InChI>
    </Compound>
    <Compound>
        <Id>30</Id>
        <Name>[(2,6-dimethylpiperidin-1-yl)carbamoyl]methyl benzoate</Name>
        <Description>Names and InChI codes were generated with JChem for Excel</Description>
        <Labels></Labels>
        <Cargos></Cargos>
        <InChI>InChI=1S/C16H22N2O3/c1-12-7-6-8-13(2)18(12)17-15(19)11-21-16(20)14-9-4-3-5-10-14/h3-5,9-10,12-13H,6-8,11H2,1-2H3,(H,17,19)</InChI>
    </Compound>
    <Compound>
        <Id>31</Id>
        <Name>[(4-hydroxypiperidin-1-yl)carbamoyl]methyl benzoate</Name>
        <Description>Names and InChI codes were generated with JChem for Excel</Description>
        <Labels></Labels>
        <Cargos></Cargos>
        <InChI>InChI=1S/C14H18N2O4/c17-12-6-8-16(9-7-12)15-13(18)10-20-14(19)11-4-2-1-3-5-11/h1-5,12,17H,6-10H2,(H,15,18)</InChI>
    </Compound>
    <Compound>
        <Id>32</Id>
        <Name>[(4-methylpiperazin-1-yl)carbamoyl]methyl benzoate hydrochloride</Name>
        <Description>Names and InChI codes were generated with JChem for Excel</Description>
        <Labels></Labels>
        <Cargos></Cargos>
        <InChI>InChI=1S/C14H19N3O3.ClH/c1-16-7-9-17(10-8-16)15-13(18)11-20-14(19)12-5-3-2-4-6-12;/h2-6H,7-11H2,1H3,(H,15,18);1H</InChI>
    </Compound>
    <Compound>
        <Id>33</Id>
        <Name>{[4-(2-hydroxyethyl)piperazin-1-yl]carbamoyl}methyl benzoate hydrochloride</Name>
        <Description>Names and InChI codes were generated with JChem for Excel</Description>
        <Labels></Labels>
        <Cargos></Cargos>
        <InChI>InChI=1S/C15H21N3O4.ClH/c19-11-10-17-6-8-18(9-7-17)16-14(20)12-22-15(21)13-4-2-1-3-5-13;/h1-5,19H,6-12H2,(H,16,20);1H</InChI>
    </Compound>
    <Compound>
        <Id>34</Id>
        <Name>1-[2-(benzoyloxy)acetamido]azetidine-2-carboxylic acid</Name>
        <Description>Names and InChI codes were generated with JChem for Excel</Description>
        <Labels></Labels>
        <Cargos></Cargos>
        <InChI>InChI=1S/C13H14N2O5/c16-11(14-15-7-6-10(15)12(17)18)8-20-13(19)9-4-2-1-3-5-9/h1-5,10H,6-8H2,(H,14,16)(H,17,18)</InChI>
    </Compound>
    <Compound>
        <Id>35</Id>
        <Name>1-[2-(benzoyloxy)acetamido]pyrrolidine-2-carboxylic acid</Name>
        <Description>Names and InChI codes were generated with JChem for Excel</Description>
        <Labels></Labels>
        <Cargos></Cargos>
        <InChI>InChI=1S/C14H16N2O5/c17-12(15-16-8-4-7-11(16)13(18)19)9-21-14(20)10-5-2-1-3-6-10/h1-3,5-6,11H,4,7-9H2,(H,15,17)(H,18,19)</InChI>
    </Compound>
    <Compound>
        <Id>36</Id>
        <Name>methyl 1-[2-(benzoyloxy)acetamido]pyrrolidine-2-carboxylate</Name>
        <Description>Names and InChI codes were generated with JChem for Excel</Description>
        <Labels></Labels>
        <Cargos></Cargos>
        <InChI>InChI=1S/C15H18N2O5/c1-21-15(20)12-8-5-9-17(12)16-13(18)10-22-14(19)11-6-3-2-4-7-11/h2-4,6-7,12H,5,8-10H2,1H3,(H,16,18)</InChI>
    </Compound>
    <Compound>
        <Id>37</Id>
        <Name>[(2-carbamoylpyrrolidin-1-yl)carbamoyl]methyl benzoate</Name>
        <Description>Names and InChI codes were generated with JChem for Excel</Description>
        <Labels></Labels>
        <Cargos></Cargos>
        <InChI>InChI=1S/C14H17N3O4/c15-13(19)11-7-4-8-17(11)16-12(18)9-21-14(20)10-5-2-1-3-6-10/h1-3,5-6,11H,4,7-9H2,(H2,15,19)(H,16,18)</InChI>
    </Compound>
</CompoundRegistry>
