<?xml version="1.0" encoding="UTF-8" standalone="yes"?>
<PredictionRegistry xmlns="http://www.qsardb.org/QDB">
    <Prediction>
        <Id>BP_calc</Id>
        <Name>Training set</Name>
        <Labels></Labels>
        <Cargos>values</Cargos>
        <ModelId>Model_16</ModelId>
        <Type>training</Type>
    </Prediction>
    <Prediction>
        <Id>D_calc</Id>
        <Name>Training set</Name>
        <Labels></Labels>
        <Cargos>values</Cargos>
        <ModelId>Model_17</ModelId>
        <Type>training</Type>
    </Prediction>
    <Prediction>
        <Id>MR_calc</Id>
        <Name>Training set</Name>
        <Labels></Labels>
        <Cargos>values</Cargos>
        <ModelId>Model_7</ModelId>
        <Type>training</Type>
    </Prediction>
    <Prediction>
        <Id>RI_calc</Id>
        <Name>Training set</Name>
        <Labels></Labels>
        <Cargos>values</Cargos>
        <ModelId>Model_18</ModelId>
        <Type>training</Type>
    </Prediction>
    <Prediction>
        <Id>CT_calc</Id>
        <Name>Training set</Name>
        <Labels></Labels>
        <Cargos>values</Cargos>
        <ModelId>Model_19</ModelId>
        <Type>training</Type>
    </Prediction>
    <Prediction>
        <Id>CP_calc</Id>
        <Name>Training set</Name>
        <Labels></Labels>
        <Cargos>values</Cargos>
        <ModelId>Model_20</ModelId>
        <Type>training</Type>
    </Prediction>
    <Prediction>
        <Id>ST_calc</Id>
        <Name>Training set</Name>
        <Labels></Labels>
        <Cargos>values</Cargos>
        <ModelId>Model_21</ModelId>
        <Type>training</Type>
    </Prediction>
    <Prediction>
        <Id>MV_calc</Id>
        <Name>Training set</Name>
        <Labels></Labels>
        <Cargos>values</Cargos>
        <ModelId>Model_8</ModelId>
        <Type>training</Type>
    </Prediction>
    <Prediction>
        <Id>HC_calc</Id>
        <Name>Training set</Name>
        <Labels></Labels>
        <Cargos>values</Cargos>
        <ModelId>Model_9</ModelId>
        <Type>training</Type>
    </Prediction>
    <Prediction>
        <Id>E_calc</Id>
        <Name>Training set</Name>
        <Labels></Labels>
        <Cargos>values</Cargos>
        <ModelId>Model_10</ModelId>
        <Type>training</Type>
    </Prediction>
    <Prediction>
        <Id>HV_calc</Id>
        <Name>Training set</Name>
        <Labels></Labels>
        <Cargos>values</Cargos>
        <ModelId>Model_11</ModelId>
        <Type>training</Type>
    </Prediction>
    <Prediction>
        <Id>HA_calc</Id>
        <Name>Training set</Name>
        <Labels></Labels>
        <Cargos>values</Cargos>
        <ModelId>Model_12</ModelId>
        <Type>training</Type>
    </Prediction>
    <Prediction>
        <Id>HF_calc</Id>
        <Name>Training set</Name>
        <Labels></Labels>
        <Cargos>values</Cargos>
        <ModelId>Model_13</ModelId>
        <Type>training</Type>
    </Prediction>
    <Prediction>
        <Id>HFL_calc</Id>
        <Name>Training set</Name>
        <Labels></Labels>
        <Cargos>values</Cargos>
        <ModelId>Model_14</ModelId>
        <Type>training</Type>
    </Prediction>
    <Prediction>
        <Id>HFG_calc</Id>
        <Name>Training set</Name>
        <Labels></Labels>
        <Cargos>values</Cargos>
        <ModelId>Model_15</ModelId>
        <Type>training</Type>
    </Prediction>
</PredictionRegistry>
