<?xml version="1.0" encoding="UTF-8" standalone="yes"?>
<PredictionRegistry xmlns="http://www.qsardb.org/QDB">
    <Prediction>
        <Id>M1_train</Id>
        <Name>Training set</Name>
        <Description>Values from supplementary information seems to correspond to LOO predictions. Values were recalculated according to the equation.</Description>
        <Labels></Labels>
        <Cargos>values</Cargos>
        <ModelId>Tab2.M1</ModelId>
        <Type>training</Type>
        <Application>MOBY-DIGS 1.0 beta</Application>
    </Prediction>
    <Prediction>
        <Id>M2_train</Id>
        <Name>Training set</Name>
        <Description>Values from supplementary information seems to correspond to LOO predictions. Values were recalculated according to the equation.</Description>
        <Labels></Labels>
        <Cargos>values</Cargos>
        <ModelId>Tab2.M2</ModelId>
        <Type>training</Type>
        <Application>MOBY-DIGS 1.0 beta</Application>
    </Prediction>
    <Prediction>
        <Id>M3_train</Id>
        <Name>Training set</Name>
        <Description>Values from supplementary information seems to correspond to LOO predictions. Values were recalculated according to the equation.</Description>
        <Labels></Labels>
        <Cargos>values</Cargos>
        <ModelId>Tab2.M3</ModelId>
        <Type>training</Type>
        <Application>MOBY-DIGS 1.0 beta</Application>
    </Prediction>
    <Prediction>
        <Id>M4_train</Id>
        <Name>Training set</Name>
        <Description>Values from supplementary information seems to correspond to LOO predictions. Values were recalculated according to the equation.</Description>
        <Labels></Labels>
        <Cargos>values</Cargos>
        <ModelId>Tab2.M4</ModelId>
        <Type>training</Type>
        <Application>MOBY-DIGS 1.0 beta</Application>
    </Prediction>
    <Prediction>
        <Id>M5_train</Id>
        <Name>Training set</Name>
        <Description>Values from supplementary information seems to correspond to LOO predictions. Values were recalculated according to the equation.</Description>
        <Labels></Labels>
        <Cargos>values</Cargos>
        <ModelId>Tab2.M5</ModelId>
        <Type>training</Type>
        <Application>MOBY-DIGS 1.0 beta</Application>
    </Prediction>
    <Prediction>
        <Id>M6_train</Id>
        <Name>Training set</Name>
        <Description>Values from supplementary information seems to correspond to LOO predictions. Values were recalculated according to the equation.</Description>
        <Labels></Labels>
        <Cargos>values</Cargos>
        <ModelId>Tab2.M6</ModelId>
        <Type>training</Type>
        <Application>MOBY-DIGS 1.0 beta</Application>
    </Prediction>
    <Prediction>
        <Id>M1_test_inAD</Id>
        <Name>Testing set (inside of the AD)</Name>
        <Labels></Labels>
        <Cargos>values</Cargos>
        <ModelId>Tab2.M1</ModelId>
        <Type>testing</Type>
        <Application>MOBY-DIGS 1.0 beta</Application>
    </Prediction>
    <Prediction>
        <Id>M2_test_inAD</Id>
        <Name>Testing set (inside of the AD)</Name>
        <Labels></Labels>
        <Cargos>values</Cargos>
        <ModelId>Tab2.M2</ModelId>
        <Type>testing</Type>
        <Application>MOBY-DIGS 1.0 beta</Application>
    </Prediction>
    <Prediction>
        <Id>M3_test_inAD</Id>
        <Name>Testing set (inside of the AD)</Name>
        <Labels></Labels>
        <Cargos>values</Cargos>
        <ModelId>Tab2.M3</ModelId>
        <Type>testing</Type>
        <Application>MOBY-DIGS 1.0 beta</Application>
    </Prediction>
    <Prediction>
        <Id>M4_test_inAD</Id>
        <Name>Testing set (inside of the AD)</Name>
        <Labels></Labels>
        <Cargos>values</Cargos>
        <ModelId>Tab2.M4</ModelId>
        <Type>testing</Type>
        <Application>MOBY-DIGS 1.0 beta</Application>
    </Prediction>
    <Prediction>
        <Id>M5_test_inAD</Id>
        <Name>Testing set (inside of the AD)</Name>
        <Labels></Labels>
        <Cargos>values</Cargos>
        <ModelId>Tab2.M5</ModelId>
        <Type>testing</Type>
        <Application>MOBY-DIGS 1.0 beta</Application>
    </Prediction>
    <Prediction>
        <Id>M6_test_inAD</Id>
        <Name>Testing set (inside of the AD)</Name>
        <Labels></Labels>
        <Cargos>values</Cargos>
        <ModelId>Tab2.M6</ModelId>
        <Type>testing</Type>
        <Application>MOBY-DIGS 1.0 beta</Application>
    </Prediction>
    <Prediction>
        <Id>M1_test_outAD</Id>
        <Name>Testing set (outside of the AD)</Name>
        <Labels></Labels>
        <Cargos>values</Cargos>
        <ModelId>Tab2.M1</ModelId>
        <Type>testing</Type>
        <Application>MOBY-DIGS 1.0 beta</Application>
    </Prediction>
    <Prediction>
        <Id>M2_test_outAD</Id>
        <Name>Testing set (outside of the AD)</Name>
        <Labels></Labels>
        <Cargos>values</Cargos>
        <ModelId>Tab2.M2</ModelId>
        <Type>testing</Type>
        <Application>MOBY-DIGS 1.0 beta</Application>
    </Prediction>
    <Prediction>
        <Id>M3_test_outAD</Id>
        <Name>Testing set (outside of the AD)</Name>
        <Labels></Labels>
        <Cargos>values</Cargos>
        <ModelId>Tab2.M3</ModelId>
        <Type>testing</Type>
        <Application>MOBY-DIGS 1.0 beta</Application>
    </Prediction>
    <Prediction>
        <Id>M4_test_outAD</Id>
        <Name>Testing set (outside of the AD)</Name>
        <Labels></Labels>
        <Cargos>values</Cargos>
        <ModelId>Tab2.M4</ModelId>
        <Type>testing</Type>
        <Application>MOBY-DIGS 1.0 beta</Application>
    </Prediction>
    <Prediction>
        <Id>M5_test_outAD</Id>
        <Name>Testing set (outside of the AD)</Name>
        <Labels></Labels>
        <Cargos>values</Cargos>
        <ModelId>Tab2.M5</ModelId>
        <Type>testing</Type>
        <Application>MOBY-DIGS 1.0 beta</Application>
    </Prediction>
    <Prediction>
        <Id>M6_test_outAD</Id>
        <Name>Testing set (outside of the AD)</Name>
        <Labels></Labels>
        <Cargos>values</Cargos>
        <ModelId>Tab2.M6</ModelId>
        <Type>testing</Type>
        <Application>MOBY-DIGS 1.0 beta</Application>
    </Prediction>
</PredictionRegistry>
