{"algorithm": "gdb", "dataset": "Lipophilicity-ID.csv", "task_type": "regression", "target_name": "exp", "feat_meth": [0], "random_seed": 38, "opt_iter": 25, "cv_folds": 5, "tuned": true, "run_name": "GL01_20210514-180318", "date": "05/14/2021 18:03:18", "mysql_params": {"user": "user", "password": "dolphin", "host": "localhost", "database": "featurized_datasets"}, "neo4j_params": null, "selected_feat_string": "rdkit2d", "feat_method_name": ["rdkit2d"], "feat_time": 1.2302546501159668, "test_percent": 0.2, "val_percent": 0, "scaler_method": "standard", "feature_list": ["BalabanJ", "BertzCT", "Chi0", "Chi0n", "Chi0v", "Chi1", "Chi1n", "Chi1v", "Chi2n", "Chi2v", "Chi3n", "Chi3v", "Chi4n", "Chi4v", "EState_VSA1", "EState_VSA10", "EState_VSA11", "EState_VSA2", "EState_VSA3", "EState_VSA4", "EState_VSA5", "EState_VSA6", "EState_VSA7", "EState_VSA8", "EState_VSA9", "ExactMolWt", "FpDensityMorgan1", "FpDensityMorgan2", "FpDensityMorgan3", "FractionCSP3", "HallKierAlpha", "HeavyAtomCount", "HeavyAtomMolWt", "Ipc", "Kappa1", "Kappa2", "Kappa3", "LabuteASA", "MaxAbsEStateIndex", "MaxAbsPartialCharge", "MaxEStateIndex", "MaxPartialCharge", "MinAbsEStateIndex", "MinAbsPartialCharge", "MinEStateIndex", "MinPartialCharge", "MolMR", "MolWt", "NHOHCount", "NOCount", "NumAliphaticCarbocycles", "NumAliphaticHeterocycles", "NumAliphaticRings", "NumAromaticCarbocycles", "NumAromaticHeterocycles", "NumAromaticRings", "NumHAcceptors", "NumHDonors", "NumHeteroatoms", "NumRadicalElectrons", "NumRotatableBonds", "NumSaturatedCarbocycles", "NumSaturatedHeterocycles", "NumSaturatedRings", "NumValenceElectrons", "PEOE_VSA1", "PEOE_VSA10", "PEOE_VSA11", "PEOE_VSA12", "PEOE_VSA13", "PEOE_VSA14", "PEOE_VSA2", "PEOE_VSA3", "PEOE_VSA4", "PEOE_VSA5", "PEOE_VSA6", "PEOE_VSA7", "PEOE_VSA8", "PEOE_VSA9", "RingCount", "SMR_VSA1", "SMR_VSA10", "SMR_VSA2", "SMR_VSA3", "SMR_VSA4", "SMR_VSA5", "SMR_VSA6", "SMR_VSA7", "SMR_VSA8", "SMR_VSA9", "TPSA", "VSA_EState1", "VSA_EState10", "VSA_EState2", "VSA_EState3", "VSA_EState4", "VSA_EState5", "VSA_EState6", "VSA_EState7", "VSA_EState8", "VSA_EState9", "fr_Al_COO", "fr_Al_OH", "fr_Al_OH_noTert", "fr_ArN", "fr_Ar_COO", "fr_Ar_N", "fr_Ar_NH", "fr_Ar_OH", "fr_COO", "fr_COO2", "fr_C_O", "fr_C_O_noCOO", "fr_C_S", "fr_HOCCN", "fr_Imine", "fr_NH0", "fr_NH1", "fr_NH2", "fr_N_O", "fr_Ndealkylation1", "fr_Ndealkylation2", "fr_Nhpyrrole", "fr_SH", "fr_aldehyde", "fr_alkyl_carbamate", "fr_alkyl_halide", "fr_allylic_oxid", "fr_amide", "fr_amidine", "fr_aniline", "fr_aryl_methyl", "fr_azide", "fr_azo", "fr_barbitur", "fr_benzene", "fr_benzodiazepine", "fr_bicyclic", "fr_diazo", "fr_dihydropyridine", "fr_epoxide", "fr_ester", "fr_ether", "fr_furan", "fr_guanido", "fr_halogen", "fr_hdrzine", "fr_hdrzone", "fr_imidazole", "fr_imide", "fr_isocyan", "fr_isothiocyan", "fr_ketone", "fr_ketone_Topliss", "fr_lactam", "fr_lactone", "fr_methoxy", "fr_morpholine", "fr_nitrile", "fr_nitro", "fr_nitro_arom", "fr_nitro_arom_nonortho", "fr_nitroso", "fr_oxazole", "fr_oxime", "fr_para_hydroxylation", "fr_phenol", "fr_phenol_noOrthoHbond", "fr_phos_acid", "fr_phos_ester", "fr_piperdine", "fr_piperzine", "fr_priamide", "fr_prisulfonamd", "fr_pyridine", "fr_quatN", "fr_sulfide", "fr_sulfonamd", "fr_sulfone", "fr_term_acetylene", "fr_tetrazole", "fr_thiazole", "fr_thiocyan", "fr_thiophene", "fr_unbrch_alkane", "fr_urea", "qed"], "feature_length": 187, "n_tot": 4199, "train_percent": 0.8, "split_method": "RandomSplit", "n_train": 3359, "n_test": 840, "in_shape": 187, "param_grid": {"n_estimators": {"low": 500, "high": 2000, "prior": "uniform", "base": 10, "log_base": 1.0, "_name": null, "transform_": "identity"}, "max_features": {"categories": ["auto", "sqrt"], "_name": null, "transform_": "onehot", "prior": null, "prior_": [0.5, 0.5]}, "max_depth": {"low": 1, "high": 25, "prior": "uniform", "base": 10, "log_base": 1.0, "_name": null, "transform_": "identity"}, "min_samples_split": {"low": 2, "high": 30, "prior": "uniform", "base": 10, "log_base": 1.0, "_name": null, "transform_": "identity"}, "min_samples_leaf": {"low": 2, "high": 30, "prior": "uniform", "base": 10, "log_base": 1.0, "_name": null, "transform_": "identity"}, "learning_rate": {"low": 0.001, "high": 1, "prior": "log-uniform", "base": 10, "log_base": 1.0, "_name": null, "transform_": "identity"}}, "fit_params": null, "tune_algorithm_name": "BayesSearchCV", "cp_delta": 0.25833333333333336, "cp_n_best": 5, "params": {"learning_rate": 0.2736452822078245, "max_depth": 5, "max_features": "sqrt", "min_samples_leaf": 24, "min_samples_split": 17, "n_estimators": 643}, "cv_results": {"split0_test_score": [-1.2448881684458197, -1.2052945088453086, -1.2451678217623605, -1.2300947846010213, -1.1803327454893033], "split1_test_score": [-1.4623512394965938, -1.4179192040478987, -1.4673859179561033, -1.431420290318846, -1.419196351267502], "split2_test_score": [-1.2980419630529918, -1.2675001947872757, -1.3024021388595148, -1.2515456767394373, -1.2835326158659486], "split3_test_score": [-1.4319986397824582, -1.3814994040216428, -1.4369602348810573, -1.3424591236817445, -1.379693275621637], "split4_test_score": [-1.2921898031374612, -1.2509755609116044, -1.2937879113777289, -1.2344314081304533, -1.2316508557795984], "mean_test_score": [-1.3459099509222865, -1.3046537501743123, -1.3491572839472845, -1.2980091786498122, -1.2989011837833706], "std_test_score": [0.08527480495842246, 0.08108490269497189, 0.08690185635509076, 0.07821862499324606, 0.0892420134292101], "mean_fit_time": [10.572738075256348, 59.52805552482605, 142.39195971488954, 3.4200729846954347, 12.763990211486817], "std_fit_time": [0.08955221532662094, 4.40827073986766, 1.287585373362227, 0.025614666403594485, 0.07598978470338798], "mean_score_time": [0.0018955230712890624, 0.0012551307678222655, 0.0017563819885253907, 0.0013390541076660155, 0.002134275436401367], "std_score_time": [3.597280506303406e-05, 5.319109416117792e-05, 5.3562717042310605e-05, 0.00010120958264946302, 2.7660418931136044e-05], "param_learning_rate": [0.016994636371262764, 0.3252108800594495, 0.02160217783087772, 0.2736452822078245, 0.25041499136197737], "param_max_depth": [18, 22, 23, 5, 12], "param_max_features": ["sqrt", "auto", "auto", "sqrt", "sqrt"], "param_min_samples_leaf": [11, 29, 14, 24, 22], "param_min_samples_split": [21, 26, 7, 17, 27], "param_n_estimators": [1121, 593, 1180, 643, 1576], "rank_test_score": [4, 3, 5, 1, 2], "params": "[{'learning_rate': 0.016994636371262764, 'max_depth': 18, 'max_features': 'sqrt', 'min_samples_leaf': 11, 'min_samples_split': 21, 'n_estimators': 1121}, {'learning_rate': 0.3252108800594495, 'max_depth': 22, 'max_features': 'auto', 'min_samples_leaf': 29, 'min_samples_split': 26, 'n_estimators': 593}, {'learning_rate': 0.02160217783087772, 'max_depth': 23, 'max_features': 'auto', 'min_samples_leaf': 14, 'min_samples_split': 7, 'n_estimators': 1180}, {'learning_rate': 0.2736452822078245, 'max_depth': 5, 'max_features': 'sqrt', 'min_samples_leaf': 24, 'min_samples_split': 17, 'n_estimators': 643}, {'learning_rate': 0.25041499136197737, 'max_depth': 12, 'max_features': 'sqrt', 'min_samples_leaf': 22, 'min_samples_split': 27, 'n_estimators': 1576}]"}, "tune_time": 240.77255582809448, "predictions_stats": {"r2_raw": [0.6879654271433606, 0.6735955351341592, 0.6731232775010263, 0.689527735865692, 0.6753697121862191], "r2_avg": 0.6799163375660914, "r2_std": 0.007265491464071403, "mse_raw": [0.4311034418050089, 0.4509567223143428, 0.45160918812669953, 0.4289449737186264, 0.44850553933640436], "mse_avg": 0.4422239730602164, "mse_std": 0.010037920951807933, "rmse_raw": [0.656584679843361, 0.67153311334166, 0.6720187409043735, 0.6549389083865963, 0.6697055616734897], "rmse_avg": 0.6649562008298961, "rmse_std": 0.007564657169181499, "time_raw": [3.7671241760253906, 3.8537769317626953, 3.839183807373047, 3.859786033630371, 3.8194448947906494], "time_avg": 3.827863168716431, "time_std": 0.033403119160153344}, "scaled_predictions_stats": {"r2_raw_scaled": [0.6879654271433606, 0.6735955351341592, 0.6731232775010263, 0.6895277358656922, 0.675369712186219], "r2_avg_scaled": 0.6799163375660914, "r2_std_scaled": 0.007265491464071445, "mse_raw_scaled": [0.009284738316331772, 0.009712321342526377, 0.009726373594818122, 0.009238251071269878, 0.009659529853735853], "mse_avg_scaled": 0.0095242428357364, "mse_std_scaled": 0.00021618818186034162, "rmse_raw_scaled": [0.09635734697640742, 0.09855111030590359, 0.09862237877286333, 0.09611582112883331, 0.09828290723078888], "rmse_avg_scaled": 0.0975859128829593, "rmse_std_scaled": 0.0011101542847181277}}