<?xml version="1.0" encoding="UTF-8" standalone="yes"?>
<PredictionRegistry xmlns="http://www.qsardb.org/QDB">
    <Prediction>
        <Id>Eq6_train</Id>
        <Name>Training set</Name>
        <Labels></Labels>
        <Cargos>values</Cargos>
        <ModelId>Eq6</ModelId>
        <Type>training</Type>
        <Application>Codessa 2.7.16</Application>
    </Prediction>
    <Prediction>
        <Id>Eq6_test</Id>
        <Name>Test set</Name>
        <Labels></Labels>
        <Cargos>values</Cargos>
        <ModelId>Eq6</ModelId>
        <Type>validation</Type>
        <Application>Codessa 2.7.16</Application>
    </Prediction>
</PredictionRegistry>
