{"algorithm": "rf", "dataset": "Lipophilicity-ID.csv", "task_type": "regression", "target_name": "exp", "feat_meth": [0], "random_seed": 25, "opt_iter": null, "cv_folds": null, "tuned": false, "run_name": "RL00_20210514-154041", "date": "05/14/2021 15:40:41", "tune_time": null, "mysql_params": {"user": "user", "password": "dolphin", "host": "localhost", "database": "featurized_datasets"}, "neo4j_params": null, "selected_feat_string": "rdkit2d", "feat_method_name": ["rdkit2d"], "feat_time": 36.40226650238037, "test_percent": 0.2, "val_percent": 0, "scaler_method": "standard", "feature_list": ["BalabanJ", "BertzCT", "Chi0", "Chi0n", "Chi0v", "Chi1", "Chi1n", "Chi1v", "Chi2n", "Chi2v", "Chi3n", "Chi3v", "Chi4n", "Chi4v", "EState_VSA1", "EState_VSA10", "EState_VSA11", "EState_VSA2", "EState_VSA3", "EState_VSA4", "EState_VSA5", "EState_VSA6", "EState_VSA7", "EState_VSA8", "EState_VSA9", "ExactMolWt", "FpDensityMorgan1", "FpDensityMorgan2", "FpDensityMorgan3", "FractionCSP3", "HallKierAlpha", "HeavyAtomCount", "HeavyAtomMolWt", "Ipc", "Kappa1", "Kappa2", "Kappa3", "LabuteASA", "MaxAbsEStateIndex", "MaxAbsPartialCharge", "MaxEStateIndex", "MaxPartialCharge", "MinAbsEStateIndex", "MinAbsPartialCharge", "MinEStateIndex", "MinPartialCharge", "MolMR", "MolWt", "NHOHCount", "NOCount", "NumAliphaticCarbocycles", "NumAliphaticHeterocycles", "NumAliphaticRings", "NumAromaticCarbocycles", "NumAromaticHeterocycles", "NumAromaticRings", "NumHAcceptors", "NumHDonors", "NumHeteroatoms", "NumRadicalElectrons", "NumRotatableBonds", "NumSaturatedCarbocycles", "NumSaturatedHeterocycles", "NumSaturatedRings", "NumValenceElectrons", "PEOE_VSA1", "PEOE_VSA10", "PEOE_VSA11", "PEOE_VSA12", "PEOE_VSA13", "PEOE_VSA14", "PEOE_VSA2", "PEOE_VSA3", "PEOE_VSA4", "PEOE_VSA5", "PEOE_VSA6", "PEOE_VSA7", "PEOE_VSA8", "PEOE_VSA9", "RingCount", "SMR_VSA1", "SMR_VSA10", "SMR_VSA2", "SMR_VSA3", "SMR_VSA4", "SMR_VSA5", "SMR_VSA6", "SMR_VSA7", "SMR_VSA8", "SMR_VSA9", "TPSA", "VSA_EState1", "VSA_EState10", "VSA_EState2", "VSA_EState3", "VSA_EState4", "VSA_EState5", "VSA_EState6", "VSA_EState7", "VSA_EState8", "VSA_EState9", "fr_Al_COO", "fr_Al_OH", "fr_Al_OH_noTert", "fr_ArN", "fr_Ar_COO", "fr_Ar_N", "fr_Ar_NH", "fr_Ar_OH", "fr_COO", "fr_COO2", "fr_C_O", "fr_C_O_noCOO", "fr_C_S", "fr_HOCCN", "fr_Imine", "fr_NH0", "fr_NH1", "fr_NH2", "fr_N_O", "fr_Ndealkylation1", "fr_Ndealkylation2", "fr_Nhpyrrole", "fr_SH", "fr_aldehyde", "fr_alkyl_carbamate", "fr_alkyl_halide", "fr_allylic_oxid", "fr_amide", "fr_amidine", "fr_aniline", "fr_aryl_methyl", "fr_azide", "fr_azo", "fr_barbitur", "fr_benzene", "fr_benzodiazepine", "fr_bicyclic", "fr_diazo", "fr_dihydropyridine", "fr_epoxide", "fr_ester", "fr_ether", "fr_furan", "fr_guanido", "fr_halogen", "fr_hdrzine", "fr_hdrzone", "fr_imidazole", "fr_imide", "fr_isocyan", "fr_isothiocyan", "fr_ketone", "fr_ketone_Topliss", "fr_lactam", "fr_lactone", "fr_methoxy", "fr_morpholine", "fr_nitrile", "fr_nitro", "fr_nitro_arom", "fr_nitro_arom_nonortho", "fr_nitroso", "fr_oxazole", "fr_oxime", "fr_para_hydroxylation", "fr_phenol", "fr_phenol_noOrthoHbond", "fr_phos_acid", "fr_phos_ester", "fr_piperdine", "fr_piperzine", "fr_priamide", "fr_prisulfonamd", "fr_pyridine", "fr_quatN", "fr_sulfide", "fr_sulfonamd", "fr_sulfone", "fr_term_acetylene", "fr_tetrazole", "fr_thiazole", "fr_thiocyan", "fr_thiophene", "fr_unbrch_alkane", "fr_urea", "qed"], "feature_length": 187, "n_tot": 4199, "train_percent": 0.8, "split_method": "RandomSplit", "n_train": 3359, "n_test": 840, "in_shape": 187, "original_param": {"bootstrap": true, "max_depth": null, "max_features": "auto", "min_samples_leaf": 1, "min_samples_split": 2, "n_estimators": 100}, "predictions_stats": {"r2_raw": [0.2202621118534075, 0.22184989331049798, 0.2214509144543657, 0.21901647197945784, 0.22083327130915342], "r2_avg": 0.22068253258137646, "r2_std": 0.000992811709888316, "mse_raw": [1.0641364774667268, 1.061969574726177, 1.0625140755911504, 1.0658364472229838, 1.0633569955144595], "mse_avg": 1.0635627141042996, "mse_std": 0.001354926022973599, "rmse_raw": [1.031569909151448, 1.0305190802339261, 1.0307832340463976, 1.0323935524900296, 1.0311920264986825], "rmse_avg": 1.0312915604840966, "rmse_std": 0.000656794165652563, "time_raw": [15.49056363105774, 15.679436206817627, 15.777275085449219, 15.682520151138306, 15.3916597366333], "time_avg": 15.604290962219238, "time_std": 0.14130538887220612}, "scaled_predictions_stats": {"r2_raw_scaled": [0.22026211185340727, 0.22184989331049787, 0.22145091445436538, 0.21901647197945784, 0.2208332713091533], "r2_avg_scaled": 0.22068253258137632, "r2_std_scaled": 0.000992811709888254, "mse_raw_scaled": [0.030466486223605833, 0.030404447270998912, 0.03042003646322447, 0.030515156771281103, 0.030444169465686923], "mse_avg_scaled": 0.030450059238959448, "mse_std_scaled": 3.8791861652179e-05, "rmse_raw_scaled": [0.1745465159308711, 0.1743687106994799, 0.17441340677604023, 0.17468588028596102, 0.17448257639571615], "rmse_avg_scaled": 0.17449941801761368, "rmse_std_scaled": 0.00011113268454357549}}