,variable,importance
0,fr_COO2,0.32959541426808336
1,RingCount,0.32102477029058263
2,fr_COO,0.2924777648751549
3,NumAromaticRings,0.04100676498657739
4,BertzCT,0.00802986298203074
5,SMR_VSA7,0.007865422597570943
6,BalabanJ,0.0
7,fr_Ndealkylation2,0.0
8,fr_Nhpyrrole,0.0
9,fr_SH,0.0
10,fr_aldehyde,0.0
11,fr_alkyl_carbamate,0.0
12,fr_alkyl_halide,0.0
13,fr_amide,0.0
14,fr_Ndealkylation1,0.0
15,fr_amidine,0.0
16,fr_aniline,0.0
17,fr_aryl_methyl,0.0
18,fr_azide,0.0
19,fr_azo,0.0
20,fr_barbitur,0.0
21,fr_benzene,0.0
22,fr_benzodiazepine,0.0
23,fr_allylic_oxid,0.0
24,fr_N_O,0.0
25,fr_NH0,0.0
26,fr_NH1,0.0
27,VSA_EState6,0.0
28,VSA_EState7,0.0
29,VSA_EState8,0.0
30,VSA_EState9,0.0
31,fr_Al_COO,0.0
32,fr_Al_OH,0.0
33,fr_Al_OH_noTert,0.0
34,fr_ArN,0.0
35,fr_NH2,0.0
36,fr_Ar_COO,0.0
37,fr_Ar_NH,0.0
38,fr_Ar_OH,0.0
39,fr_C_O,0.0
40,fr_C_O_noCOO,0.0
41,fr_C_S,0.0
42,fr_HOCCN,0.0
43,fr_Imine,0.0
44,fr_bicyclic,0.0
45,fr_Ar_N,0.0
46,fr_diazo,0.0
47,fr_dihydropyridine,0.0
48,fr_epoxide,0.0
49,fr_para_hydroxylation,0.0
50,fr_phenol,0.0
51,fr_phenol_noOrthoHbond,0.0
52,fr_phos_acid,0.0
53,fr_phos_ester,0.0
54,fr_piperdine,0.0
55,fr_piperzine,0.0
56,fr_priamide,0.0
57,fr_prisulfonamd,0.0
58,fr_oxime,0.0
59,fr_pyridine,0.0
60,fr_sulfide,0.0
61,fr_sulfonamd,0.0
62,fr_sulfone,0.0
63,fr_term_acetylene,0.0
64,fr_tetrazole,0.0
65,fr_thiazole,0.0
66,fr_thiocyan,0.0
67,fr_thiophene,0.0
68,fr_unbrch_alkane,0.0
69,fr_quatN,0.0
70,VSA_EState5,0.0
71,fr_oxazole,0.0
72,fr_nitro_arom_nonortho,0.0
73,fr_ester,0.0
74,fr_ether,0.0
75,fr_furan,0.0
76,fr_guanido,0.0
77,fr_halogen,0.0
78,fr_hdrzine,0.0
79,fr_hdrzone,0.0
80,fr_imidazole,0.0
81,fr_imide,0.0
82,fr_nitroso,0.0
83,fr_isocyan,0.0
84,fr_ketone,0.0
85,fr_ketone_Topliss,0.0
86,fr_lactam,0.0
87,fr_lactone,0.0
88,fr_methoxy,0.0
89,fr_morpholine,0.0
90,fr_nitrile,0.0
91,fr_nitro,0.0
92,fr_nitro_arom,0.0
93,fr_isothiocyan,0.0
94,VSA_EState4,0.0
95,VSA_EState2,0.0
96,fr_urea,0.0
97,ExactMolWt,0.0
98,FpDensityMorgan1,0.0
99,FpDensityMorgan2,0.0
100,FpDensityMorgan3,0.0
101,FractionCSP3,0.0
102,HallKierAlpha,0.0
103,HeavyAtomCount,0.0
104,HeavyAtomMolWt,0.0
105,Ipc,0.0
106,Kappa1,0.0
107,Kappa2,0.0
108,Kappa3,0.0
109,LabuteASA,0.0
110,MaxAbsEStateIndex,0.0
111,MaxAbsPartialCharge,0.0
112,MaxEStateIndex,0.0
113,MaxPartialCharge,0.0
114,MinAbsEStateIndex,0.0
115,MinAbsPartialCharge,0.0
116,EState_VSA9,0.0
117,MinEStateIndex,0.0
118,EState_VSA8,0.0
119,EState_VSA6,0.0
120,Chi0,0.0
121,Chi0n,0.0
122,Chi0v,0.0
123,Chi1,0.0
124,Chi1n,0.0
125,Chi1v,0.0
126,Chi2n,0.0
127,Chi2v,0.0
128,Chi3n,0.0
129,Chi3v,0.0
130,Chi4n,0.0
131,Chi4v,0.0
132,EState_VSA1,0.0
133,EState_VSA10,0.0
134,EState_VSA11,0.0
135,EState_VSA2,0.0
136,EState_VSA3,0.0
137,EState_VSA4,0.0
138,EState_VSA5,0.0
139,EState_VSA7,0.0
140,VSA_EState3,0.0
141,MinPartialCharge,0.0
142,MolWt,0.0
143,PEOE_VSA3,0.0
144,PEOE_VSA4,0.0
145,PEOE_VSA5,0.0
146,PEOE_VSA6,0.0
147,PEOE_VSA7,0.0
148,PEOE_VSA8,0.0
149,PEOE_VSA9,0.0
150,SMR_VSA1,0.0
151,SMR_VSA10,0.0
152,SMR_VSA2,0.0
153,SMR_VSA3,0.0
154,SMR_VSA4,0.0
155,SMR_VSA5,0.0
156,SMR_VSA6,0.0
157,SMR_VSA8,0.0
158,SMR_VSA9,0.0
159,TPSA,0.0
160,VSA_EState1,0.0
161,VSA_EState10,0.0
162,PEOE_VSA2,0.0
163,MolMR,0.0
164,PEOE_VSA14,0.0
165,PEOE_VSA12,0.0
166,NHOHCount,0.0
167,NOCount,0.0
168,NumAliphaticCarbocycles,0.0
169,NumAliphaticHeterocycles,0.0
170,NumAliphaticRings,0.0
171,NumAromaticCarbocycles,0.0
172,NumAromaticHeterocycles,0.0
173,NumHAcceptors,0.0
174,NumHDonors,0.0
175,NumHeteroatoms,0.0
176,NumRadicalElectrons,0.0
177,NumRotatableBonds,0.0
178,NumSaturatedCarbocycles,0.0
179,NumSaturatedHeterocycles,0.0
180,NumSaturatedRings,0.0
181,NumValenceElectrons,0.0
182,PEOE_VSA1,0.0
183,PEOE_VSA10,0.0
184,PEOE_VSA11,0.0
185,PEOE_VSA13,0.0
186,qed,0.0
