{"algorithm": "rf", "dataset": "Lipophilicity-ID.csv", "task_type": "regression", "target_name": "exp", "feat_meth": [0], "random_seed": 31, "opt_iter": 25, "cv_folds": 5, "tuned": true, "run_name": "RL01_20210514-154252", "date": "05/14/2021 15:42:52", "mysql_params": {"user": "user", "password": "dolphin", "host": "localhost", "database": "featurized_datasets"}, "neo4j_params": null, "selected_feat_string": "rdkit2d", "feat_method_name": ["rdkit2d"], "feat_time": 1.212479591369629, "test_percent": 0.2, "val_percent": 0, "scaler_method": "standard", "feature_list": ["BalabanJ", "BertzCT", "Chi0", "Chi0n", "Chi0v", "Chi1", "Chi1n", "Chi1v", "Chi2n", "Chi2v", "Chi3n", "Chi3v", "Chi4n", "Chi4v", "EState_VSA1", "EState_VSA10", "EState_VSA11", "EState_VSA2", "EState_VSA3", "EState_VSA4", "EState_VSA5", "EState_VSA6", "EState_VSA7", "EState_VSA8", "EState_VSA9", "ExactMolWt", "FpDensityMorgan1", "FpDensityMorgan2", "FpDensityMorgan3", "FractionCSP3", "HallKierAlpha", "HeavyAtomCount", "HeavyAtomMolWt", "Ipc", "Kappa1", "Kappa2", "Kappa3", "LabuteASA", "MaxAbsEStateIndex", "MaxAbsPartialCharge", "MaxEStateIndex", "MaxPartialCharge", "MinAbsEStateIndex", "MinAbsPartialCharge", "MinEStateIndex", "MinPartialCharge", "MolMR", "MolWt", "NHOHCount", "NOCount", "NumAliphaticCarbocycles", "NumAliphaticHeterocycles", "NumAliphaticRings", "NumAromaticCarbocycles", "NumAromaticHeterocycles", "NumAromaticRings", "NumHAcceptors", "NumHDonors", "NumHeteroatoms", "NumRadicalElectrons", "NumRotatableBonds", "NumSaturatedCarbocycles", "NumSaturatedHeterocycles", "NumSaturatedRings", "NumValenceElectrons", "PEOE_VSA1", "PEOE_VSA10", "PEOE_VSA11", "PEOE_VSA12", "PEOE_VSA13", "PEOE_VSA14", "PEOE_VSA2", "PEOE_VSA3", "PEOE_VSA4", "PEOE_VSA5", "PEOE_VSA6", "PEOE_VSA7", "PEOE_VSA8", "PEOE_VSA9", "RingCount", "SMR_VSA1", "SMR_VSA10", "SMR_VSA2", "SMR_VSA3", "SMR_VSA4", "SMR_VSA5", "SMR_VSA6", "SMR_VSA7", "SMR_VSA8", "SMR_VSA9", "TPSA", "VSA_EState1", "VSA_EState10", "VSA_EState2", "VSA_EState3", "VSA_EState4", "VSA_EState5", "VSA_EState6", "VSA_EState7", "VSA_EState8", "VSA_EState9", "fr_Al_COO", "fr_Al_OH", "fr_Al_OH_noTert", "fr_ArN", "fr_Ar_COO", "fr_Ar_N", "fr_Ar_NH", "fr_Ar_OH", "fr_COO", "fr_COO2", "fr_C_O", "fr_C_O_noCOO", "fr_C_S", "fr_HOCCN", "fr_Imine", "fr_NH0", "fr_NH1", "fr_NH2", "fr_N_O", "fr_Ndealkylation1", "fr_Ndealkylation2", "fr_Nhpyrrole", "fr_SH", "fr_aldehyde", "fr_alkyl_carbamate", "fr_alkyl_halide", "fr_allylic_oxid", "fr_amide", "fr_amidine", "fr_aniline", "fr_aryl_methyl", "fr_azide", "fr_azo", "fr_barbitur", "fr_benzene", "fr_benzodiazepine", "fr_bicyclic", "fr_diazo", "fr_dihydropyridine", "fr_epoxide", "fr_ester", "fr_ether", "fr_furan", "fr_guanido", "fr_halogen", "fr_hdrzine", "fr_hdrzone", "fr_imidazole", "fr_imide", "fr_isocyan", "fr_isothiocyan", "fr_ketone", "fr_ketone_Topliss", "fr_lactam", "fr_lactone", "fr_methoxy", "fr_morpholine", "fr_nitrile", "fr_nitro", "fr_nitro_arom", "fr_nitro_arom_nonortho", "fr_nitroso", "fr_oxazole", "fr_oxime", "fr_para_hydroxylation", "fr_phenol", "fr_phenol_noOrthoHbond", "fr_phos_acid", "fr_phos_ester", "fr_piperdine", "fr_piperzine", "fr_priamide", "fr_prisulfonamd", "fr_pyridine", "fr_quatN", "fr_sulfide", "fr_sulfonamd", "fr_sulfone", "fr_term_acetylene", "fr_tetrazole", "fr_thiazole", "fr_thiocyan", "fr_thiophene", "fr_unbrch_alkane", "fr_urea", "qed"], "feature_length": 187, "n_tot": 4199, "train_percent": 0.8, "split_method": "RandomSplit", "n_train": 3360, "n_test": 839, "in_shape": 187, "param_grid": {"n_estimators": {"low": 100, "high": 2000, "prior": "uniform", "base": 10, "log_base": 1.0, "_name": null, "transform_": "identity"}, "max_features": {"categories": ["auto", "sqrt"], "_name": null, "transform_": "onehot", "prior": null, "prior_": [0.5, 0.5]}, "max_depth": {"low": 1, "high": 30, "prior": "uniform", "base": 10, "log_base": 1.0, "_name": null, "transform_": "identity"}, "min_samples_split": {"low": 2, "high": 30, "prior": "uniform", "base": 10, "log_base": 1.0, "_name": null, "transform_": "identity"}, "min_samples_leaf": {"low": 2, "high": 30, "prior": "uniform", "base": 10, "log_base": 1.0, "_name": null, "transform_": "identity"}, "bootstrap": {"categories": [true, false], "_name": null, "transform_": "onehot", "prior": null, "prior_": [0.5, 0.5]}}, "fit_params": null, "tune_algorithm_name": "BayesSearchCV", "cp_delta": 0.25833333333333336, "cp_n_best": 5, "params": {"bootstrap": true, "max_depth": 27, "max_features": "auto", "min_samples_leaf": 29, "min_samples_split": 26, "n_estimators": 218}, "cv_results": {"split0_test_score": [-1.3204534101741652, -1.155493375496263, -1.1429340012990505, -1.3082923170245546, -1.311653767280067], "split1_test_score": [-1.4078171352615787, -1.2166866662931433, -1.2273528798366566, -1.3919934627012793, -1.3916722201656913], "split2_test_score": [-1.2220724004690613, -1.129886654298312, -1.1397397952359534, -1.2037141156829732, -1.2052989241120016], "split3_test_score": [-1.318250744694989, -1.1121114834664072, -1.1177204306019417, -1.2945431489304255, -1.310101190712916], "split4_test_score": [-1.3076543630715871, -1.0901731760485842, -1.0925312488010757, -1.284909764398298, -1.3015438772365024], "mean_test_score": [-1.3152496107342762, -1.1408702711205418, -1.1440556711549357, -1.296690561747506, -1.3040539959014357], "std_test_score": [0.05889739082614635, 0.04354277003847961, 0.04540180810554318, 0.060008768936705086, 0.059211727239061644], "mean_fit_time": [9.022146844863892, 13.958594512939452, 119.0064214706421, 1.2720416069030762, 8.261616706848145], "std_fit_time": [0.1586226039299359, 0.21012600492044545, 1.8586262257148873, 0.012787936816261189, 0.1014613535686634], "mean_score_time": [0.04509458541870117, 0.012276411056518555, 0.049299764633178714, 0.01490936279296875, 0.07321968078613281], "std_score_time": [0.0009808545050019513, 0.00021461158045431438, 0.001447335559029715, 0.00016907643784966434, 0.0007182313630047355], "param_bootstrap": [false, true, false, true, true], "param_max_depth": [22, 27, 28, 6, 14], "param_max_features": ["sqrt", "auto", "auto", "sqrt", "sqrt"], "param_min_samples_leaf": [11, 29, 14, 24, 22], "param_min_samples_split": [21, 26, 7, 17, 27], "param_n_estimators": [887, 218, 962, 281, 1462], "rank_test_score": [5, 1, 2, 3, 4], "params": "[{'bootstrap': False, 'max_depth': 22, 'max_features': 'sqrt', 'min_samples_leaf': 11, 'min_samples_split': 21, 'n_estimators': 887}, {'bootstrap': True, 'max_depth': 27, 'max_features': 'auto', 'min_samples_leaf': 29, 'min_samples_split': 26, 'n_estimators': 218}, {'bootstrap': False, 'max_depth': 28, 'max_features': 'auto', 'min_samples_leaf': 14, 'min_samples_split': 7, 'n_estimators': 962}, {'bootstrap': True, 'max_depth': 6, 'max_features': 'sqrt', 'min_samples_leaf': 24, 'min_samples_split': 17, 'n_estimators': 281}, {'bootstrap': True, 'max_depth': 14, 'max_features': 'sqrt', 'min_samples_leaf': 22, 'min_samples_split': 27, 'n_estimators': 1462}]"}, "tune_time": 173.96146726608276, "predictions_stats": {"r2_raw": [0.4857838899158361, 0.48655059755257835, 0.48311218545079215, 0.4837907481576673, 0.487337226432516], "r2_avg": 0.48531492950187793, "r2_std": 0.0016131766426329829, "mse_raw": [0.7592340747221448, 0.7581020398602476, 0.7631788151292797, 0.7621769252258089, 0.7569405915156764], "mse_avg": 0.7599264892906314, "mse_std": 0.0023818364528337805, "rmse_raw": [0.8713403896997687, 0.8706905534460837, 0.8736010617720652, 0.8730274481514364, 0.8700233281445253], "rmse_avg": 0.8717365562427759, "rmse_std": 0.001365943123685391, "time_raw": [16.173622131347656, 16.454809188842773, 16.189844131469727, 16.245714902877808, 16.234331607818604], "time_avg": 16.259664392471315, "time_std": 0.10118890189604769}, "scaled_predictions_stats": {"r2_raw_scaled": [0.4857838899158361, 0.48655059755257823, 0.48311218545079215, 0.4837907481576673, 0.48733722643251587], "r2_avg_scaled": 0.48531492950187793, "r2_std_scaled": 0.001613176642632938, "mse_raw_scaled": [0.023124185640687987, 0.023089706966495427, 0.023244331604253033, 0.023213816788215748, 0.0230543324383675], "mse_avg_scaled": 0.02314527468760394, "mse_std_scaled": 7.25441996544235e-05, "rmse_raw_scaled": [0.15206638563695787, 0.151952976168601, 0.1524609182848281, 0.15236081119571315, 0.15183653196239533], "rmse_avg_scaled": 0.1521355246496991, "rmse_std_scaled": 0.00023838448929936414}}