,variable,importance
0,RingCount,0.13400910793321244
1,fr_COO2,0.11888980660859809
2,fr_COO,0.10074403828009416
3,PEOE_VSA13,0.045403254090283195
4,MinEStateIndex,0.04199215344777711
5,SMR_VSA7,0.041043428688437564
6,NumAromaticRings,0.03255823874096068
7,NHOHCount,0.03200346174507732
8,qed,0.027059362951098356
9,TPSA,0.024379728988574594
10,SMR_VSA10,0.023755921370994883
11,fr_halogen,0.020487375420979854
12,SMR_VSA3,0.017846479685805307
13,PEOE_VSA6,0.01725550562391145
14,FpDensityMorgan1,0.015191327632414401
15,MolMR,0.014873879898467893
16,VSA_EState5,0.010716743915782544
17,VSA_EState10,0.010471224821084263
18,VSA_EState6,0.010267386029568637
19,EState_VSA4,0.009006036740006378
20,SMR_VSA6,0.008691338448153526
21,BertzCT,0.00846751732520462
22,BalabanJ,0.008445778725757804
23,MaxPartialCharge,0.008441162251913732
24,VSA_EState4,0.008310505133320718
25,NumHDonors,0.008020659555149863
26,HallKierAlpha,0.007996448557157834
27,EState_VSA1,0.0074141438039938565
28,NumAliphaticHeterocycles,0.007009171219379745
29,PEOE_VSA7,0.006917929908075725
30,Kappa3,0.006085775492829058
31,VSA_EState7,0.0060498960175474755
32,EState_VSA7,0.0057635026815083595
33,VSA_EState1,0.004738734334337926
34,FractionCSP3,0.0045577177726128515
35,FpDensityMorgan2,0.004476547349635276
36,PEOE_VSA1,0.004397265201875114
37,PEOE_VSA3,0.004341127511068761
38,SMR_VSA5,0.0042877090480547275
39,EState_VSA3,0.004050521949325331
40,VSA_EState3,0.004027461582853353
41,fr_bicyclic,0.003988847223562442
42,VSA_EState2,0.0037492550342884292
43,EState_VSA9,0.0033723909297109947
44,SMR_VSA1,0.003097540266119431
45,FpDensityMorgan3,0.0030811531983025537
46,EState_VSA8,0.003011571713292478
47,MinPartialCharge,0.003006259624073181
48,PEOE_VSA2,0.0028581890274790066
49,Chi0v,0.002801803535166456
50,PEOE_VSA11,0.0027635726615057956
51,fr_Ar_N,0.0027012500465477636
52,HeavyAtomMolWt,0.0026705160045296023
53,EState_VSA6,0.002668467264474816
54,VSA_EState8,0.0026612491001407864
55,MaxAbsPartialCharge,0.002627689270790718
56,Kappa2,0.0025814939313176617
57,EState_VSA2,0.002473417519610014
58,MinAbsEStateIndex,0.002448960178894504
59,fr_aniline,0.0023943336741692254
60,NOCount,0.0023700882288026893
61,SMR_VSA9,0.002354562959559906
62,fr_NH2,0.0023409598874163814
63,PEOE_VSA10,0.0023391450893002204
64,PEOE_VSA8,0.002250727168797821
65,NumSaturatedHeterocycles,0.0022307886909736854
66,EState_VSA5,0.0021620025980763702
67,MinAbsPartialCharge,0.002017854713942261
68,Chi4v,0.001984201275869483
69,PEOE_VSA9,0.0018716563666067829
70,MaxEStateIndex,0.0017497686034969532
71,MaxAbsEStateIndex,0.001611067047737143
72,Chi2v,0.0016084240513450224
73,PEOE_VSA4,0.0015992934738232694
74,fr_NH0,0.0015862990550198817
75,VSA_EState9,0.0015859007763213918
76,PEOE_VSA12,0.0015088346922758154
77,NumRotatableBonds,0.0014678853955057208
78,fr_piperdine,0.0014629879635687454
79,Chi1,0.0014371030884435683
80,fr_benzene,0.001337715567635514
81,SMR_VSA4,0.001260084653370902
82,NumHAcceptors,0.0012271185002132826
83,NumAromaticCarbocycles,0.001224253783031883
84,Chi1n,0.0012122747513151596
85,EState_VSA10,0.0011950498797047165
86,Chi2n,0.0011532481939839356
87,Chi1v,0.0011425434687578962
88,PEOE_VSA14,0.0010500645971389978
89,ExactMolWt,0.0010324423795606175
90,Chi0n,0.0010134172061273005
91,Chi3v,0.0009888273258165559
92,Chi4n,0.0009504569618673418
93,MolWt,0.000855133671473093
94,fr_Ar_OH,0.0008468233717686828
95,Chi0,0.0008205502705072556
96,Kappa1,0.0007826105865567279
97,fr_unbrch_alkane,0.0007683113181337954
98,fr_pyridine,0.0006990901822333685
99,Chi3n,0.0005562767314833619
100,fr_NH1,0.0005509101302312982
101,fr_Al_COO,0.0004831444939626285
102,fr_Al_OH_noTert,0.00047794282079600535
103,NumHeteroatoms,0.00047665268354855515
104,fr_C_O,0.00047584122166315714
105,fr_ether,0.0004016398792458481
106,LabuteASA,0.0003859688343970379
107,NumAromaticHeterocycles,0.0003602601713467547
108,NumAliphaticRings,0.000346833691343074
109,fr_C_O_noCOO,0.00032967046735438377
110,NumValenceElectrons,0.00031854558172495986
111,fr_sulfonamd,0.0002635211504942858
112,fr_Ndealkylation1,0.00024343831694503265
113,NumAliphaticCarbocycles,0.00016532455073698667
114,fr_alkyl_halide,0.00015694505529581117
115,fr_amide,0.00015636343340905785
116,fr_methoxy,0.0001540317758602222
117,fr_Ar_COO,0.0001476629555603039
118,PEOE_VSA5,0.00014381856603389896
119,NumSaturatedRings,0.00013857349081307715
120,fr_nitrile,0.00013567293426681141
121,SMR_VSA2,0.0001180240692374469
122,fr_Ndealkylation2,0.0001019690679337553
123,fr_Al_OH,9.0884358196729e-05
124,fr_aryl_methyl,8.005225105016126e-05
125,fr_sulfide,7.501233530365015e-05
126,fr_phenol,4.098283570667754e-05
127,fr_phenol_noOrthoHbond,3.530464526747988e-05
128,HeavyAtomCount,3.0919720265340324e-05
129,NumSaturatedCarbocycles,2.69534975822562e-05
130,fr_ArN,1.7474703232070987e-05
131,fr_para_hydroxylation,1.0479096771200542e-05
132,fr_priamide,0.0
133,fr_thiophene,0.0
134,fr_morpholine,0.0
135,fr_thiocyan,0.0
136,fr_nitro,0.0
137,fr_nitro_arom,0.0
138,fr_thiazole,0.0
139,fr_nitro_arom_nonortho,0.0
140,fr_nitroso,0.0
141,fr_tetrazole,0.0
142,fr_oxazole,0.0
143,fr_oxime,0.0
144,fr_term_acetylene,0.0
145,fr_sulfone,0.0
146,fr_lactone,0.0
147,fr_quatN,0.0
148,fr_phos_acid,0.0
149,fr_phos_ester,0.0
150,fr_prisulfonamd,0.0
151,fr_piperzine,0.0
152,fr_lactam,0.0
153,Ipc,0.0
154,fr_ketone,0.0
155,SMR_VSA8,0.0
156,fr_Ar_NH,0.0
157,fr_C_S,0.0
158,fr_HOCCN,0.0
159,fr_Imine,0.0
160,NumRadicalElectrons,0.0
161,fr_N_O,0.0
162,fr_Nhpyrrole,0.0
163,fr_SH,0.0
164,fr_aldehyde,0.0
165,fr_alkyl_carbamate,0.0
166,fr_allylic_oxid,0.0
167,fr_amidine,0.0
168,EState_VSA11,0.0
169,fr_ketone_Topliss,0.0
170,fr_azide,0.0
171,fr_barbitur,0.0
172,fr_benzodiazepine,0.0
173,fr_diazo,0.0
174,fr_dihydropyridine,0.0
175,fr_urea,0.0
176,fr_ester,0.0
177,fr_furan,0.0
178,fr_guanido,0.0
179,fr_hdrzine,0.0
180,fr_hdrzone,0.0
181,fr_imidazole,0.0
182,fr_imide,0.0
183,fr_isocyan,0.0
184,fr_isothiocyan,0.0
185,fr_azo,0.0
186,fr_epoxide,0.0
