<?xml version="1.0" encoding="UTF-8" standalone="yes"?>
<DescriptorRegistry xmlns="http://www.qsardb.org/QDB">
    <Descriptor>
        <Id>D1</Id>
        <Name>Polarity parameter (AM1) / distance</Name>
        <Labels></Labels>
        <Cargos>values ucum</Cargos>
        <Application>QSARModel 3.7.0</Application>
    </Descriptor>
    <Descriptor>
        <Id>D2</Id>
        <Name>ALFA polarizability (DIP) (AM1)</Name>
        <Labels></Labels>
        <Cargos>values ucum</Cargos>
        <Application>QSARModel 3.7.0</Application>
    </Descriptor>
    <Descriptor>
        <Id>D3</Id>
        <Name>Max net atomic charge (AM1) for C atoms</Name>
        <Labels></Labels>
        <Cargos>values ucum</Cargos>
        <Application>QSARModel 3.7.0</Application>
    </Descriptor>
    <Descriptor>
        <Id>D4</Id>
        <Name>WNSA1 Weighted PNSA (PNSA1*TMSA/1000) (Zefirov)</Name>
        <Labels></Labels>
        <Cargos>values ucum</Cargos>
        <Application>QSARModel 3.7.0</Application>
    </Descriptor>
</DescriptorRegistry>
