<?xml version="1.0" encoding="UTF-8" standalone="yes"?>
<PropertyRegistry xmlns="http://www.qsardb.org/QDB">
    <Property>
        <Id>h50</Id>
        <Name>Impact sensitivity</Name>
        <Labels></Labels>
        <Cargos>values ucum bibtex</Cargos>
        <Endpoint>1. Physical Chemical Properties 1.21. Explosive Properties</Endpoint>
    </Property>
    <Property>
        <Id>log_h50</Id>
        <Name>Impact sensitivity as log h50%</Name>
        <Labels></Labels>
        <Cargos>values ucum bibtex</Cargos>
        <Endpoint>1. Physical Chemical Properties 1.21. Explosive Properties</Endpoint>
    </Property>
</PropertyRegistry>
